id,doc,section,claim,status,evidence,owner,target,note
C1,運用・移行設計書,§2（21行）,対象は人事・総務の社内規程（就業規則・経費規程・旅費規程）についての従業員の質問。経理の個別の精算処理（特定の申請の承認状況など）の質問は対象外,方針,,,doc,
C2,運用・移行設計書,§2（23行）,現行は総務課の担当者2名が社内チャットで手で回答し、問い合わせは月約600件（2026年7月）,参考値,原文「月約600件（2026年7月の実績）」,,doc,原文は実績と記載するが集計の出所が無いので参考値
C3,運用・移行設計書,§2（25行）,ボットによる自動回答を導入する,方針,,,doc,原文は「様々な観点から検討した結果…望ましいと考えられる」。ヘッジを外した。決めた人と日付が無いので方針
C4,運用・移行設計書,§3（29行）・§5（63行）,ボットは規程の文書から回答案を作り、回答の根拠となる条文を必ず表示する。根拠となる条文を示せない質問は総務課の担当者へ回す（「担当者へ」）,方針,,,doc,63行は29行の前半と同じ文
C5,運用・移行設計書,§3（31行）・§5（61行）,自動で回答する根拠条文の類似度の閾値,未決,,原文の作成者,doc,原文の矛盾: 31行「0.75以上は自動で回答し、0.75未満は担当者へ」と61行「0.8以上の場合に限り自動で回答」。片方に統一していない。決め方は本人に確認
C6,運用・移行設計書,§4.1（43行）,総務課は「担当者へ」回された質問に回答する,方針,,,doc,回答期限は C20
C7,運用・移行設計書,§4.1（43行）,総務課はボットの回答のうち毎日20件を抜き取って確認する,方針,,,doc,
C8,運用・移行設計書,§4.1（43行）・§8（87行）,総務課の確認作業は1日30分,想定,,,doc,原文は「想定（未実測）」。87行は43行と同じ文
C9,運用・移行設計書,§4.1（45行）・§8（表）,情報システム課はボットの稼働状況を監視し、通知に対応する,方針,,,doc,45行と §8 の表が同じ内容
C10,運用・移行設計書,§4.1（45行）・§8（表）,外部ベンダーは回答モデルと検索の設定を調整する,方針,,,doc,45行と §8 の表が同じ内容。承認と戻し方は C24
C11,運用・移行設計書,§8（表）,総務課は規程を更新する,方針,,,doc,原文 §4.3 の題も「規程の更新」だが、索引の作り直し（C14）を総務課がするとは書いていない（C23）
C12,運用・移行設計書,§4.2（49行）,「担当者へ」の割合が週次で40%を超えた場合は情報システム課に通知する,方針,,,doc,合格条件の30%（C15）との関係は原文に無い（報告に回した）
C13,運用・移行設計書,§4.2（51行）,障害が発生したときに誰が何をするか,未決,,情報システム課（仮）,doc,仮。原文は「迅速かつ適切に対応する」だけ。決め方は本人に確認
C14,運用・移行設計書,§4.3（55行）,規程を改定した場合は改定日から3営業日以内に検索の索引を作り直す,方針,,,doc,作り直す担当は原文に無い（C23）
C15,運用・移行設計書,§6（67行）,評価用の質問300件で誤回答率が2%以下、かつ担当者へ回す割合が30%以下であれば全社に公開する,方針,,,doc,誤回答率の判定方法と判定者は原文に無い
C16,運用・移行設計書,§6（69行）,現行（人手）の誤回答率は約3%（目安。2026年10月に再集計する）,参考値,原文「約3%である（目安。2026年10月に再集計する）」,,doc,実績と書かない
C17,運用・移行設計書,§7（75行）,試行は総務課の中だけで1か月行い、その後全社に公開する,想定,,,doc,順序は原文の方針、1か月は想定（原文「期間は想定であり、確約ではない」）
C18,運用・移行設計書,§9（93行）,質問文に含まれる社員番号はログに保存する前に伏せる。ログの保存期間は1年,方針,,,doc,
C19,運用・移行設計書,§9（91行）,社員番号を伏せることとログの保存期間のほかに要るセキュリティの対策,未決,,情報システム課（仮）,doc,仮。原文は「セキュリティには万全を期す必要がある」だけ。決め方は本人に確認
C20,運用・移行設計書,§10（97行）,「担当者へ」回した質問の回答期限,未決,,総務課長,doc,原文の未決（総務課長が決める）。決め方は原文に無く本人に確認
C21,運用・移行設計書,§10（99行）,要件の詳細の所在,未決,,原文の作成者,doc,原文は「要件の詳細は §12 を参照」だが §12 は無い（章は §11 まで。2026-10-02 に照合）。決め方は本人に確認
C22,レビュー（2026-10-02）,§6（67行）・§7（75行）,全社公開を判定する人と、合格条件を満たさないときの扱い,未決,,総務課長（仮）,doc,仮。原文に無い穴のうち判断に関わるもの。決め方は本人に確認
C23,レビュー（2026-10-02）,§4.3（55行）・§8（表）,検索の索引を作り直す担当,未決,,総務課長（仮）,none,仮。原文に無い穴（担当の無い作業）。設計書には載せず報告に回した（設計書 §3 は「索引の作り直しを含むかは不明」と書く）
C24,レビュー（2026-10-02）,§4.1（45行）・§3（31行）,閾値・回答モデル・検索の設定を変えるときの承認と戻し方,未決,,情報システム課（仮）,none,仮。原文に無い穴（変更の単位に閾値が入っていない）。設計書には載せず報告に回した
