id,title,author,source,license
8686eab647d91373,American White Pelican,Jeff B,https://www.flickr.com/photos/jeff83180/5752566419,https://creativecommons.org/licenses/by/2.0/
695370cebf894d9c,"parc Jarry, Montréal",abdallahh,https://www.flickr.com/photos/husseinabdallah/2815919599,https://creativecommons.org/licenses/by/2.0/
3ed17afe543150c4,Red-breasted Merganser,jphillipobrien2006,https://www.flickr.com/photos/yojimbot/8575145293,https://creativecommons.org/licenses/by/2.0/
10894df53c0511c5,3 cygnets,Steve Hooton,https://www.flickr.com/photos/forestwildlife/4864532224,https://creativecommons.org/licenses/by/2.0/
7893d77d259811aa,I went looking for ducks,Jess Pac,https://www.flickr.com/photos/7174132@N05/4056246879,https://creativecommons.org/licenses/by/2.0/
1126bfa675ca7034,P6190090,Adam Raoof,https://www.flickr.com/photos/adamraoof/20320785/,https://creativecommons.org/licenses/by/2.0/
49770a400ec6c9c9,Nikon D7000 + Prime 50 mm 1.4,Hassan,https://www.flickr.com/photos/southwest_photographer/5889074166,https://creativecommons.org/licenses/by/2.0/
a2e1a9d58b3e9cdd,Duck on glass,Suvodeb Banerjee,https://www.flickr.com/photos/suvodeb/3236459986,https://creativecommons.org/licenses/by/2.0/
21086afedd53661f,Duck,*higetiger,https://www.flickr.com/photos/higetiger/4039152170,https://creativecommons.org/licenses/by/2.0/
d21534a1cca6ec2d,Rosy-billed Pochard,Vince Smith,https://www.flickr.com/photos/vsmithuk/301348573,https://creativecommons.org/licenses/by/2.0/
6316d3987b2b9502,skúfönd?,Elma,https://www.flickr.com/photos/24710622@N05/3710476662,https://creativecommons.org/licenses/by/2.0/
d17a90592428389b,ancient #freegan seapunks,j bizzie,https://www.flickr.com/photos/k9d/8725869419,https://creativecommons.org/licenses/by/2.0/
90878cabafcac286,IMG_8255,Pat Hawks,https://www.flickr.com/photos/pathawks/4348100268,https://creativecommons.org/licenses/by/2.0/
4530f437df660afe,Duck at the Harbourfront,veggiefrog,https://www.flickr.com/photos/veggiefrog/2561115927,https://creativecommons.org/licenses/by/2.0/
2d04149c7868f90f,Canard au lac des castors,abdallahh,https://www.flickr.com/photos/husseinabdallah/2094153163,https://creativecommons.org/licenses/by/2.0/
9b937440dcea91aa,common loon with fish,devra,https://www.flickr.com/photos/minicooper93402/5611848027,https://creativecommons.org/licenses/by/2.0/
11520a5f881bfead,Quack,Brett Neilson,https://www.flickr.com/photos/brettneilson/2063503425,https://creativecommons.org/licenses/by/2.0/
b9ef26bb7cd796cc,blue morph snow goose,Alek-z,https://www.flickr.com/photos/alekzelbo/5503224450,https://creativecommons.org/licenses/by/2.0/
9a19e11a54922234,Red-necked Grebe,Eric Ellingson,https://www.flickr.com/photos/ericellingson/15229598253,https://creativecommons.org/licenses/by/2.0/
aca6645d590aa23f,Geese in Lake Michigan,Yinan Chen,https://www.flickr.com/photos/archbob/10858908306,https://creativecommons.org/licenses/by/2.0/
cf3537cf45b56934,Puffin,geopungo,https://www.flickr.com/photos/36319440@N05/4172010040/,https://creativecommons.org/licenses/by/2.0/
0e3f27ec08b8fe08,Canards attendant d'être laqués,Caroline Léna Becker,https://www.flickr.com/photos/27892629@N04/9479495376,https://creativecommons.org/licenses/by/2.0/
75798b9525b6d72c,Gannets Courting at Muriwai Gannet Colony.,Lynda,https://www.flickr.com/photos/27948818@N05/16446789431,https://creativecommons.org/licenses/by/2.0/
22f324973b904ee9,IMG_2213,Sergey Zhirnov,https://www.flickr.com/photos/dj_fat/15046817277,https://creativecommons.org/licenses/by/2.0/
577a17c2b7862705,Ring Billed Gull 2,Amy,https://www.flickr.com/photos/shouldbecleaning/118405982,https://creativecommons.org/licenses/by/2.0/
0684331f4f9579e8,WWT Castle Espie,Robbie Atkinson,https://www.flickr.com/photos/32572549@N07/3364428903/,https://creativecommons.org/licenses/by/2.0/
a594ea8253504802,Duckling in Rowntrees Park,andy,https://www.flickr.com/photos/andyspicturesurl/3485965093,https://creativecommons.org/licenses/by/2.0/
679a5e597d44671f,IMG_2398,Ian Roberts,https://www.flickr.com/photos/borgendorf/14447466787,https://creativecommons.org/licenses/by/2.0/
bfdd3df591001b36,Swimming Ducks,Steve Betts,https://www.flickr.com/photos/sbetts/4688937913,https://creativecommons.org/licenses/by/2.0/
931ef9223bface40,Gadwall,Phil Parker,https://www.flickr.com/photos/45131642@N00/3250282580,https://creativecommons.org/licenses/by/2.0/
af871960a1db0981,Mallard,Tristan Ferne,https://www.flickr.com/photos/tristanf/3958819517,https://creativecommons.org/licenses/by/2.0/
bc5f9eb43ec8b361,Untitled,Mike Cattell,https://www.flickr.com/photos/mikecattell/9598141110,https://creativecommons.org/licenses/by/2.0/
d883ca6326d3378d,Cute little duck,GuilhemD,https://www.flickr.com/photos/gduprat/2273451543,https://creativecommons.org/licenses/by/2.0/
ab9758e7c313796f,_MG_4255,Jaro Larnos,https://www.flickr.com/photos/jlarnos/9790922474,https://creativecommons.org/licenses/by/2.0/
0b515c095d334a56,Un canard...,Julien Magne,https://www.flickr.com/photos/julienmagne/5850014011,https://creativecommons.org/licenses/by/2.0/
80a7d9f11e4cb8d1,Just Ducky,Kathryn Powell,https://www.flickr.com/photos/kapowe/3733639906,https://creativecommons.org/licenses/by/2.0/
6fda116c58b23aef,Sony a 33 alpha tamron 55-200 3,djandrea.enet,https://www.flickr.com/photos/djandrea/5034700872/,https://creativecommons.org/licenses/by/2.0/
64e48b07e9a2add5,Untitled,kattestrophe,https://www.flickr.com/photos/kattestrophe/762460772,https://creativecommons.org/licenses/by/2.0/
3bf985c5f7e90b7d,Coot,Red Junasun,https://www.flickr.com/photos/redjunasun/6277283232,https://creativecommons.org/licenses/by/2.0/
7b33023972cfcd17,# Splish splash I was takin' a bath .... #,James Rickwood,https://www.flickr.com/photos/jams_123/2250410726,https://creativecommons.org/licenses/by/2.0/
87680f2be10f1729,28SRDTrumpeter,USDA Forest Service Alaska Region,https://www.flickr.com/photos/alaska_region/8522885927,https://creativecommons.org/licenses/by/2.0/
eb1b1ae30dfe0859,Parque De Ferrera,amateur photography by michel,https://www.flickr.com/photos/119886413@N05/19449021886,https://creativecommons.org/licenses/by/2.0/
37de185fc6bdc338,Οι ταξιδιώτες της λίμνης,Christos Loufopoulos,https://www.flickr.com/photos/ophilos/3892515976,https://creativecommons.org/licenses/by/2.0/
6cdc010aa9c2624d,Cisne Negro - Temaiken,Sergio Aguirre,https://www.flickr.com/photos/sergiodjt/2312422861,https://creativecommons.org/licenses/by/2.0/
8b17a8c79a847ff2,Good couple,Balasubramanya H.R.,https://www.flickr.com/photos/inchara/153170045,https://creativecommons.org/licenses/by/2.0/
9856bd4e230ed3d8,Black Swan,S Khan,https://www.flickr.com/photos/skhan/5009613577,https://creativecommons.org/licenses/by/2.0/
48cd1b412ccdf54e,Sylvan Heights Bird Park,Patrick Mueller,https://www.flickr.com/photos/pmuellr/7228489484/,https://creativecommons.org/licenses/by/2.0/
131358d138ec97ef,Flamingo's Nap,Hamed Saber,https://www.flickr.com/photos/hamed/123719713,https://creativecommons.org/licenses/by/2.0/
f1ae1faef61bd9dd,Un lago negro,alfonsobenayas,https://www.flickr.com/photos/alfonso015/449523030,https://creativecommons.org/licenses/by/2.0/
2d23fba3f4a9074b,Swan,Jo Garbutt,https://www.flickr.com/photos/jo_garbutt/16904094054,https://creativecommons.org/licenses/by/2.0/
119d707a575b7721,Dscn1378,Hunter Desportes,https://www.flickr.com/photos/hdport/3375610395,https://creativecommons.org/licenses/by/2.0/
de6fcaa82966e367,We Have Lift Off,Iain A Wanless,https://www.flickr.com/photos/reemul/7827044506,https://creativecommons.org/licenses/by/2.0/
abdeda0f7dd07f97,Black Swan on the Lake at Claremont,Alistair Young,https://www.flickr.com/photos/ajy/144157013,https://creativecommons.org/licenses/by/2.0/
3e88ae5c0de2872d,one step ahead,Mariella,https://www.flickr.com/photos/bluesardiniaholidays/14709498083,https://creativecommons.org/licenses/by/2.0/
9800d0700da8ac65,black swans,&gt;littleyiye&lt;,https://www.flickr.com/photos/little_yiye/3864365011/,https://creativecommons.org/licenses/by/2.0/
66f12bfc93bb8738,Logic Counterexample,Anders Sandberg,https://www.flickr.com/photos/arenamontanus/1358621253,https://creativecommons.org/licenses/by/2.0/
938f8abef76f872e,Black Swan,Inga Vitola,https://www.flickr.com/photos/360around/9377869952,https://creativecommons.org/licenses/by/2.0/
c30fbf9fe5fd93df,Snow Goose,Andy Reago &amp; Chrissy McClarren,https://www.flickr.com/photos/wildreturn/8483096107,https://creativecommons.org/licenses/by/2.0/
62439d385f495f5f,Schwan_3747rt,Stefan Munder,https://www.flickr.com/photos/insmu74/3251601806,https://creativecommons.org/licenses/by/2.0/
be8173d112c28ad1,Jardim Botânico - Porto Alegre/RS (2014),Eliezer Pedroso,https://www.flickr.com/photos/eliezerpedroso/15635891737,https://creativecommons.org/licenses/by/2.0/
e514df7b32e4bedd,Oca,Victor Hermida Prada,https://www.flickr.com/photos/hermidaprada/2474885858,https://creativecommons.org/licenses/by/2.0/
8605276bc8175e01,Goldeneye Duck on Lake Estes in CO,defendersenews,https://www.flickr.com/photos/defendersenews/3381919247,https://creativecommons.org/licenses/by/2.0/
08be9f62482fa5cf,We Haz Swans #helford #swans #instagram #iphoneography,Wapster,https://www.flickr.com/photos/wapster/8296909178,https://creativecommons.org/licenses/by/2.0/
0a411d151f978818,Black Swan,btwashburn,https://www.flickr.com/photos/btwashburn/5923630360,https://creativecommons.org/licenses/by/2.0/
619f3c085189aa88,025,Olly Scott,https://www.flickr.com/photos/ollyscott/15018904175,https://creativecommons.org/licenses/by/2.0/
c0e40e8ea92c8509,swan,EvelynGiggles,https://www.flickr.com/photos/evelynishere/5300163159,https://creativecommons.org/licenses/by/2.0/
a10b7c91b182c028,Two black swans,Luca Venturi,https://www.flickr.com/photos/30456664@N03/6716859837,https://creativecommons.org/licenses/by/2.0/
498ae254e1ce2c98,Australian Coot,James Niland,https://www.flickr.com/photos/bareego/13601227595,https://creativecommons.org/licenses/by/2.0/
4e7dce2a7f094a23,P8171091,michaelfranks6,https://www.flickr.com/photos/realcsi/2776115666,https://creativecommons.org/licenses/by/2.0/
262fb67efc614885,IMG_0628,Greg Schechter,https://www.flickr.com/photos/gregthebusker/749759925,https://creativecommons.org/licenses/by/2.0/
ab57afdde12e221d,Cranes in Stereo,John Fowler,https://www.flickr.com/photos/snowpeak/5429027517,https://creativecommons.org/licenses/by/2.0/
14df12f60d409fab,Black Swan,Lisa Williams,https://www.flickr.com/photos/pixellou/5017008010,https://creativecommons.org/licenses/by/2.0/
f758015f7db0f35a,Geese on a lake 3,darrenleno,https://www.flickr.com/photos/38767031@N00/6903210706,https://creativecommons.org/licenses/by/2.0/
33e727b4af267632,Black Swan - Cygnus atratus,Dhruvaraj S,https://www.flickr.com/photos/dhruvaraj/2981110898,https://creativecommons.org/licenses/by/2.0/
19f33b3b7c4168ad,Australian Black Swan,Marit &amp; Toomas Hinnosaar,https://www.flickr.com/photos/hinnosaar/3939747190,https://creativecommons.org/licenses/by/2.0/
310275a7da893e8c,POTD 2014-03-07 - Common Mergansers flying up the Charles River in Waltham,Bill  Damon,https://www.flickr.com/photos/billdamon/12995011884,https://creativecommons.org/licenses/by/2.0/
63321f1973f5cce9,London,gniliep,https://www.flickr.com/photos/lifeofpei/2003903390,https://creativecommons.org/licenses/by/2.0/
e622d2cf834e64dd,Swan,sneakerdog,https://www.flickr.com/photos/sneakerdog/2783899520,https://creativecommons.org/licenses/by/2.0/
4c516d3fc321727e,Under Dad's watchfull eyes!!,Chad Sparkes,https://www.flickr.com/photos/chad_sparkes/13858663875,https://creativecommons.org/licenses/by/2.0/
a2fb635c4cc59ff2,CNV00009,Dave Whiting,https://www.flickr.com/photos/mo0kid/6947133002,https://creativecommons.org/licenses/by/2.0/
571160c940815e53,Eddie,nickodoherty,https://www.flickr.com/photos/nick-od/3893138920,https://creativecommons.org/licenses/by/2.0/
4631bc67b2c4d160,Turkey Coast Guard Beach,NatureFramingham,https://www.flickr.com/photos/natureframingham/5032364098,https://creativecommons.org/licenses/by/2.0/
8f59384bb64449cd,すごいのきたっ。,se7en,https://www.flickr.com/photos/hm7/5022825438,https://creativecommons.org/licenses/by/2.0/
a7f3a9c71758110c,Untuk ku menyambut Christmas ni nyam nyam,Maurina Rara,https://www.flickr.com/photos/maurina/8624517770,https://creativecommons.org/licenses/by/2.0/
497a4a5c148680f1,Las Opiniones del Gallo,Amio Cajander,https://www.flickr.com/photos/10209472@N03/4566954313,https://creativecommons.org/licenses/by/2.0/
e3960e74324f46cb,Chicken,Ryndon Ricks,https://www.flickr.com/photos/ryndon/15084630328,https://creativecommons.org/licenses/by/2.0/
c53d078aa61d496a,Bob and Hazel,macinate,https://www.flickr.com/photos/macinate/1901902073,https://creativecommons.org/licenses/by/2.0/
16e942cd3f23c02f,Portfolio photo,Wilfred de Kok,https://www.flickr.com/photos/wilfreddekok/9554981778,https://creativecommons.org/licenses/by/2.0/
0a8a5aa471796fd5,O Rey do Jaliñeiro,Miguel Balles Teros,https://www.flickr.com/photos/faustografia/8548198871,https://creativecommons.org/licenses/by/2.0/
02a0f2858f27a7ba,Bird,dvs,https://www.flickr.com/photos/dvs/86163827,https://creativecommons.org/licenses/by/2.0/
831fa26d4faa2df0,dsc_6029,Curtis Anderson,https://www.flickr.com/photos/gleepy/7049118853,https://creativecommons.org/licenses/by/2.0/
e4f3c6e01c8e79df,Mathilda-Huhn,Cornelia Kopp,https://www.flickr.com/photos/47283811@N06/8420298452,https://creativecommons.org/licenses/by/2.0/
52ae7e28296af990,Cock,Newtown grafitti,https://www.flickr.com/photos/newtown_grafitti/5501679949,https://creativecommons.org/licenses/by/2.0/
fefe38527ef461ea,Bawk!,tubafil,https://www.flickr.com/photos/pbulsink/7330545038,https://creativecommons.org/licenses/by/2.0/
eb9c0dc5ca3ea626,Idiot,yosser,https://www.flickr.com/photos/yosser/5417750601,https://creativecommons.org/licenses/by/2.0/
e357fd0819eee2d4,chicken little,littlefishyjes,https://www.flickr.com/photos/littlefishyjes/2734622882,https://creativecommons.org/licenses/by/2.0/
800cac348495765c,Cockrel - Kakas,Paul  White,https://www.flickr.com/photos/paul_white/6781977218,https://creativecommons.org/licenses/by/2.0/
fc77ba1448296df1,29,мвaу,https://www.flickr.com/photos/11802664@N05/15636754822,https://creativecommons.org/licenses/by/2.0/
f0a8b1d9fc15bf40,Chicken,*higetiger,https://www.flickr.com/photos/higetiger/2756126749,https://creativecommons.org/licenses/by/2.0/
d7d9657728147e9e,Poultry headbutt,Green Garden Girl,https://www.flickr.com/photos/gardengreengirl/3417500804,https://creativecommons.org/licenses/by/2.0/
f77cb9608197b6b3,DSC_4685,David Precious,https://www.flickr.com/photos/bigpresh/14060689019,https://creativecommons.org/licenses/by/2.0/
2f9d7db0b288fb7b,Turkey,Tim Schofield,https://www.flickr.com/photos/foxtree1/17344237212,https://creativecommons.org/licenses/by/2.0/
066f4e7245ffecad,Fragmento 18,Jorge Elías,https://www.flickr.com/photos/italintheheart/8021984978,https://creativecommons.org/licenses/by/2.0/
7678a54a84218df7,DSC_8411-1,kuhnmi,https://www.flickr.com/photos/31176607@N05/14212718981,https://creativecommons.org/licenses/by/2.0/
be3e49b80af4e60c,WP_001164,Craig Murphy,https://www.flickr.com/photos/craigmurphy/7344405426,https://creativecommons.org/licenses/by/2.0/
6063972a8e6fd41f,Aldo à la tombée de la nuit,Jean-Jacques Abalain,https://www.flickr.com/photos/domainededrogant/8702035811,https://creativecommons.org/licenses/by/2.0/
0913fbf6fa5c190e,A Hen,Smabs Sputzer,https://www.flickr.com/photos/10413717@N08/3111304051,https://creativecommons.org/licenses/by/2.0/
9b6bc9e000ae3caa,Rooster,Michael Pedersen,https://www.flickr.com/photos/46289172@N04/4450667569,https://creativecommons.org/licenses/by/2.0/
65ed6abdf15bb5bb,Poultry Workshop,Alachua County,https://www.flickr.com/photos/alachuacounty/20111454874,https://creativecommons.org/licenses/by/2.0/
3d9a01738500589d,Roasted pastured turkey,Kim Knoch,https://www.flickr.com/photos/nourishingcook/8210351914,https://creativecommons.org/licenses/by/2.0/
a32cce8eeb69898b,Pit Fighter,Solomonic,https://www.flickr.com/photos/solomonic/4355803216,https://creativecommons.org/licenses/by/2.0/
7a4e1b285944b27f,Easter Legger!,normanack,https://www.flickr.com/photos/29278394@N00/9681739674,https://creativecommons.org/licenses/by/2.0/
8c67f6e6c2ca8a6d,Cock,Kalle Gustafsson,https://www.flickr.com/photos/kallegustafsson/5866854319,https://creativecommons.org/licenses/by/2.0/
f1c2c28fa05387f6,Jungle fowl,Hafiz Issadeen,https://www.flickr.com/photos/yimhafiz/4187577158,https://creativecommons.org/licenses/by/2.0/
2d7984e98028c7a4,TFL Chicken,Arnold Gatilao,https://www.flickr.com/photos/arndog/15727742416,https://creativecommons.org/licenses/by/2.0/
eff33846a38be402,Country Chicken,sung ming whang,https://www.flickr.com/photos/smwhang/3678526564,https://creativecommons.org/licenses/by/2.0/
e74990a1ca28e590,bantams,dr_lukanov,https://www.flickr.com/photos/40753435@N03/3776869041,https://creativecommons.org/licenses/by/2.0/
ff3a45fce6a841b5,IMG_3020.jpg,Paul Reynolds,https://www.flickr.com/photos/bigtallguy/7054996667,https://creativecommons.org/licenses/by/2.0/
133f872b2512b109,Broileritila,Oikeutta Eläimille,https://www.flickr.com/photos/oikeuttaelaimille/14092381050,https://creativecommons.org/licenses/by/2.0/
70e6c76dad29e20a,Angry Rooster,Christopher Craig,https://www.flickr.com/photos/kriztofor/3253758933,https://creativecommons.org/licenses/by/2.0/
51cdfa8fd8839900,Terminator the Peregrine (Falco peregrinus)♀,Benjamin Smith,https://www.flickr.com/photos/twiztedminds/7375411388,https://creativecommons.org/licenses/by/2.0/
aa4706abffc45dba,Osprey in flight,Mark  Gunn,https://www.flickr.com/photos/mark-gunn/14490341483,https://creativecommons.org/licenses/by/2.0/
9cdeecd5920a0f95,"Verreaux's Eagle. Black Eagle, Aquila verreauxii, at Walter Sisulu National Botanical Garden, Gauteng, South Africa",Derek Keats,https://www.flickr.com/photos/dkeats/19583407276,https://creativecommons.org/licenses/by/2.0/
b2a369f311184a17,Volando sobre el ala,Anztowa,https://www.flickr.com/photos/7404931@N05/5394447924,https://creativecommons.org/licenses/by/2.0/
093a4861abe6e023,Falcon zooming around,Richard Jones,https://www.flickr.com/photos/richard_jones/1883648749,https://creativecommons.org/licenses/by/2.0/
35ffc5ae3507035a,Wildlife Category 1st Place,USFWSmidwest,https://www.flickr.com/photos/usfwsmidwest/8183140859,https://creativecommons.org/licenses/by/2.0/
ce01ae7cb44af146,cóndor,polmuadi,https://www.flickr.com/photos/polmuadi/2488418442,https://creativecommons.org/licenses/by/2.0/
25e466b8dca5dddf,Weißkopfadler - bald eagle,Cornelia Kopp,https://www.flickr.com/photos/47283811@N06/14988823761,https://creativecommons.org/licenses/by/2.0/
7967f24f32f144f7,Hawk hovering,andy,https://www.flickr.com/photos/andyspicturesurl/3945769678,https://creativecommons.org/licenses/by/2.0/
a5709a50c97818d5,Common Buzzard,Paul Lucas,https://www.flickr.com/photos/8269539@N04/19591670512,https://creativecommons.org/licenses/by/2.0/
c2a32c9dd1169fc0,White Bellied Sea Eagle,Gopal Vijayaraghavan,https://www.flickr.com/photos/t3rmin4t0r/5560225043,https://creativecommons.org/licenses/by/2.0/
d1e3ae6f91bdeada,Young Bald Eagle over Lake Yahola,Frank Boston,https://www.flickr.com/photos/fixersphotos/3525430008,https://creativecommons.org/licenses/by/2.0/
becaac06da800421,Flight stages,Alex Indigo,https://www.flickr.com/photos/alexindigo/2123521595,https://creativecommons.org/licenses/by/2.0/
9fd3e2ed1ae7a13d,Bald Eagle,USFWSmidwest,https://www.flickr.com/photos/usfwsmidwest/5609970172,https://creativecommons.org/licenses/by/2.0/
fc64b58ebeebfa43,Bald Eagle,Mary Thompson,https://www.flickr.com/photos/naturalmary63/15775122833,https://creativecommons.org/licenses/by/2.0/
dd1f975882f332b8,Swainsons Hawk in flight,California Department of Fish and Wildlife,https://www.flickr.com/photos/californiadfg/19745585662,https://creativecommons.org/licenses/by/2.0/
aa12329f61ef0178,Osprey flying,GalgenTX,https://www.flickr.com/photos/galgentx/5380454968,https://creativecommons.org/licenses/by/2.0/
1e07548d6a2038fb,"Black Kite near Miho, Japan",Jerry Gunner,https://www.flickr.com/photos/13722921@N06/5220432874,https://creativecommons.org/licenses/by/2.0/
8c036c7641349cdb,Egyptian Vulture,Peter Wilton,https://www.flickr.com/photos/pwilt/16285987225,https://creativecommons.org/licenses/by/2.0/
e65abbedd961c095,Soaring 1,Peter Kaminski,https://www.flickr.com/photos/peterkaminski/14746172,https://creativecommons.org/licenses/by/2.0/
d9d59b11275d852f,Kite,Dhruvaraj S,https://www.flickr.com/photos/dhruvaraj/2242569422,https://creativecommons.org/licenses/by/2.0/
aa692f0ae143f853,mockingbird mobs crow: frame 2,schizoform,https://www.flickr.com/photos/schizoform/41649163,https://creativecommons.org/licenses/by/2.0/
89764e8a2196a96b,Osprey Flyover,Larry Smith,https://www.flickr.com/photos/lsmith2010/8643868866,https://creativecommons.org/licenses/by/2.0/
70470f22b97eb2a0,hawk,Dawn Huczek,https://www.flickr.com/photos/31064702@N05/3906295363,https://creativecommons.org/licenses/by/2.0/
d48327bf728668f4,black kite 3,adrianalexalexander,https://www.flickr.com/photos/adrianalexalexander/19738729722,https://creativecommons.org/licenses/by/2.0/
25880c4f38d01747,U of M Raptor Release - Red Tailed Hawk,Nina Hale,https://www.flickr.com/photos/94693506@N00/257466316,https://creativecommons.org/licenses/by/2.0/
6ff2c2bcde2f7fda,Birda,sheilapic76,https://www.flickr.com/photos/53344659@N05/4979031952,https://creativecommons.org/licenses/by/2.0/
d84b26c3865bec24,IMG_0696,Steve,https://www.flickr.com/photos/fromoutofthevalley/14982210927,https://creativecommons.org/licenses/by/2.0/
b8ae160e232ae746,Santa Rosa Island,edward stojakovic,https://www.flickr.com/photos/akasped/14223423703,https://creativecommons.org/licenses/by/2.0/
738f7976aad78b43,Eagle,Jan Fidler,https://www.flickr.com/photos/hypotekyfidler/16694238291,https://creativecommons.org/licenses/by/2.0/
2b4d16e4ea02e35d,XOKA1754s,Phuket@photographer.net,https://www.flickr.com/photos/linvoyage/16463088579,https://creativecommons.org/licenses/by/2.0/
c3aa64f1d22bfdc9,Nesting Osprey with Young,Barry Peters,https://www.flickr.com/photos/barrypeters/3666397958/,https://creativecommons.org/licenses/by/2.0/
78e1d763746e5d6d,Spring Hawks,Rick Cooper,https://www.flickr.com/photos/randa/3340953695,https://creativecommons.org/licenses/by/2.0/
c76a6767f20fa1a1,D8E_6563 Pandion haliaetus Osprey Fiskgjuse,Bengt Nyman,https://www.flickr.com/photos/bnsd/17405637471,https://creativecommons.org/licenses/by/2.0/
5949fb3499bfc24f,condor macho,Cristian Ordenes,https://www.flickr.com/photos/rastachango/2048114341,https://creativecommons.org/licenses/by/2.0/
c53ae1a7738642ec,Broad-winged Hawk #1,leppyone,https://www.flickr.com/photos/leppyone/3218506239,https://creativecommons.org/licenses/by/2.0/
626afde82efd5d24,Northern Harrier,tuchodi,https://www.flickr.com/photos/tuchodi/4546220213,https://creativecommons.org/licenses/by/2.0/
2b9145475b5819fd,copia - dsc_0054_copia,giasco,https://www.flickr.com/photos/giasco/4800747721,https://creativecommons.org/licenses/by/2.0/
3c47a23eb4113f52,Eagle3,Smarterlam,https://www.flickr.com/photos/smarterlam/141840454/in/pool-rebelxtbr,https://creativecommons.org/licenses/by/2.0/
ced985062019a770,Black Vulture 2,Jackie Finn-Irwin,https://www.flickr.com/photos/jfinnirwin/6495360937,https://creativecommons.org/licenses/by/2.0/
2787515f33e2c576,Barred Owl,Theodore Scott,https://www.flickr.com/photos/theodorescott/14215030144,https://creativecommons.org/licenses/by/2.0/
102e9fefe472e7a4,WR - Great Horned Owl 4,Virginia State Parks,https://www.flickr.com/photos/vastateparksstaff/5761398799,https://creativecommons.org/licenses/by/2.0/
1253baf5755d43aa,"Go ahead, make my day...",Edwin van Buuringen,https://www.flickr.com/photos/edwinvanbuuringen/7124296421,https://creativecommons.org/licenses/by/2.0/
cfd05d52023c3f39,Tutt stretches his wings,Kansas City District U.S. Army Corps of Engineers,https://www.flickr.com/photos/usace-kcd/7215282826,https://creativecommons.org/licenses/by/2.0/
74d45770decc34dc,Fierce,dee &amp; tula monstah,https://www.flickr.com/photos/deel/18020219672,https://creativecommons.org/licenses/by/2.0/
515d048fd43ce0e3,Kattuggla / Tawny Owl,Stefan Berndtsson,https://www.flickr.com/photos/sbern/8528980622,https://creativecommons.org/licenses/by/2.0/
cf4d9196b8c8eb67,You did what?!,Nic Trott,https://www.flickr.com/photos/nikon_nic/8680825238,https://creativecommons.org/licenses/by/2.0/
2f94574558ff818b,Barred Owl,Adam Baker,https://www.flickr.com/photos/atbaker/119452336,https://creativecommons.org/licenses/by/2.0/
a41ed1c897cbf871,Florida Burrowing Owl,Brandon Trentler,https://www.flickr.com/photos/btrentler/13954486536,https://creativecommons.org/licenses/by/2.0/
7c1a196cd9acf80a,Coruja-Buraqueira (Burrowing Owl),paulisson miura,https://www.flickr.com/photos/paulisson_miura/14879504425,https://creativecommons.org/licenses/by/2.0/
997bec7c6ad8191a,Uhu,Fabrice Koch,https://www.flickr.com/photos/daphonque/1555414792,https://creativecommons.org/licenses/by/2.0/
2a46f0ccf23b929d,0077981-r1-029-13.jpg,dragonseye,https://www.flickr.com/photos/dragonblog/162519560,https://creativecommons.org/licenses/by/2.0/
d03d874fc50190c3,Okehampton (35),jeffowenphotos,https://www.flickr.com/photos/jeffowenphoto/4724196493/,https://creativecommons.org/licenses/by/2.0/
d08bbb32144db9dc,Barred Owl,terren in Virginia,https://www.flickr.com/photos/8136496@N05/2186042363,https://creativecommons.org/licenses/by/2.0/
97325eb9038e2ffc,Turning Heads,USFS Region 5,https://www.flickr.com/photos/usfsregion5/8427894580,https://creativecommons.org/licenses/by/2.0/
798ab561787c12e9,Horned Owl,Adrian Paine,https://www.flickr.com/photos/changeable_fate/9594891762,https://creativecommons.org/licenses/by/2.0/
5e00a27bcfecf3f1,Merry Christmas!,Koshy Koshy,https://www.flickr.com/photos/kkoshy/8301382289,https://creativecommons.org/licenses/by/2.0/
3955d7a1a7d23543,Skansen utflykt,Björn Falkevik,https://www.flickr.com/photos/bjornfalkevik/4301569961,https://creativecommons.org/licenses/by/2.0/
ca35215b2acd3391,CIMG6043,Yatmandu,https://www.flickr.com/photos/yatmandu/3735621454,https://creativecommons.org/licenses/by/2.0/
9bd9b85cc4112608,Great Grey Owl,Tony Austin,https://www.flickr.com/photos/tonyaustin/4008969588,https://creativecommons.org/licenses/by/2.0/
b74008e3c4a7538c,Frogmouth Owl,Daniela,https://www.flickr.com/photos/witchesfallscottages/14177227819,https://creativecommons.org/licenses/by/2.0/
5cf29a3ca4f13e3d,Owl,Miguel Mendez,https://www.flickr.com/photos/flynn_nrg/9007435759,https://creativecommons.org/licenses/by/2.0/
017ae4de3271e9a9,IMG_6819,Peter &#x27;Hobbit&#x27; Wilkinson,https://www.flickr.com/photos/betapete/10809722294,https://creativecommons.org/licenses/by/2.0/
c7c1644758fe5702,26_04_ 10193,Luca Antonello Podenzani,https://www.flickr.com/photos/lucapode/14082859363,https://creativecommons.org/licenses/by/2.0/
bf3d7e4f38b1dee6,Snowy Owl Landing,Tony Hisgett,https://www.flickr.com/photos/hisgett/6446942815,https://creativecommons.org/licenses/by/2.0/
408fdbf30979ba84,Barred Owl 2,Ken McMillan,https://www.flickr.com/photos/kamcmillan/5801054632,https://creativecommons.org/licenses/by/2.0/
d7e0ec4b33b640ae,Schnee-Eule 3,Heiko S.,https://www.flickr.com/photos/craxler/5338942186,https://creativecommons.org/licenses/by/2.0/
c5bc34d05faef8e5,great horned owl,Art Poskanzer,https://www.flickr.com/photos/posk/7640608566,https://creativecommons.org/licenses/by/2.0/
d7da5f50c3e9d0f7,Great Grey Owl,Steve K,https://www.flickr.com/photos/16927804@N07/8858601104,https://creativecommons.org/licenses/by/2.0/
8ac75cbdc47a677d,Untitled,Bruna cs,https://www.flickr.com/photos/nabruuc/12069308343,https://creativecommons.org/licenses/by/2.0/
2bc6fded1a1ff77f,Owl,Kevin Jones,https://www.flickr.com/photos/kj-an/2161153738,https://creativecommons.org/licenses/by/2.0/
93e6f5738fd86cb7,Aguia,Miguel Balles Teros,https://www.flickr.com/photos/faustografia/8793124604,https://creativecommons.org/licenses/by/2.0/
5442a2e57242aa85,Awl,Christopher Michel,https://www.flickr.com/photos/cmichel67/16149871213,https://creativecommons.org/licenses/by/2.0/
99e08b610e2120d1,Little Owl Closeup,Ashraf Kotb,https://www.flickr.com/photos/ashrafkotb/14280667828,https://creativecommons.org/licenses/by/2.0/
22cbd7a80ea2537e,_BRK5207,Boris Kasimov,https://www.flickr.com/photos/kasio69/19812089685,https://creativecommons.org/licenses/by/2.0/
ea2e711ccea55c06,Tecolote,pato garza,https://www.flickr.com/photos/pato_garza/364775116,https://creativecommons.org/licenses/by/2.0/
ceea92eb9e3f8cda,Eurasian Eagle-Owl (Bubo bubo),big-ashb,https://www.flickr.com/photos/big-ashb/15799751064,https://creativecommons.org/licenses/by/2.0/
bd8d29aa14d9c43b,Elf Owl,T-Town Photo Booth,https://www.flickr.com/photos/roadhunter/2585200778,https://creativecommons.org/licenses/by/2.0/
368ee2d0f494078f,Owl,fw42,https://www.flickr.com/photos/fw42/6178509001,https://creativecommons.org/licenses/by/2.0/
cdbdcb64d5e25fb9,Audubon Owl,Kristine Paulus,https://www.flickr.com/photos/kpaulus/6134758752,https://creativecommons.org/licenses/by/2.0/
cabfd628f9a1b0c1,La parte de atrás de la Huertana,AlCortés,https://www.flickr.com/photos/7500103@N06/3905959844,https://creativecommons.org/licenses/by/2.0/
b5abdef3d9746d2c,Parrot,mynikfoto,https://www.flickr.com/photos/mynikfoto/8087096382,https://creativecommons.org/licenses/by/2.0/
c0b23dd901381461,Untitled,poppet with a camera,https://www.flickr.com/photos/infobunny/7983095926/,https://creativecommons.org/licenses/by/2.0/
97d2415988be9d32,Behind Bars,fly,https://www.flickr.com/photos/butterflysha/80306126,https://creativecommons.org/licenses/by/2.0/
9ba77b7e2198e30a,Rainbow Lorikeets,Selena N. B. H.,https://www.flickr.com/photos/moonlightbulb/15219642386,https://creativecommons.org/licenses/by/2.0/
085f62e2375ab7ed,King Parrot,Adam Kent,https://www.flickr.com/photos/akent/3052154772,https://creativecommons.org/licenses/by/2.0/
595698f498e1b662,IMG_3035,lobo235,https://www.flickr.com/photos/lobo235/76156031,https://creativecommons.org/licenses/by/2.0/
e06df4a5b5f1b57d,ピーちゃん,tanakawho,https://www.flickr.com/photos/28481088@N00/526031934,https://creativecommons.org/licenses/by/2.0/
870bece713d2c252,Her Name is Max,Jesús Rodriguez,https://www.flickr.com/photos/39907732@N00/215874332,https://creativecommons.org/licenses/by/2.0/
7d1641471e71b5ae,Himalyan Verditer Flycatcher (Eumyias thalassinus),nbu2012,https://www.flickr.com/photos/89378621@N06/8464027591,https://creativecommons.org/licenses/by/2.0/
4128721bd6e3fe2e,5.18 (13),osseous,https://www.flickr.com/photos/osseous/2524068439,https://creativecommons.org/licenses/by/2.0/
5467dc4019314117,"Johnny, my new roommate",marc falardeau,https://www.flickr.com/photos/49889874@N05/19310311101,https://creativecommons.org/licenses/by/2.0/
903292bcc49dc7ed,our green parrots,John Lambert Pearson,https://www.flickr.com/photos/orphanjones/2163155413,https://creativecommons.org/licenses/by/2.0/
23b727efedb677cf,Untitled,Josh Aggars,https://www.flickr.com/photos/londonlaunchpad/6105188014,https://creativecommons.org/licenses/by/2.0/
a99d522cfc0cbc41,Royal National Park - 29,Kyle Taylor,https://www.flickr.com/photos/kyletaylor/4494900501,https://creativecommons.org/licenses/by/2.0/
2712b5963ba3d82d,"Lagos Zoo, Portugal",Paul Wilkinson,https://www.flickr.com/photos/eepaul/20518313088,https://creativecommons.org/licenses/by/2.0/
49f093a5b0eba52e,Daphne Thinks,Alan Levine,https://www.flickr.com/photos/cogdog/5342563386,https://creativecommons.org/licenses/by/2.0/
0b0e46b5683b443f,Punky,amyramoon,https://www.flickr.com/photos/amyramoon/5405912224,https://creativecommons.org/licenses/by/2.0/
1d3124577c71de1d,セキセインコ,たくちゃん ２０１２,https://www.flickr.com/photos/78812071@N05/7753129430,https://creativecommons.org/licenses/by/2.0/
bd1c20acc6724198,Colorful Bird,DJRphoto36,https://www.flickr.com/photos/drphoto36/5495929763,https://creativecommons.org/licenses/by/2.0/
baba0850c6bd916c,Finch,Jack Versloot,https://www.flickr.com/photos/jackversloot/389023865,https://creativecommons.org/licenses/by/2.0/
2e143c06d049b3e4,Paradise Wildlife Park,Claire Smith,https://www.flickr.com/photos/designbyclaire/5947263229,https://creativecommons.org/licenses/by/2.0/
257796f717b2e40b,Perroquet blancs,Stephane Mignon,https://www.flickr.com/photos/topsteph53/9719308354,https://creativecommons.org/licenses/by/2.0/
9fcba17c3636e71c,DSCN1440,resascup,https://www.flickr.com/photos/resascup/461379332/,https://creativecommons.org/licenses/by/2.0/
20c63228df57c6d9,Rainbow Lorikeet (Trichoglossus haematodus),lostandcold,https://www.flickr.com/photos/lostandcold/8751986847,https://creativecommons.org/licenses/by/2.0/
8fa38e1ea44355a6,Musk Lorikeet,Hasitha Tudugalle,https://www.flickr.com/photos/hasitha_tudugalle/7609149590,https://creativecommons.org/licenses/by/2.0/
9c9f89a98aa217f7,Rainbow Lorikeets Feeding,Opals-On-Black.com,https://www.flickr.com/photos/opals-on-black/4597443742,https://creativecommons.org/licenses/by/2.0/
7a5529050cb5cffb,Bird House,angela n.,https://www.flickr.com/photos/aon/8242474997,https://creativecommons.org/licenses/by/2.0/
cfdf64f6f66e32ec,Long Billed Corella's,Aaron206,https://www.flickr.com/photos/31457945@N07/13080337743,https://creativecommons.org/licenses/by/2.0/
e59f51eff0652074,lil lost birdo,kevin,https://www.flickr.com/photos/believekevin/6773705850,https://creativecommons.org/licenses/by/2.0/
35a5bceb42d99bd1,Pretty Bird!,Alan Levine,https://www.flickr.com/photos/cogdog/8186502287,https://creativecommons.org/licenses/by/2.0/
10fba3ec1125f370,MALDIVES Olhuveli Beach & Spa Resort,Frédéric Le Quéré,https://www.flickr.com/photos/127383042@N07/15049624637,https://creativecommons.org/licenses/by/2.0/
c0e1f5d03e3eaa68,john-spade-bird-4300,John Spade,https://www.flickr.com/photos/john-spade/6312347387,https://creativecommons.org/licenses/by/2.0/
8a5fa02ea9a10a3b,IMG_2004,John Lamb,https://www.flickr.com/photos/johnlamb/2544123151,https://creativecommons.org/licenses/by/2.0/
58bb116b80019307,_DSC1179,mat&#x27;s eye,https://www.flickr.com/photos/matte0ne/4682355557,https://creativecommons.org/licenses/by/2.0/
7e52a251c93ff76f,04032009(025),Nawaz91,https://www.flickr.com/photos/nawazgerbils/3328266418,https://creativecommons.org/licenses/by/2.0/
e850039bc5eb5134,Parrot,iamNigelMorris,https://www.flickr.com/photos/34639903@N03/3292256607/,https://creativecommons.org/licenses/by/2.0/
43c96cfb69f41f3a,Fat,The sleeping lion,https://www.flickr.com/photos/thesleepinglion/8379978134,https://creativecommons.org/licenses/by/2.0/
749efa9bb08a3515,"Parrot Jungle, Miami",Humberto Moreno,https://www.flickr.com/photos/azuquin/5232806047,https://creativecommons.org/licenses/by/2.0/
07f0faab58f2a31e,Cockatoos are so scared of me,Rob Growler,https://www.flickr.com/photos/robgrowler/5707996217,https://creativecommons.org/licenses/by/2.0/
