id,true,true_ja,old,old_ja,old_prob,new,new_ja,new_prob
baf2b5be541ca4d0,Sheep,羊,Sheep,羊,0.9708,Sheep,羊,0.9992
5f8987c72f9b3b21,Sheep,羊,Sheep,羊,0.5843,Goat,ヤギ,0.9822
13ee91a9369e648d,Sheep,羊,Deer,鹿,0.5592,Goat,ヤギ,0.6963
65c0b6996cd9938b,Sheep,羊,Sheep,羊,0.8381,Alpaca,アルパカ,0.5377
c38c052cc853f301,Sheep,羊,Sheep,羊,0.8858,Sheep,羊,0.9948
8ea35a37efbcb91a,Sheep,羊,Sheep,羊,0.9852,Sheep,羊,0.9922
194f812bc0f9dceb,Sheep,羊,Sheep,羊,0.4781,Sheep,羊,0.7670
a4cc2604756725d6,Sheep,羊,Sheep,羊,0.8862,Sheep,羊,0.9656
4b628115bbe657a0,Sheep,羊,Sheep,羊,0.8962,Sheep,羊,1.0000
1f11a2e3e7406e39,Sheep,羊,Sheep,羊,0.8994,Sheep,羊,0.9994
bb344550466c5b2e,Sheep,羊,Cattle,牛,0.6219,Goat,ヤギ,0.6881
04f7503bc5b28f83,Sheep,羊,Sheep,羊,0.8608,Sheep,羊,0.9313
787e16215ee8b6c0,Sheep,羊,Sheep,羊,0.9943,Sheep,羊,0.9999
5d7b05501e1b3a62,Sheep,羊,Sheep,羊,0.9103,Sheep,羊,0.9893
7e902f3410673d62,Sheep,羊,Sheep,羊,0.9809,Sheep,羊,0.9992
e6cb3db8bffb3251,Sheep,羊,Sheep,羊,0.9446,Sheep,羊,0.7150
ac5a4420790e24de,Sheep,羊,Deer,鹿,0.9231,Deer,鹿,0.9515
aa4f488c6d0ee3a3,Sheep,羊,Sheep,羊,0.9589,Sheep,羊,0.9998
ebbc5c3c4b35bedd,Sheep,羊,Sheep,羊,0.5533,Sheep,羊,0.9893
ee33b330415a814f,Sheep,羊,Sheep,羊,0.9942,Sheep,羊,0.9936
5c46432f977c05d6,Sheep,羊,Cattle,牛,0.6038,Sheep,羊,0.6644
288f117ace624a04,Sheep,羊,Sheep,羊,0.8441,Sheep,羊,0.9949
b1e53a2ce61df1cb,Sheep,羊,Sheep,羊,0.9837,Sheep,羊,0.9677
551c0b7c90957c23,Sheep,羊,Sheep,羊,0.6992,Sheep,羊,0.6908
560895c0379efcd1,Sheep,羊,Sheep,羊,0.9626,Sheep,羊,1.0000
c7c9081044eb18a8,Sheep,羊,Sheep,羊,0.9339,Sheep,羊,0.9958
13117867bc5fc705,Sheep,羊,Sheep,羊,0.9443,Sheep,羊,0.9928
f5d935c8fd3ef252,Sheep,羊,Sheep,羊,0.8614,Sheep,羊,0.9971
671d445304ea942d,Sheep,羊,Sheep,羊,0.9720,Sheep,羊,0.7439
f462a8897c96f952,Sheep,羊,Cattle,牛,0.5591,Sheep,羊,0.6646
fcf6ae6d7dd09345,Sheep,羊,Sheep,羊,0.9590,Sheep,羊,0.9620
2fbda9ba5e960bc8,Sheep,羊,Sheep,羊,0.8698,Sheep,羊,0.9460
88324a89cbaed5d0,Sheep,羊,Sheep,羊,0.9766,Sheep,羊,0.9042
f1e5875520627dfe,Sheep,羊,Sheep,羊,0.9644,Sheep,羊,0.9993
dfa0dea2c65a2025,Sheep,羊,Sheep,羊,0.8631,Sheep,羊,0.9785
b7a8871342d498d9,Sheep,羊,Sheep,羊,0.9879,Sheep,羊,0.9998
017fdd2b45d070bf,Sheep,羊,Sheep,羊,0.8233,Sheep,羊,0.9264
4eb2c72a6ea1cd4f,Sheep,羊,Sheep,羊,0.9093,Goat,ヤギ,0.8546
dd54644e27a965a8,Sheep,羊,Sheep,羊,0.9828,Sheep,羊,0.9897
576ac414c675d27d,Sheep,羊,Sheep,羊,0.9668,Sheep,羊,0.9084
cd5ce87adc68bef2,Goat,ヤギ,Goat,ヤギ,0.3399,Goat,ヤギ,0.8146
509aa3225f2b460d,Goat,ヤギ,Goat,ヤギ,0.9282,Goat,ヤギ,0.9826
78a98dcc91cace3b,Goat,ヤギ,Deer,鹿,0.7885,Goat,ヤギ,0.9649
851c43ad70d10f45,Goat,ヤギ,Cattle,牛,0.6290,Sheep,羊,0.5680
153d164e827a6716,Goat,ヤギ,Goat,ヤギ,0.8023,Sheep,羊,0.6847
420781f846e31998,Goat,ヤギ,Goat,ヤギ,0.7196,Goat,ヤギ,0.5335
305f026be486e7de,Goat,ヤギ,Goat,ヤギ,0.6110,Goat,ヤギ,0.9916
a18e8e19cd9b698d,Goat,ヤギ,Deer,鹿,0.9157,Deer,鹿,0.8732
fb653d0bb921bb0d,Goat,ヤギ,Deer,鹿,0.9537,Deer,鹿,0.9287
51c14491dd8f589c,Goat,ヤギ,Goat,ヤギ,0.8674,Goat,ヤギ,0.9707
a7178fd3617c42bc,Goat,ヤギ,Sheep,羊,0.4433,Alpaca,アルパカ,0.6443
db8056c96b9c83a1,Goat,ヤギ,Goat,ヤギ,0.5157,Sheep,羊,0.6626
dfe574fae44eb66b,Goat,ヤギ,Goat,ヤギ,0.5278,Sheep,羊,0.6664
5806672761e3a840,Goat,ヤギ,Deer,鹿,0.9884,Deer,鹿,0.9246
41f666db2257e015,Goat,ヤギ,Deer,鹿,0.8285,Goat,ヤギ,0.9169
75d5b2d21ff9fd97,Goat,ヤギ,Goat,ヤギ,0.3487,Goat,ヤギ,0.9915
a42286b32fb8b99a,Goat,ヤギ,Goat,ヤギ,0.8153,Goat,ヤギ,0.9694
55311cf721c5f2e6,Goat,ヤギ,Goat,ヤギ,0.4757,Sheep,羊,0.8869
ff12cbd2dff942b2,Goat,ヤギ,Goat,ヤギ,0.9174,Goat,ヤギ,0.9673
e662a562f784d93c,Goat,ヤギ,Goat,ヤギ,0.5961,Sheep,羊,0.6485
40003df857c97972,Goat,ヤギ,Goat,ヤギ,0.9057,Goat,ヤギ,0.9626
3b4bc34797729d1d,Goat,ヤギ,Goat,ヤギ,0.5442,Goat,ヤギ,0.7890
7a89b4fc43ee7c13,Goat,ヤギ,Deer,鹿,0.8887,Deer,鹿,0.9918
fcf89fb114596adf,Goat,ヤギ,Goat,ヤギ,0.3406,Goat,ヤギ,0.9882
7217537d27457d2d,Goat,ヤギ,Goat,ヤギ,0.7094,Goat,ヤギ,0.9813
be9ccb3ecebbcc09,Goat,ヤギ,Deer,鹿,0.4333,Deer,鹿,0.9501
b1416101ba3f1ec5,Goat,ヤギ,Goat,ヤギ,0.9461,Goat,ヤギ,0.9106
00dbabf445242ba3,Goat,ヤギ,Goat,ヤギ,0.9260,Goat,ヤギ,0.9929
77e8894c31c69e65,Goat,ヤギ,Goat,ヤギ,0.9302,Goat,ヤギ,0.9846
d18d2266bd34518a,Goat,ヤギ,Goat,ヤギ,0.8337,Goat,ヤギ,0.9881
659930c803700986,Goat,ヤギ,Goat,ヤギ,0.8274,Cattle,牛,0.4751
0af497431132df18,Goat,ヤギ,Deer,鹿,0.7413,Goat,ヤギ,0.8749
a2112872708ebfd5,Goat,ヤギ,Goat,ヤギ,0.6459,Goat,ヤギ,0.5853
4a51f8dd244cd303,Goat,ヤギ,Deer,鹿,0.8543,Goat,ヤギ,0.9298
68d16e7efbb42509,Goat,ヤギ,Cattle,牛,0.7270,Goat,ヤギ,0.8542
f70c40ea63bec82d,Goat,ヤギ,Sheep,羊,0.5876,Goat,ヤギ,0.9979
cc6b583a6ebf4fd0,Goat,ヤギ,Deer,鹿,0.6713,Deer,鹿,0.5284
bd871cfa3b03e1ae,Goat,ヤギ,Deer,鹿,0.8381,Goat,ヤギ,0.7916
d4d91a285942921a,Goat,ヤギ,Deer,鹿,0.9158,Goat,ヤギ,0.8213
241670ce818d0745,Goat,ヤギ,Cattle,牛,0.5028,Horse,馬,0.5520
bd61f87a6a94a2fb,Alpaca,アルパカ,Alpaca,アルパカ,0.9936,Alpaca,アルパカ,0.9999
b4bafb2e09da4b14,Alpaca,アルパカ,Alpaca,アルパカ,0.9984,Alpaca,アルパカ,0.9999
0a5e8d559aa5d680,Alpaca,アルパカ,Alpaca,アルパカ,0.9940,Alpaca,アルパカ,0.9999
0889d6e03b2c4ecc,Alpaca,アルパカ,Alpaca,アルパカ,0.9934,Alpaca,アルパカ,0.9999
0b2a2c061ef16759,Alpaca,アルパカ,Alpaca,アルパカ,0.9454,Alpaca,アルパカ,0.8542
4150b5e0bc88f7ee,Alpaca,アルパカ,Alpaca,アルパカ,0.9379,Alpaca,アルパカ,0.9740
ecd10c4f262d152e,Alpaca,アルパカ,Alpaca,アルパカ,0.9761,Alpaca,アルパカ,0.9998
053608552d63f724,Alpaca,アルパカ,Alpaca,アルパカ,0.9798,Alpaca,アルパカ,0.9944
075e8ff2794191fa,Alpaca,アルパカ,Alpaca,アルパカ,0.8320,Alpaca,アルパカ,0.6432
a8d4760c4d49ee5f,Alpaca,アルパカ,Alpaca,アルパカ,0.8863,Alpaca,アルパカ,0.9664
f90b4b189fecd09b,Alpaca,アルパカ,Alpaca,アルパカ,0.9853,Alpaca,アルパカ,0.9993
0ea961cbe041f639,Alpaca,アルパカ,Alpaca,アルパカ,0.9970,Alpaca,アルパカ,0.9996
cf8bd5209eda2a5a,Alpaca,アルパカ,Alpaca,アルパカ,0.9701,Alpaca,アルパカ,0.9173
5f80748842c58b3e,Alpaca,アルパカ,Alpaca,アルパカ,0.9957,Alpaca,アルパカ,0.9994
544923b6d4046dd3,Alpaca,アルパカ,Alpaca,アルパカ,0.9902,Alpaca,アルパカ,0.9966
971304ff17e37b65,Alpaca,アルパカ,Alpaca,アルパカ,0.9927,Alpaca,アルパカ,0.9998
b29a220e817da2fd,Alpaca,アルパカ,Alpaca,アルパカ,0.9300,Alpaca,アルパカ,0.9844
9e4870c836d5daae,Alpaca,アルパカ,Alpaca,アルパカ,0.9843,Alpaca,アルパカ,0.9997
5deabc7b0320a80e,Alpaca,アルパカ,Alpaca,アルパカ,0.9211,Alpaca,アルパカ,0.9876
2edec2d690f64034,Alpaca,アルパカ,Alpaca,アルパカ,0.9809,Alpaca,アルパカ,0.9929
722ff4a54a167ba2,Alpaca,アルパカ,Alpaca,アルパカ,0.9965,Alpaca,アルパカ,0.9999
b61229f8854538e3,Alpaca,アルパカ,Alpaca,アルパカ,0.9846,Alpaca,アルパカ,0.9889
2c6af9b53f4cb15a,Alpaca,アルパカ,Alpaca,アルパカ,0.9905,Alpaca,アルパカ,0.9970
127968dbb456d863,Alpaca,アルパカ,Alpaca,アルパカ,0.9542,Alpaca,アルパカ,0.9591
bc49577db306563b,Alpaca,アルパカ,Alpaca,アルパカ,0.9950,Alpaca,アルパカ,0.9999
7e6b70d191f6b3aa,Alpaca,アルパカ,Alpaca,アルパカ,0.9901,Alpaca,アルパカ,0.9999
a82606e8da066756,Alpaca,アルパカ,Alpaca,アルパカ,0.7642,Alpaca,アルパカ,0.4146
c794832a9813e695,Alpaca,アルパカ,Alpaca,アルパカ,0.9988,Alpaca,アルパカ,1.0000
9bb8fd51ad6846e9,Alpaca,アルパカ,Alpaca,アルパカ,0.9952,Alpaca,アルパカ,0.9981
69b3d46933afff69,Alpaca,アルパカ,Alpaca,アルパカ,0.9816,Alpaca,アルパカ,0.9978
09e382a83978039b,Alpaca,アルパカ,Alpaca,アルパカ,0.9832,Alpaca,アルパカ,0.9921
daa523b3df824223,Alpaca,アルパカ,Alpaca,アルパカ,0.9983,Alpaca,アルパカ,0.9961
ec522d35b7604195,Alpaca,アルパカ,Alpaca,アルパカ,0.9923,Alpaca,アルパカ,1.0000
dd540f697b77bb63,Alpaca,アルパカ,Alpaca,アルパカ,0.9305,Alpaca,アルパカ,0.8816
8811ee4474b12bf2,Alpaca,アルパカ,Alpaca,アルパカ,0.9904,Alpaca,アルパカ,0.9988
fbf4c262c4baf7af,Alpaca,アルパカ,Alpaca,アルパカ,0.9510,Alpaca,アルパカ,0.9862
479241827b4e9f60,Alpaca,アルパカ,Alpaca,アルパカ,0.9806,Alpaca,アルパカ,0.9974
4070490bee08c5ab,Alpaca,アルパカ,Alpaca,アルパカ,0.5808,Alpaca,アルパカ,0.8749
934fefcfc1347d49,Alpaca,アルパカ,Alpaca,アルパカ,0.9577,Alpaca,アルパカ,0.9811
c641bca7036b10a4,Alpaca,アルパカ,Alpaca,アルパカ,0.9985,Alpaca,アルパカ,1.0000
d007975d2ac54453,Deer,鹿,Deer,鹿,0.9546,Deer,鹿,1.0000
2ca535b72d95a2a0,Deer,鹿,Deer,鹿,0.9578,Deer,鹿,0.9368
a650ae14f4be40d9,Deer,鹿,Deer,鹿,0.9695,Deer,鹿,0.9222
4ff9f0b5f553f590,Deer,鹿,Goat,ヤギ,0.4325,Goat,ヤギ,0.8235
25e8ffb2fc84264d,Deer,鹿,Deer,鹿,0.9755,Deer,鹿,0.8809
d6636c181f01092f,Deer,鹿,Deer,鹿,0.9634,Deer,鹿,0.9646
79604104dc670b06,Deer,鹿,Deer,鹿,0.9817,Deer,鹿,0.9599
86d61d5206c3fdfc,Deer,鹿,Deer,鹿,0.9809,Deer,鹿,0.9998
c4886da45c299351,Deer,鹿,Deer,鹿,0.9572,Deer,鹿,0.9571
e677b9fbbe0897a4,Deer,鹿,Deer,鹿,0.8420,Deer,鹿,0.9996
7d8db5ea59d8d5a7,Deer,鹿,Deer,鹿,0.9782,Deer,鹿,1.0000
152512b00e390e03,Deer,鹿,Deer,鹿,0.9823,Deer,鹿,0.9930
fb6a4c0e90331f58,Deer,鹿,Deer,鹿,0.9721,Deer,鹿,0.6268
a27a4f2aa277ff52,Deer,鹿,Deer,鹿,0.9764,Deer,鹿,0.6895
89814cd6bfc7d5b3,Deer,鹿,Deer,鹿,0.9974,Deer,鹿,0.9849
41dd2d7531b5e9c3,Deer,鹿,Deer,鹿,0.9613,Deer,鹿,0.9834
982370c1fa8dfa5c,Deer,鹿,Deer,鹿,0.7998,Deer,鹿,0.8486
bba443efc42d285e,Deer,鹿,Deer,鹿,0.9793,Deer,鹿,0.9998
f7fedc553fce21a5,Deer,鹿,Deer,鹿,0.9859,Deer,鹿,1.0000
f7704c870d359f3d,Deer,鹿,Deer,鹿,0.9962,Deer,鹿,0.9830
70e3788824a4b997,Deer,鹿,Deer,鹿,0.9913,Deer,鹿,0.7128
37a50d548ba9fd34,Deer,鹿,Deer,鹿,0.9958,Deer,鹿,0.9999
a70eaa511819c27f,Deer,鹿,Deer,鹿,0.7550,Deer,鹿,0.8963
1732c35c867514a3,Deer,鹿,Deer,鹿,0.7860,Deer,鹿,0.9990
d40162b1e31eaf62,Deer,鹿,Deer,鹿,0.6494,Deer,鹿,0.9935
bbef8a90b2da2ad8,Deer,鹿,Deer,鹿,0.8781,Deer,鹿,0.9999
98395592d014cd4b,Deer,鹿,Deer,鹿,0.9890,Deer,鹿,0.9958
13226f111302a199,Deer,鹿,Deer,鹿,0.9751,Deer,鹿,0.9870
bf565b452aa53e89,Deer,鹿,Deer,鹿,0.9960,Deer,鹿,0.9965
e9f9b6258df3cbf3,Deer,鹿,Deer,鹿,0.9719,Deer,鹿,0.9996
de9b8a28d013da76,Deer,鹿,Deer,鹿,0.9991,Deer,鹿,0.9986
84ad51d586a5fdcb,Deer,鹿,Deer,鹿,0.8912,Deer,鹿,0.9999
fbaf43f516edade4,Deer,鹿,Deer,鹿,0.9624,Deer,鹿,0.9994
fa5de43462910548,Deer,鹿,Deer,鹿,0.4826,Goat,ヤギ,0.6379
12c3ba21efdb1c12,Deer,鹿,Deer,鹿,0.9987,Deer,鹿,0.8424
54fd0a4958cbc9f8,Deer,鹿,Cattle,牛,0.7135,Deer,鹿,0.4549
aa8fecf00c40efc2,Deer,鹿,Deer,鹿,0.8727,Deer,鹿,1.0000
91cbd5359a81e30b,Deer,鹿,Deer,鹿,0.9971,Deer,鹿,0.8863
093fe1cde0ec8eff,Deer,鹿,Deer,鹿,0.9656,Deer,鹿,0.9997
9fbac609d6a760d7,Deer,鹿,Deer,鹿,0.9936,Deer,鹿,0.8189
f36578445371ad52,Cattle,牛,Cattle,牛,0.9988,Cattle,牛,1.0000
31704c4bf3f82eae,Cattle,牛,Cattle,牛,0.9897,Cattle,牛,0.9956
6e6f4713ba2e1b03,Cattle,牛,Cattle,牛,0.9950,Cattle,牛,0.9697
9085b1c48bc921ad,Cattle,牛,Cattle,牛,0.9904,Cattle,牛,0.9883
821fdbeca42a98a1,Cattle,牛,Cattle,牛,0.9928,Cattle,牛,0.9996
2e548b13352f4127,Cattle,牛,Cattle,牛,0.9981,Cattle,牛,0.9237
25a0c0e84422bae2,Cattle,牛,Cattle,牛,0.9985,Cattle,牛,0.9677
7da4e355186ce058,Cattle,牛,Cattle,牛,0.9521,Deer,鹿,0.9977
d618542a33ad299f,Cattle,牛,Cattle,牛,0.9775,Cattle,牛,0.9747
1eb8d0a8e5ca2681,Cattle,牛,Cattle,牛,0.8984,Cattle,牛,0.8539
d6db7584e8734c0d,Cattle,牛,Cattle,牛,0.9018,Horse,馬,0.9843
d405aa60cca1eaff,Cattle,牛,Cattle,牛,0.9758,Cattle,牛,0.9967
d4a12f39f0c09788,Cattle,牛,Cattle,牛,0.9989,Cattle,牛,0.9972
0c805afd8718c328,Cattle,牛,Cattle,牛,0.9458,Cattle,牛,0.7726
28c76d0a7af641d1,Cattle,牛,Cattle,牛,0.9965,Cattle,牛,0.9177
79a633f1b367125f,Cattle,牛,Cattle,牛,0.9770,Cattle,牛,0.9698
74aa413e84cc47d7,Cattle,牛,Cattle,牛,0.9988,Cattle,牛,0.9997
7e0958fcde715dbe,Cattle,牛,Cattle,牛,0.9924,Cattle,牛,0.9985
6c31d5bcb959b572,Cattle,牛,Cattle,牛,0.9856,Cattle,牛,0.9731
203b7cfdabfc70f8,Cattle,牛,Cattle,牛,0.9406,Sheep,羊,0.7267
728864d00681f9f4,Cattle,牛,Cattle,牛,0.9878,Cattle,牛,0.9967
5810024768221bb4,Cattle,牛,Cattle,牛,0.9994,Cattle,牛,0.9788
1445fa691a804dc2,Cattle,牛,Cattle,牛,0.9624,Cattle,牛,0.5859
30d58f7a4d6f0943,Cattle,牛,Sheep,羊,0.5973,Goat,ヤギ,0.7498
73aa6ef6638f8425,Cattle,牛,Cattle,牛,0.9969,Cattle,牛,0.9998
b609de889b406f73,Cattle,牛,Cattle,牛,0.8757,Cattle,牛,0.9668
505ccff90e56cdf6,Cattle,牛,Cattle,牛,0.9954,Cattle,牛,0.9935
3af3b841c56fa9d0,Cattle,牛,Cattle,牛,0.9792,Cattle,牛,0.8456
59ee2fabd15fcce4,Cattle,牛,Sheep,羊,0.6203,Sheep,羊,0.9461
f8d18b6e6302d6c5,Cattle,牛,Cattle,牛,0.9344,Cattle,牛,0.6256
a91edddd4a19b12d,Cattle,牛,Cattle,牛,0.9567,Goat,ヤギ,0.7192
1ded8e6b919074f0,Cattle,牛,Cattle,牛,0.9243,Sheep,羊,0.5551
e8affa1f524fb0a5,Cattle,牛,Cattle,牛,0.5640,Cattle,牛,0.6955
4b4e13563b6e6af0,Cattle,牛,Cattle,牛,0.9279,Deer,鹿,0.8698
5b5e5614e196b919,Cattle,牛,Sheep,羊,0.8997,Sheep,羊,0.9633
d18c57e2866ae822,Cattle,牛,Cattle,牛,0.9985,Cattle,牛,0.9962
57711acbb13dc757,Cattle,牛,Cattle,牛,0.9990,Cattle,牛,0.9926
c837a3f52e994249,Cattle,牛,Cattle,牛,0.9589,Cattle,牛,0.9441
f97af2617c8bc539,Cattle,牛,Cattle,牛,0.5147,Cattle,牛,0.9331
52c1444f43fb1fdc,Cattle,牛,Cattle,牛,0.9338,Cattle,牛,0.9244
68346cae703b80b7,Horse,馬,Horse,馬,0.9777,Horse,馬,0.9808
dba539e9ec96abf1,Horse,馬,Horse,馬,0.9910,Horse,馬,1.0000
ad117571b12f0555,Horse,馬,Horse,馬,0.9653,Horse,馬,0.9993
d7089fe01da54923,Horse,馬,Horse,馬,0.9802,Horse,馬,1.0000
a1460a2a0400f681,Horse,馬,Horse,馬,0.9791,Horse,馬,1.0000
314d5a1196867389,Horse,馬,Horse,馬,0.9933,Horse,馬,1.0000
64a40ab63e094fc1,Horse,馬,Horse,馬,0.9482,Horse,馬,1.0000
441d7c7ab95f7c36,Horse,馬,Horse,馬,0.9690,Horse,馬,1.0000
8f1be88d8f8647be,Horse,馬,Horse,馬,0.9859,Horse,馬,1.0000
0f8c1cc24a2fb47b,Horse,馬,Horse,馬,0.5269,Horse,馬,0.9998
87a5d9a8a184c404,Horse,馬,Horse,馬,0.9882,Horse,馬,0.9949
be0eece120f52f2b,Horse,馬,Horse,馬,0.9785,Horse,馬,1.0000
8e17c2b5006338d0,Horse,馬,Horse,馬,0.9019,Horse,馬,1.0000
a15a5d4a704d504c,Horse,馬,Horse,馬,0.5209,Horse,馬,0.9789
26d61da7e24dd2c2,Horse,馬,Horse,馬,0.9255,Horse,馬,0.9997
92a5c91eb95bb705,Horse,馬,Horse,馬,0.6491,Horse,馬,0.9214
78b6f4f09825f335,Horse,馬,Horse,馬,0.9736,Horse,馬,1.0000
4f38f044dc2c429d,Horse,馬,Horse,馬,0.9415,Horse,馬,1.0000
14d91a4e1de9c3f3,Horse,馬,Horse,馬,0.6939,Horse,馬,0.9999
df524cdbb6c7b61a,Horse,馬,Horse,馬,0.6151,Horse,馬,0.9970
1bdd43df7eca88c3,Horse,馬,Horse,馬,0.9745,Horse,馬,1.0000
919de9c62bdda92a,Horse,馬,Horse,馬,0.9912,Horse,馬,0.8591
8e93849374de8ff0,Horse,馬,Horse,馬,0.9037,Horse,馬,1.0000
de6626faad0a695a,Horse,馬,Horse,馬,0.9481,Horse,馬,0.9992
a0bbe103ce17390e,Horse,馬,Horse,馬,0.9908,Horse,馬,1.0000
9b43f17128a5da97,Horse,馬,Horse,馬,0.9316,Horse,馬,0.9993
aca1f97a74701d64,Horse,馬,Horse,馬,0.9864,Horse,馬,1.0000
fecb05feac0d8904,Horse,馬,Horse,馬,0.9863,Horse,馬,1.0000
cb2e744a9847e63a,Horse,馬,Horse,馬,0.9835,Horse,馬,1.0000
b3996a35d1ab9371,Horse,馬,Horse,馬,0.8552,Horse,馬,0.9854
7dedcf040fc64121,Horse,馬,Horse,馬,0.9853,Horse,馬,0.9998
32a1dd217294057e,Horse,馬,Horse,馬,0.8628,Horse,馬,0.9997
405bd80086a4588d,Horse,馬,Horse,馬,0.9979,Horse,馬,0.9999
c92b9e82e6906b13,Horse,馬,Horse,馬,0.9560,Horse,馬,1.0000
fc282dd95f4a4f4a,Horse,馬,Horse,馬,0.8956,Horse,馬,0.9994
ff0a420679d38eb0,Horse,馬,Horse,馬,0.9608,Horse,馬,1.0000
1d805560723345de,Horse,馬,Horse,馬,0.9871,Horse,馬,1.0000
b6abf54ea5299f66,Horse,馬,Horse,馬,0.9763,Horse,馬,0.9988
10962f6bc7c6d013,Horse,馬,Cattle,牛,0.6362,Horse,馬,0.9306
e46753affa49196c,Horse,馬,Horse,馬,0.9736,Horse,馬,1.0000
