id,true,true_ja,pred,pred_ja,prob,second,second_ja,margin
8686eab647d91373,Duck,カモ,Swan,ハクチョウ,0.9924,Duck,カモ,0.9875
695370cebf894d9c,Duck,カモ,Duck,カモ,0.9984,Swan,ハクチョウ,0.9970
3ed17afe543150c4,Duck,カモ,Duck,カモ,0.9970,Swan,ハクチョウ,0.9954
10894df53c0511c5,Duck,カモ,Swan,ハクチョウ,0.9760,Duck,カモ,0.9527
7893d77d259811aa,Duck,カモ,Duck,カモ,0.9946,Swan,ハクチョウ,0.9892
1126bfa675ca7034,Duck,カモ,Duck,カモ,0.9490,Swan,ハクチョウ,0.8990
49770a400ec6c9c9,Duck,カモ,Duck,カモ,0.9615,Swan,ハクチョウ,0.9243
a2e1a9d58b3e9cdd,Duck,カモ,Duck,カモ,0.9972,Swan,ハクチョウ,0.9949
21086afedd53661f,Duck,カモ,Duck,カモ,0.9983,Swan,ハクチョウ,0.9967
d21534a1cca6ec2d,Duck,カモ,Duck,カモ,0.5717,Swan,ハクチョウ,0.1451
6316d3987b2b9502,Duck,カモ,Duck,カモ,0.9946,Swan,ハクチョウ,0.9896
d17a90592428389b,Duck,カモ,Duck,カモ,0.9890,Swan,ハクチョウ,0.9784
90878cabafcac286,Duck,カモ,Duck,カモ,0.9368,Swan,ハクチョウ,0.8741
4530f437df660afe,Duck,カモ,Duck,カモ,0.9982,Swan,ハクチョウ,0.9971
2d04149c7868f90f,Swan,ハクチョウ,Duck,カモ,0.9244,Swan,ハクチョウ,0.8509
9b937440dcea91aa,Duck,カモ,Duck,カモ,0.9855,Swan,ハクチョウ,0.9738
11520a5f881bfead,Duck,カモ,Duck,カモ,0.9990,Swan,ハクチョウ,0.9982
b9ef26bb7cd796cc,Duck,カモ,Duck,カモ,0.9871,Swan,ハクチョウ,0.9747
9a19e11a54922234,Duck,カモ,Duck,カモ,0.9610,Swan,ハクチョウ,0.9264
aca6645d590aa23f,Duck,カモ,Duck,カモ,0.7371,Swan,ハクチョウ,0.4765
cf3537cf45b56934,Duck,カモ,Duck,カモ,0.9388,Swan,ハクチョウ,0.9157
0e3f27ec08b8fe08,Duck,カモ,Chicken,ニワトリ,0.8588,Duck,カモ,0.7734
75798b9525b6d72c,Duck,カモ,Swan,ハクチョウ,0.6930,Duck,カモ,0.4106
22f324973b904ee9,Duck,カモ,Duck,カモ,0.9926,Swan,ハクチョウ,0.9858
577a17c2b7862705,Duck,カモ,Duck,カモ,0.5604,Swan,ハクチョウ,0.3049
0684331f4f9579e8,Duck,カモ,Duck,カモ,0.9992,Swan,ハクチョウ,0.9989
a594ea8253504802,Duck,カモ,Duck,カモ,0.9965,Swan,ハクチョウ,0.9934
679a5e597d44671f,Duck,カモ,Duck,カモ,0.6145,Swan,ハクチョウ,0.2297
bfdd3df591001b36,Duck,カモ,Duck,カモ,0.9789,Swan,ハクチョウ,0.9580
931ef9223bface40,Duck,カモ,Duck,カモ,0.9973,Swan,ハクチョウ,0.9948
af871960a1db0981,Duck,カモ,Duck,カモ,0.9983,Swan,ハクチョウ,0.9966
bc5f9eb43ec8b361,Duck,カモ,Swan,ハクチョウ,0.9853,Duck,カモ,0.9785
d883ca6326d3378d,Duck,カモ,Duck,カモ,0.9796,Swan,ハクチョウ,0.9612
ab9758e7c313796f,Duck,カモ,Duck,カモ,0.9682,Swan,ハクチョウ,0.9375
0b515c095d334a56,Duck,カモ,Duck,カモ,0.9998,Eagle,ワシ,0.9997
80a7d9f11e4cb8d1,Duck,カモ,Duck,カモ,0.9799,Swan,ハクチョウ,0.9627
6fda116c58b23aef,Duck,カモ,Duck,カモ,0.9997,Swan,ハクチョウ,0.9994
64e48b07e9a2add5,Duck,カモ,Swan,ハクチョウ,0.8206,Duck,カモ,0.6417
3bf985c5f7e90b7d,Duck,カモ,Duck,カモ,0.9405,Swan,ハクチョウ,0.8867
7b33023972cfcd17,Duck,カモ,Duck,カモ,0.9984,Swan,ハクチョウ,0.9970
87680f2be10f1729,Swan,ハクチョウ,Swan,ハクチョウ,0.9979,Duck,カモ,0.9959
eb1b1ae30dfe0859,Swan,ハクチョウ,Duck,カモ,0.5143,Swan,ハクチョウ,0.0361
37de185fc6bdc338,Swan,ハクチョウ,Swan,ハクチョウ,0.8975,Duck,カモ,0.7961
6cdc010aa9c2624d,Swan,ハクチョウ,Swan,ハクチョウ,0.9005,Duck,カモ,0.8022
8b17a8c79a847ff2,Swan,ハクチョウ,Duck,カモ,0.5017,Swan,ハクチョウ,0.0261
9856bd4e230ed3d8,Swan,ハクチョウ,Swan,ハクチョウ,0.8872,Duck,カモ,0.7854
48cd1b412ccdf54e,Swan,ハクチョウ,Swan,ハクチョウ,0.7812,Duck,カモ,0.5660
131358d138ec97ef,Swan,ハクチョウ,Parrot,オウム,0.5595,Swan,ハクチョウ,0.2935
f1ae1faef61bd9dd,Swan,ハクチョウ,Swan,ハクチョウ,0.9591,Duck,カモ,0.9184
2d23fba3f4a9074b,Swan,ハクチョウ,Swan,ハクチョウ,0.9974,Duck,カモ,0.9949
119d707a575b7721,Swan,ハクチョウ,Swan,ハクチョウ,0.9973,Duck,カモ,0.9947
de6fcaa82966e367,Swan,ハクチョウ,Swan,ハクチョウ,0.9954,Duck,カモ,0.9932
abdeda0f7dd07f97,Swan,ハクチョウ,Swan,ハクチョウ,0.9104,Duck,カモ,0.8246
3e88ae5c0de2872d,Swan,ハクチョウ,Swan,ハクチョウ,0.9885,Parrot,オウム,0.9812
9800d0700da8ac65,Swan,ハクチョウ,Duck,カモ,0.4984,Swan,ハクチョウ,0.0139
66f12bfc93bb8738,Swan,ハクチョウ,Swan,ハクチョウ,0.9941,Duck,カモ,0.9883
938f8abef76f872e,Swan,ハクチョウ,Swan,ハクチョウ,0.9120,Duck,カモ,0.8253
c30fbf9fe5fd93df,Swan,ハクチョウ,Swan,ハクチョウ,0.9132,Duck,カモ,0.8399
62439d385f495f5f,Swan,ハクチョウ,Swan,ハクチョウ,0.9143,Duck,カモ,0.8293
be8173d112c28ad1,Swan,ハクチョウ,Swan,ハクチョウ,0.9711,Duck,カモ,0.9430
e514df7b32e4bedd,Swan,ハクチョウ,Swan,ハクチョウ,0.8711,Duck,カモ,0.7436
8605276bc8175e01,Swan,ハクチョウ,Duck,カモ,0.5276,Swan,ハクチョウ,0.0574
08be9f62482fa5cf,Duck,カモ,Swan,ハクチョウ,0.9861,Duck,カモ,0.9723
0a411d151f978818,Swan,ハクチョウ,Swan,ハクチョウ,0.8903,Duck,カモ,0.7817
619f3c085189aa88,Swan,ハクチョウ,Swan,ハクチョウ,0.9903,Duck,カモ,0.9806
c0e40e8ea92c8509,Swan,ハクチョウ,Swan,ハクチョウ,0.7531,Duck,カモ,0.5578
a10b7c91b182c028,Swan,ハクチョウ,Swan,ハクチョウ,0.8086,Duck,カモ,0.6301
498ae254e1ce2c98,Swan,ハクチョウ,Duck,カモ,0.8669,Swan,ハクチョウ,0.7358
4e7dce2a7f094a23,Swan,ハクチョウ,Swan,ハクチョウ,0.6731,Duck,カモ,0.3488
262fb67efc614885,Swan,ハクチョウ,Swan,ハクチョウ,0.5421,Duck,カモ,0.1867
ab57afdde12e221d,Swan,ハクチョウ,Swan,ハクチョウ,0.9701,Duck,カモ,0.9441
14df12f60d409fab,Swan,ハクチョウ,Swan,ハクチョウ,0.6050,Duck,カモ,0.2229
f758015f7db0f35a,Swan,ハクチョウ,Swan,ハクチョウ,0.9146,Duck,カモ,0.8294
33e727b4af267632,Swan,ハクチョウ,Swan,ハクチョウ,0.5384,Duck,カモ,0.0849
19f33b3b7c4168ad,Swan,ハクチョウ,Swan,ハクチョウ,0.8858,Duck,カモ,0.7755
310275a7da893e8c,Swan,ハクチョウ,Duck,カモ,0.5699,Swan,ハクチョウ,0.1422
63321f1973f5cce9,Swan,ハクチョウ,Swan,ハクチョウ,0.9826,Duck,カモ,0.9654
e622d2cf834e64dd,Swan,ハクチョウ,Duck,カモ,0.6587,Swan,ハクチョウ,0.3239
4c516d3fc321727e,Swan,ハクチョウ,Swan,ハクチョウ,0.8829,Duck,カモ,0.7670
a2fb635c4cc59ff2,Swan,ハクチョウ,Swan,ハクチョウ,0.8435,Duck,カモ,0.6887
571160c940815e53,Chicken,ニワトリ,Chicken,ニワトリ,0.9983,Duck,カモ,0.9970
4631bc67b2c4d160,Chicken,ニワトリ,Chicken,ニワトリ,0.9434,Duck,カモ,0.9174
8f59384bb64449cd,Chicken,ニワトリ,Chicken,ニワトリ,0.8530,Duck,カモ,0.7247
a7f3a9c71758110c,Chicken,ニワトリ,Chicken,ニワトリ,0.9941,Duck,カモ,0.9903
497a4a5c148680f1,Chicken,ニワトリ,Chicken,ニワトリ,0.9898,Parrot,オウム,0.9850
e3960e74324f46cb,Chicken,ニワトリ,Chicken,ニワトリ,0.9710,Duck,カモ,0.9436
c53d078aa61d496a,Chicken,ニワトリ,Chicken,ニワトリ,0.9956,Parrot,オウム,0.9932
16e942cd3f23c02f,Chicken,ニワトリ,Chicken,ニワトリ,0.9947,Parrot,オウム,0.9927
0a8a5aa471796fd5,Chicken,ニワトリ,Chicken,ニワトリ,0.9984,Duck,カモ,0.9975
02a0f2858f27a7ba,Chicken,ニワトリ,Chicken,ニワトリ,0.9786,Duck,カモ,0.9667
831fa26d4faa2df0,Chicken,ニワトリ,Chicken,ニワトリ,0.9877,Duck,カモ,0.9782
e4f3c6e01c8e79df,Chicken,ニワトリ,Chicken,ニワトリ,0.9943,Parrot,オウム,0.9915
52ae7e28296af990,Chicken,ニワトリ,Chicken,ニワトリ,0.9946,Parrot,オウム,0.9910
fefe38527ef461ea,Chicken,ニワトリ,Chicken,ニワトリ,0.9952,Parrot,オウム,0.9932
eb9c0dc5ca3ea626,Chicken,ニワトリ,Chicken,ニワトリ,0.9986,Duck,カモ,0.9980
e357fd0819eee2d4,Chicken,ニワトリ,Chicken,ニワトリ,0.9353,Parrot,オウム,0.9044
800cac348495765c,Chicken,ニワトリ,Chicken,ニワトリ,0.9988,Parrot,オウム,0.9980
fc77ba1448296df1,Chicken,ニワトリ,Chicken,ニワトリ,0.9308,Parrot,オウム,0.8922
f0a8b1d9fc15bf40,Chicken,ニワトリ,Chicken,ニワトリ,0.9958,Parrot,オウム,0.9930
d7d9657728147e9e,Chicken,ニワトリ,Parrot,オウム,0.5488,Chicken,ニワトリ,0.2423
f77cb9608197b6b3,Chicken,ニワトリ,Chicken,ニワトリ,0.9945,Parrot,オウム,0.9906
2f9d7db0b288fb7b,Chicken,ニワトリ,Chicken,ニワトリ,0.9025,Duck,カモ,0.8347
066f4e7245ffecad,Chicken,ニワトリ,Chicken,ニワトリ,0.9926,Duck,カモ,0.9896
7678a54a84218df7,Chicken,ニワトリ,Chicken,ニワトリ,0.9959,Parrot,オウム,0.9932
be3e49b80af4e60c,Chicken,ニワトリ,Chicken,ニワトリ,0.9829,Parrot,オウム,0.9700
6063972a8e6fd41f,Chicken,ニワトリ,Chicken,ニワトリ,0.9779,Parrot,オウム,0.9609
0913fbf6fa5c190e,Chicken,ニワトリ,Chicken,ニワトリ,0.9822,Duck,カモ,0.9700
9b6bc9e000ae3caa,Chicken,ニワトリ,Chicken,ニワトリ,0.9918,Parrot,オウム,0.9866
65ed6abdf15bb5bb,Chicken,ニワトリ,Chicken,ニワトリ,0.9956,Duck,カモ,0.9926
3d9a01738500589d,Chicken,ニワトリ,Chicken,ニワトリ,0.8790,Duck,カモ,0.7891
a32cce8eeb69898b,Chicken,ニワトリ,Chicken,ニワトリ,0.9585,Parrot,オウム,0.9205
7a4e1b285944b27f,Chicken,ニワトリ,Chicken,ニワトリ,0.9979,Parrot,オウム,0.9966
8c67f6e6c2ca8a6d,Chicken,ニワトリ,Chicken,ニワトリ,0.9931,Parrot,オウム,0.9880
f1c2c28fa05387f6,Chicken,ニワトリ,Chicken,ニワトリ,0.9510,Duck,カモ,0.9067
2d7984e98028c7a4,Duck,カモ,Chicken,ニワトリ,0.9943,Duck,カモ,0.9918
eff33846a38be402,Chicken,ニワトリ,Chicken,ニワトリ,0.9962,Parrot,オウム,0.9942
e74990a1ca28e590,Chicken,ニワトリ,Chicken,ニワトリ,0.9881,Duck,カモ,0.9815
ff3a45fce6a841b5,Chicken,ニワトリ,Chicken,ニワトリ,0.9964,Parrot,オウム,0.9947
133f872b2512b109,Chicken,ニワトリ,Chicken,ニワトリ,0.9880,Duck,カモ,0.9824
70e6c76dad29e20a,Chicken,ニワトリ,Chicken,ニワトリ,0.9952,Duck,カモ,0.9926
51cdfa8fd8839900,Eagle,ワシ,Owl,フクロウ,0.5470,Eagle,ワシ,0.1836
aa4706abffc45dba,Eagle,ワシ,Eagle,ワシ,0.9675,Owl,フクロウ,0.9473
9cdeecd5920a0f95,Eagle,ワシ,Eagle,ワシ,0.9939,Parrot,オウム,0.9906
b2a369f311184a17,Eagle,ワシ,Eagle,ワシ,0.9117,Parrot,オウム,0.8671
093a4861abe6e023,Eagle,ワシ,Eagle,ワシ,0.9965,Parrot,オウム,0.9950
35ffc5ae3507035a,Eagle,ワシ,Eagle,ワシ,0.9956,Parrot,オウム,0.9936
ce01ae7cb44af146,Eagle,ワシ,Eagle,ワシ,0.9967,Parrot,オウム,0.9946
25e466b8dca5dddf,Eagle,ワシ,Eagle,ワシ,0.9987,Parrot,オウム,0.9981
7967f24f32f144f7,Eagle,ワシ,Owl,フクロウ,0.8688,Eagle,ワシ,0.7453
a5709a50c97818d5,Eagle,ワシ,Eagle,ワシ,0.9889,Owl,フクロウ,0.9838
c2a32c9dd1169fc0,Eagle,ワシ,Eagle,ワシ,0.9901,Parrot,オウム,0.9856
d1e3ae6f91bdeada,Duck,カモ,Eagle,ワシ,0.9917,Duck,カモ,0.9886
becaac06da800421,Eagle,ワシ,Eagle,ワシ,0.9253,Swan,ハクチョウ,0.8745
9fd3e2ed1ae7a13d,Eagle,ワシ,Eagle,ワシ,0.9992,Parrot,オウム,0.9987
fc64b58ebeebfa43,Eagle,ワシ,Eagle,ワシ,0.9973,Parrot,オウム,0.9957
dd1f975882f332b8,Eagle,ワシ,Eagle,ワシ,0.9744,Owl,フクロウ,0.9529
aa12329f61ef0178,Eagle,ワシ,Eagle,ワシ,0.9540,Owl,フクロウ,0.9217
1e07548d6a2038fb,Eagle,ワシ,Eagle,ワシ,0.8925,Owl,フクロウ,0.8092
8c036c7641349cdb,Eagle,ワシ,Eagle,ワシ,0.9902,Swan,ハクチョウ,0.9837
e65abbedd961c095,Eagle,ワシ,Owl,フクロウ,0.8252,Eagle,ワシ,0.6648
d9d59b11275d852f,Eagle,ワシ,Eagle,ワシ,0.9914,Owl,フクロウ,0.9868
aa692f0ae143f853,Eagle,ワシ,Eagle,ワシ,0.9067,Parrot,オウム,0.8508
89764e8a2196a96b,Eagle,ワシ,Eagle,ワシ,0.9094,Parrot,オウム,0.8468
70470f22b97eb2a0,Eagle,ワシ,Owl,フクロウ,0.5427,Eagle,ワシ,0.1554
d48327bf728668f4,Eagle,ワシ,Eagle,ワシ,0.9989,Parrot,オウム,0.9983
25880c4f38d01747,Eagle,ワシ,Owl,フクロウ,0.5237,Eagle,ワシ,0.0539
6ff2c2bcde2f7fda,Eagle,ワシ,Eagle,ワシ,0.9976,Parrot,オウム,0.9961
d84b26c3865bec24,Eagle,ワシ,Eagle,ワシ,0.5731,Owl,フクロウ,0.2035
b8ae160e232ae746,Eagle,ワシ,Eagle,ワシ,0.9920,Owl,フクロウ,0.9880
738f7976aad78b43,Eagle,ワシ,Eagle,ワシ,0.9421,Owl,フクロウ,0.9013
2b4d16e4ea02e35d,Eagle,ワシ,Eagle,ワシ,0.9944,Parrot,オウム,0.9917
c3aa64f1d22bfdc9,Eagle,ワシ,Eagle,ワシ,0.9949,Duck,カモ,0.9930
78e1d763746e5d6d,Eagle,ワシ,Eagle,ワシ,0.8452,Owl,フクロウ,0.7218
c76a6767f20fa1a1,Eagle,ワシ,Eagle,ワシ,0.9274,Owl,フクロウ,0.8892
5949fb3499bfc24f,Eagle,ワシ,Eagle,ワシ,0.9962,Parrot,オウム,0.9942
c53ae1a7738642ec,Eagle,ワシ,Eagle,ワシ,0.7197,Owl,フクロウ,0.4711
626afde82efd5d24,Eagle,ワシ,Eagle,ワシ,0.8188,Owl,フクロウ,0.6887
2b9145475b5819fd,Eagle,ワシ,Eagle,ワシ,0.9753,Owl,フクロウ,0.9614
3c47a23eb4113f52,Eagle,ワシ,Eagle,ワシ,0.9709,Parrot,オウム,0.9521
ced985062019a770,Eagle,ワシ,Eagle,ワシ,0.9361,Parrot,オウム,0.8795
2787515f33e2c576,Owl,フクロウ,Owl,フクロウ,0.9984,Eagle,ワシ,0.9970
102e9fefe472e7a4,Owl,フクロウ,Owl,フクロウ,0.9958,Eagle,ワシ,0.9930
1253baf5755d43aa,Owl,フクロウ,Owl,フクロウ,0.9706,Eagle,ワシ,0.9438
cfd05d52023c3f39,Owl,フクロウ,Owl,フクロウ,0.9989,Eagle,ワシ,0.9982
74d45770decc34dc,Owl,フクロウ,Owl,フクロウ,0.9774,Eagle,ワシ,0.9606
515d048fd43ce0e3,Owl,フクロウ,Owl,フクロウ,0.9982,Parrot,オウム,0.9971
cf4d9196b8c8eb67,Owl,フクロウ,Owl,フクロウ,0.9828,Eagle,ワシ,0.9731
2f94574558ff818b,Owl,フクロウ,Owl,フクロウ,0.9996,Parrot,オウム,0.9994
a41ed1c897cbf871,Owl,フクロウ,Owl,フクロウ,0.9974,Chicken,ニワトリ,0.9953
7c1a196cd9acf80a,Owl,フクロウ,Owl,フクロウ,0.9988,Eagle,ワシ,0.9984
997bec7c6ad8191a,Owl,フクロウ,Owl,フクロウ,0.9974,Eagle,ワシ,0.9955
2a46f0ccf23b929d,Owl,フクロウ,Owl,フクロウ,0.9907,Eagle,ワシ,0.9823
d03d874fc50190c3,Owl,フクロウ,Eagle,ワシ,0.9239,Owl,フクロウ,0.8572
d08bbb32144db9dc,Owl,フクロウ,Owl,フクロウ,0.9997,Eagle,ワシ,0.9995
97325eb9038e2ffc,Owl,フクロウ,Owl,フクロウ,0.9998,Eagle,ワシ,0.9996
798ab561787c12e9,Owl,フクロウ,Owl,フクロウ,0.9996,Chicken,ニワトリ,0.9995
5e00a27bcfecf3f1,Owl,フクロウ,Owl,フクロウ,0.9714,Eagle,ワシ,0.9497
3955d7a1a7d23543,Owl,フクロウ,Owl,フクロウ,0.9785,Parrot,オウム,0.9662
ca35215b2acd3391,Owl,フクロウ,Owl,フクロウ,0.9992,Eagle,ワシ,0.9987
9bd9b85cc4112608,Owl,フクロウ,Owl,フクロウ,0.9979,Parrot,オウム,0.9969
b74008e3c4a7538c,Owl,フクロウ,Owl,フクロウ,0.9897,Eagle,ワシ,0.9846
5cf29a3ca4f13e3d,Owl,フクロウ,Owl,フクロウ,0.9939,Eagle,ワシ,0.9909
017ae4de3271e9a9,Owl,フクロウ,Owl,フクロウ,0.9989,Eagle,ワシ,0.9983
c7c1644758fe5702,Owl,フクロウ,Owl,フクロウ,0.9920,Eagle,ワシ,0.9875
bf3d7e4f38b1dee6,Owl,フクロウ,Owl,フクロウ,0.3523,Parrot,オウム,0.0205
408fdbf30979ba84,Owl,フクロウ,Owl,フクロウ,0.9990,Eagle,ワシ,0.9984
d7e0ec4b33b640ae,Owl,フクロウ,Owl,フクロウ,0.9984,Eagle,ワシ,0.9970
c5bc34d05faef8e5,Owl,フクロウ,Owl,フクロウ,0.9994,Eagle,ワシ,0.9991
d7da5f50c3e9d0f7,Owl,フクロウ,Owl,フクロウ,0.9957,Eagle,ワシ,0.9924
8ac75cbdc47a677d,Owl,フクロウ,Owl,フクロウ,0.9997,Eagle,ワシ,0.9995
2bc6fded1a1ff77f,Owl,フクロウ,Owl,フクロウ,0.9995,Eagle,ワシ,0.9993
93e6f5738fd86cb7,Owl,フクロウ,Eagle,ワシ,0.6856,Owl,フクロウ,0.3907
5442a2e57242aa85,Owl,フクロウ,Owl,フクロウ,0.9964,Eagle,ワシ,0.9943
99e08b610e2120d1,Owl,フクロウ,Owl,フクロウ,0.9589,Eagle,ワシ,0.9209
22cbd7a80ea2537e,Owl,フクロウ,Owl,フクロウ,0.9937,Eagle,ワシ,0.9883
ea2e711ccea55c06,Owl,フクロウ,Owl,フクロウ,0.9933,Eagle,ワシ,0.9893
ceea92eb9e3f8cda,Owl,フクロウ,Owl,フクロウ,0.9994,Eagle,ワシ,0.9991
bd8d29aa14d9c43b,Owl,フクロウ,Owl,フクロウ,0.9316,Parrot,オウム,0.8991
368ee2d0f494078f,Eagle,ワシ,Owl,フクロウ,0.9772,Eagle,ワシ,0.9618
cdbdcb64d5e25fb9,Owl,フクロウ,Owl,フクロウ,0.9891,Parrot,オウム,0.9815
cabfd628f9a1b0c1,Parrot,オウム,Parrot,オウム,0.9966,Chicken,ニワトリ,0.9939
b5abdef3d9746d2c,Chicken,ニワトリ,Parrot,オウム,0.9795,Chicken,ニワトリ,0.9641
c0b23dd901381461,Parrot,オウム,Parrot,オウム,0.9915,Chicken,ニワトリ,0.9871
97d2415988be9d32,Parrot,オウム,Parrot,オウム,0.8508,Chicken,ニワトリ,0.7326
9ba77b7e2198e30a,Parrot,オウム,Parrot,オウム,0.9989,Chicken,ニワトリ,0.9980
085f62e2375ab7ed,Parrot,オウム,Parrot,オウム,0.9991,Chicken,ニワトリ,0.9984
595698f498e1b662,Parrot,オウム,Parrot,オウム,0.9699,Chicken,ニワトリ,0.9429
e06df4a5b5f1b57d,Parrot,オウム,Parrot,オウム,0.9794,Chicken,ニワトリ,0.9619
870bece713d2c252,Parrot,オウム,Parrot,オウム,0.9827,Chicken,ニワトリ,0.9712
7d1641471e71b5ae,Parrot,オウム,Parrot,オウム,0.8245,Eagle,ワシ,0.7139
4128721bd6e3fe2e,Parrot,オウム,Parrot,オウム,0.9995,Chicken,ニワトリ,0.9992
5467dc4019314117,Parrot,オウム,Parrot,オウム,0.9933,Duck,カモ,0.9896
903292bcc49dc7ed,Parrot,オウム,Parrot,オウム,0.9717,Owl,フクロウ,0.9592
23b727efedb677cf,Parrot,オウム,Parrot,オウム,0.9994,Chicken,ニワトリ,0.9989
a99d522cfc0cbc41,Parrot,オウム,Parrot,オウム,0.9192,Eagle,ワシ,0.8582
2712b5963ba3d82d,Parrot,オウム,Parrot,オウム,0.9992,Chicken,ニワトリ,0.9987
49f093a5b0eba52e,Parrot,オウム,Parrot,オウム,0.8179,Eagle,ワシ,0.6775
0b0e46b5683b443f,Parrot,オウム,Parrot,オウム,0.9687,Chicken,ニワトリ,0.9507
1d3124577c71de1d,Parrot,オウム,Parrot,オウム,0.9733,Chicken,ニワトリ,0.9521
bd1c20acc6724198,Parrot,オウム,Parrot,オウム,0.6901,Chicken,ニワトリ,0.5770
baba0850c6bd916c,Parrot,オウム,Parrot,オウム,0.9415,Chicken,ニワトリ,0.9048
2e143c06d049b3e4,Parrot,オウム,Parrot,オウム,0.9933,Chicken,ニワトリ,0.9892
257796f717b2e40b,Parrot,オウム,Parrot,オウム,0.9570,Chicken,ニワトリ,0.9438
9fcba17c3636e71c,Parrot,オウム,Parrot,オウム,0.9974,Chicken,ニワトリ,0.9956
20c63228df57c6d9,Parrot,オウム,Parrot,オウム,0.9984,Chicken,ニワトリ,0.9974
8fa38e1ea44355a6,Parrot,オウム,Parrot,オウム,0.9989,Chicken,ニワトリ,0.9981
9c9f89a98aa217f7,Parrot,オウム,Parrot,オウム,0.9997,Chicken,ニワトリ,0.9996
7a5529050cb5cffb,Parrot,オウム,Parrot,オウム,0.9980,Chicken,ニワトリ,0.9965
cfdf64f6f66e32ec,Parrot,オウム,Parrot,オウム,0.9756,Chicken,ニワトリ,0.9617
e59f51eff0652074,Parrot,オウム,Parrot,オウム,0.9803,Chicken,ニワトリ,0.9641
35a5bceb42d99bd1,Parrot,オウム,Parrot,オウム,0.5356,Chicken,ニワトリ,0.1259
10fba3ec1125f370,Parrot,オウム,Parrot,オウム,0.9990,Chicken,ニワトリ,0.9985
c0e1f5d03e3eaa68,Parrot,オウム,Parrot,オウム,0.8412,Swan,ハクチョウ,0.7816
8a5fa02ea9a10a3b,Parrot,オウム,Parrot,オウム,0.9985,Chicken,ニワトリ,0.9975
58bb116b80019307,Parrot,オウム,Parrot,オウム,0.9298,Chicken,ニワトリ,0.8911
7e52a251c93ff76f,Parrot,オウム,Parrot,オウム,0.9411,Chicken,ニワトリ,0.9011
e850039bc5eb5134,Parrot,オウム,Parrot,オウム,0.9987,Chicken,ニワトリ,0.9976
43c96cfb69f41f3a,Parrot,オウム,Parrot,オウム,0.9969,Chicken,ニワトリ,0.9945
749efa9bb08a3515,Parrot,オウム,Parrot,オウム,0.9993,Chicken,ニワトリ,0.9988
07f0faab58f2a31e,Parrot,オウム,Swan,ハクチョウ,0.4183,Duck,カモ,0.1039
