id,label,title,author,source,license
b553f5b11a515c21,Dog,Aburrido/a,Eduardo Díaz González,https://www.flickr.com/photos/xedox/6162685949,https://creativecommons.org/licenses/by/2.0/
471f30cad9624534,Dog,Dog,Willian Soares,https://www.flickr.com/photos/willianferreirasoares/5456415966,https://creativecommons.org/licenses/by/2.0/
a6de0d996ef20fa4,Dog,50 69422,Joplin Tornado Lost and Found Pets,https://www.flickr.com/photos/63350979@N08/5757517153,https://creativecommons.org/licenses/by/2.0/
429ff0f15595c402,Dog,Hund Titza,Meberh7100,https://www.flickr.com/photos/meberh7100/5402156341,https://creativecommons.org/licenses/by/2.0/
3ca6f12452148288,Dog,Phoebe,10 Corso Como,https://www.flickr.com/photos/10corsocomo/8022251913,https://creativecommons.org/licenses/by/2.0/
9ab79be635ab4b63,Dog,DSC_0065-2,Tammy Strobel,https://www.flickr.com/photos/rowdykittens/9210512523/,https://creativecommons.org/licenses/by/2.0/
4a9c26ef716bd656,Dog,pedro,Javier Prazak,https://www.flickr.com/photos/javiercito/2083111412,https://creativecommons.org/licenses/by/2.0/
a97770f6e6c8e185,Dog,nyah nyah,GollyGforce - Living My Worst Nightmare,https://www.flickr.com/photos/see-through-the-eye-of-g/4439783774,https://creativecommons.org/licenses/by/2.0/
0a0a87b74e2142b4,Dog,P8010012,Derek Wolfgram,https://www.flickr.com/photos/wolfgrams/3778632253,https://creativecommons.org/licenses/by/2.0/
83f05c705fbb3ea2,Dog,Untitled,Sadie Swanson,https://www.flickr.com/photos/aveldina/6905676840/,https://creativecommons.org/licenses/by/2.0/
ce3f5fe75bdd979b,Dog,May 2009,truepanther,https://www.flickr.com/photos/truepanthersounds/3746041089,https://creativecommons.org/licenses/by/2.0/
fd9580e54bd021f5,Dog,Snow Dog,Vivid  Image,https://www.flickr.com/photos/minnesota_social_marketing/8510297355,https://creativecommons.org/licenses/by/2.0/
89945eefc6481c38,Dog,Frank the Pug,Tracey,https://www.flickr.com/photos/tphets/3597155880,https://creativecommons.org/licenses/by/2.0/
e9d4d7c4d06dd3c9,Dog,17 weken,1000zen,https://www.flickr.com/photos/1000zen/4963466424,https://creativecommons.org/licenses/by/2.0/
e0bee7afe58126b2,Dog,"DALMATA BOMBERO. Perro del Cuerpo de Bomberos de la Ciudad de San Cristobal, Tachira, Venezuela. El cual acompaña al equipo bomberil en los carros sisterna. Inmobiliaria &quot;RE/MAX Planet&quot; Quelverd Arias Camargo. +(58) 414-897.10.33",Quelverd Arias Camargo,https://www.flickr.com/photos/inmobili-ariascamargo/7914765794,https://creativecommons.org/licenses/by/2.0/
677ae835a5c8d846,Dog,IMG_8088,@joefoodie,https://www.flickr.com/photos/montage_man/5293000303,https://creativecommons.org/licenses/by/2.0/
c7d4dd1b2d02c992,Dog,Whippet Trio,OakleyOriginals,https://www.flickr.com/photos/oakleyoriginals/3070461199,https://creativecommons.org/licenses/by/2.0/
acbe879fa4514d69,Dog,Ridgeback Cross Puppies,Jean,https://www.flickr.com/photos/7326810@N08/1207078655,https://creativecommons.org/licenses/by/2.0/
580c34b47efe3522,Dog,Dingo,Robert Nyman,https://www.flickr.com/photos/robertnyman/189597815,https://creativecommons.org/licenses/by/2.0/
6f2d0fd18056371b,Dog,Me: Wanna go for a ride? Him: (see picture for expression),Wendy Berry,https://www.flickr.com/photos/twodolla/15129283845,https://creativecommons.org/licenses/by/2.0/
ebdcbefdaf6107f4,Dog,Cleo,fugzu,https://www.flickr.com/photos/70253321@N00/19576300296,https://creativecommons.org/licenses/by/2.0/
e3061c21a92eefce,Dog,Maxie the Puggle,William Garrett,https://www.flickr.com/photos/billgarrett-newagecrap/2813082038/,https://creativecommons.org/licenses/by/2.0/
fc88abc82f857c2a,Dog,Shar Pei,Linda Stanley,https://www.flickr.com/photos/68732830@N06/8715625548,https://creativecommons.org/licenses/by/2.0/
f5b19b1457e13c5f,Dog,Miko & Luca,Colby Stopa,https://www.flickr.com/photos/photographybycolby/11707984104,https://creativecommons.org/licenses/by/2.0/
6cbc32413af6877c,Dog,Kim and Lucy,Joe Makarski,https://www.flickr.com/photos/86958966@N05/8219649136,https://creativecommons.org/licenses/by/2.0/
7a085339312ef288,Dog,puppy side-eye,Alexis Lamster,https://www.flickr.com/photos/amlamster/5258485741,https://creativecommons.org/licenses/by/2.0/
4cadd22abc0a397d,Dog,Barley,William Warby,https://www.flickr.com/photos/wwarby/3265052916,https://creativecommons.org/licenses/by/2.0/
eac7b53e3eb905d2,Dog,dog-112373_1280,localpups,https://www.flickr.com/photos/133374862@N02/20514259891,https://creativecommons.org/licenses/by/2.0/
157f2ba4e5de0c13,Dog,P.D. at Christmas 2005,lfwlfw,https://www.flickr.com/photos/larry_weiss/254358651,https://creativecommons.org/licenses/by/2.0/
e8b8babfe8a2833e,Dog,Pastor alemán,Nacho,https://www.flickr.com/photos/gonmi/9537936954,https://creativecommons.org/licenses/by/2.0/
5ca2168d7ca94f60,Dog,Dog Nose,Bering Land Bridge National Preserve,https://www.flickr.com/photos/bering_land_bridge/4269788249,https://creativecommons.org/licenses/by/2.0/
825d02b192b4655d,Dog,Camera shy,Cindy Bidar,https://www.flickr.com/photos/cindybidar/5411075355,https://creativecommons.org/licenses/by/2.0/
ed8b33475387e9bb,Dog,Lacey Lulu,Jelene Morris,https://www.flickr.com/photos/jelene/4113658286,https://creativecommons.org/licenses/by/2.0/
53e6bf56d4e0e3e6,Dog,Good dog,Betsssssy,https://www.flickr.com/photos/betsssssy/9928186693,https://creativecommons.org/licenses/by/2.0/
80951d2daed8cce6,Dog,Woofstock-0084,Ryan,https://www.flickr.com/photos/ryanready/474031986,https://creativecommons.org/licenses/by/2.0/
c30f60f8ce261d55,Dog,IMGP5294,Justin Newman,https://www.flickr.com/photos/48125865@N03/8445723139,https://creativecommons.org/licenses/by/2.0/
bba316545429aef2,Dog,Liam the Great,-fabio-,https://www.flickr.com/photos/fabio2005/192168707,https://creativecommons.org/licenses/by/2.0/
64a36f6025832ce7,Dog,Hund,Femundløpet Presse,https://www.flickr.com/photos/femundlopet/8440658918,https://creativecommons.org/licenses/by/2.0/
f40715a1f9877ab3,Dog,IMG_0112,ourartpad,https://www.flickr.com/photos/64659935@N06/14490990927,https://creativecommons.org/licenses/by/2.0/
5f07a2aed668c901,Dog,Mugsy,Rachel Kramer,https://www.flickr.com/photos/rkramer62/4584831913,https://creativecommons.org/licenses/by/2.0/
2bce5a4f6d75c767,Dog,This dog does not get tired...,Brian Flores,https://www.flickr.com/photos/votebrian/1433417169,https://creativecommons.org/licenses/by/2.0/
772f9f098fdaf958,Dog,3,Алексей,https://www.flickr.com/photos/69711755@N03/9203811812,https://creativecommons.org/licenses/by/2.0/
50b8e4f8d5ade9fa,Dog,DSCF5562b,zooK2,https://www.flickr.com/photos/zookcx/4010764722,https://creativecommons.org/licenses/by/2.0/
01ee79a4f50483ca,Dog,Training partner and pace car...13.1 no problem.,Bill Rice,https://www.flickr.com/photos/billrice/9132297449,https://creativecommons.org/licenses/by/2.0/
ea66f8af59be1089,Dog,Gus - 14,Derek Key,https://www.flickr.com/photos/derekskey/7184050562,https://creativecommons.org/licenses/by/2.0/
0aaaa921d1a08a2c,Dog,hello world,Jodie Wilson,https://www.flickr.com/photos/jumpyjodes/3039381443,https://creativecommons.org/licenses/by/2.0/
7c1bbfbb420b25ef,Dog,Sleepy Chance,RachTHeH,https://www.flickr.com/photos/21834956@N04/7337698462,https://creativecommons.org/licenses/by/2.0/
0cf606a8646c4b97,Dog,roi & mac,xabeldiz,https://www.flickr.com/photos/xabeldiz/4294637849,https://creativecommons.org/licenses/by/2.0/
461848d365335ecf,Dog,Slurp,Brad Montgomery,https://www.flickr.com/photos/bradmontgomery/4242505871,https://creativecommons.org/licenses/by/2.0/
8b3fa9be61b1998e,Dog,Darci the wonder pup,Cliff Cooper,https://www.flickr.com/photos/dizfunk/1352823532,https://creativecommons.org/licenses/by/2.0/
8e53a101efb6f33a,Dog,AKC Fall Dog Show 2013,SheltieBoy,https://www.flickr.com/photos/montanapets/9831020124,https://creativecommons.org/licenses/by/2.0/
643fd3460a898731,Dog,Because I'm worth it,Dermot O&#x27;Halloran,https://www.flickr.com/photos/dermotohalloran/8906361265,https://creativecommons.org/licenses/by/2.0/
2affa93b73c80ab1,Dog,Nadya,Deb,https://www.flickr.com/photos/ferlinka/915510761,https://creativecommons.org/licenses/by/2.0/
2a87aa4b6898ca8e,Dog,Good Morning PIxley,Justin Hall,https://www.flickr.com/photos/justin/363828723,https://creativecommons.org/licenses/by/2.0/
d57ad4a04a4ec329,Dog,I made a new friend today! Meet Jimmy! Thanks @themovingcloud :),Aashim Tyagi,https://www.flickr.com/photos/aashimtyagi/17323039025,https://creativecommons.org/licenses/by/2.0/
6aa6ff3a5907e254,Dog,HMKC Photo Day,SheltieBoy,https://www.flickr.com/photos/montanapets/15656669162,https://creativecommons.org/licenses/by/2.0/
05de59562f9ff5cf,Dog,bennett3,Worth A Shot Pets,https://www.flickr.com/photos/worthashotpets/6138050625,https://creativecommons.org/licenses/by/2.0/
8756682698d0492a,Dog,yorkie,Bill Automata,https://www.flickr.com/photos/billautomata/8468541902,https://creativecommons.org/licenses/by/2.0/
dddc732948fa9c02,Dog,Smoch,David Roseborough,https://www.flickr.com/photos/d_space/5109303926,https://creativecommons.org/licenses/by/2.0/
f601623b07aa645a,Dog,Cadmium #ManKCrew2013,Aaron Muszalski,https://www.flickr.com/photos/sfslim/9154158542,https://creativecommons.org/licenses/by/2.0/
eaac7d0d9e0bf257,Dog,Funny Cute Dog (cc),Jason Hargrove,https://www.flickr.com/photos/salty_soul/4191648353,https://creativecommons.org/licenses/by/2.0/
012d326f2854f564,Dog,backyard patrol,Mike McCune,https://www.flickr.com/photos/mccun934/8591221048,https://creativecommons.org/licenses/by/2.0/
30a187d92f32e5ff,Dog,IMG_3238 1,Family O&#x27;Abé,https://www.flickr.com/photos/oabe/5132390481,https://creativecommons.org/licenses/by/2.0/
837a1714913eada9,Dog,BumblePpy,elvinterhornghwa,https://www.flickr.com/photos/elvin_album/4407351065,https://creativecommons.org/licenses/by/2.0/
d839bf396d3f0cd2,Dog,wild man,Mills Baker,https://www.flickr.com/photos/millsbaker/18586648023,https://creativecommons.org/licenses/by/2.0/
556551a5f0c92e22,Dog,Pup in a Poodle Skirt,Mike Licht,https://www.flickr.com/photos/notionscapital/10526357935,https://creativecommons.org/licenses/by/2.0/
db3c1b721fcf239d,Dog,p729616623,3z6m,https://www.flickr.com/photos/62289501@N03/7948653626,https://creativecommons.org/licenses/by/2.0/
f2dfe4159d9fbeb5,Dog,Silly rabbit #dogs #smalldogs #notmydog,martakat83,https://flickr.com/26157413@N08/8981197331,https://creativecommons.org/licenses/by/2.0/
ae1639c1ab1dff4e,Dog,IMG_0162,Hernán García Crespo,https://www.flickr.com/photos/subzonica/15115201380,https://creativecommons.org/licenses/by/2.0/
19c04dd80c4b069c,Dog,my dog named panda,Mey Lee,https://www.flickr.com/photos/villaku/14361811009,https://creativecommons.org/licenses/by/2.0/
6505697c77ec2a8f,Dog,Bernese Mountain Dog,aubree clark,https://www.flickr.com/photos/aubreecaraline/515115458,https://creativecommons.org/licenses/by/2.0/
c2218a5839c5bfa7,Dog,Harley - here to stay!  :),Deb,https://www.flickr.com/photos/ferlinka/1316643707,https://creativecommons.org/licenses/by/2.0/
42359228856163a7,Dog,VEGA,Amici con la coda,https://www.flickr.com/photos/amici-con-la-coda/21262161586,https://creativecommons.org/licenses/by/2.0/
b15f501a937a2c53,Dog,Flynn Rider (Corgi),Michael Miller,https://www.flickr.com/photos/millermz/16778274878,https://creativecommons.org/licenses/by/2.0/
0fffc8771c3995b4,Dog,Moto,Deb,https://www.flickr.com/photos/ferlinka/2807100045,https://creativecommons.org/licenses/by/2.0/
86e24b5144450dd9,Dog,Untitled,Lachlan Hardy,https://www.flickr.com/photos/lachlanhardy/4893343548,https://creativecommons.org/licenses/by/2.0/
cd5191674789c4dc,Dog,Wise guy,sabotrax,https://www.flickr.com/photos/sabotrax/27071855,https://creativecommons.org/licenses/by/2.0/
8542313ca2cb8d69,Dog,Picture 2970,onetalentdog,https://www.flickr.com/photos/peacechild/4988686540,https://creativecommons.org/licenses/by/2.0/
edeaec61417f4fd4,Dog,vala in grass,Meg,https://www.flickr.com/photos/65338740@N00/2321317,https://creativecommons.org/licenses/by/2.0/
df4d1c43a70fca9c,Dog,The new spy dog for the CIA,Good Eye Might,https://www.flickr.com/photos/brittanyg/2076388409,https://creativecommons.org/licenses/by/2.0/
4e55b35294fe0629,Dog,Poodle puppy huddle,Kevin Marks,https://www.flickr.com/photos/kevinmarks/4366790871,https://creativecommons.org/licenses/by/2.0/
8a600803cb5b36cb,Dog,Cavalier King Charles Spaniel,Mário Simoes,https://www.flickr.com/photos/56785346@N00/8238963903,https://creativecommons.org/licenses/by/2.0/
9e5b632bb2727144,Dog,Rosco And The Leather Chair,Jim Pennucci,https://www.flickr.com/photos/pennuja/3849017527,https://creativecommons.org/licenses/by/2.0/
4b7a86153f7761e2,Dog,Puppy Sabian,sabianmaggy,https://www.flickr.com/photos/40765798@N00/202734054/,https://creativecommons.org/licenses/by/2.0/
d3d7155e0de9806a,Dog,Untitled,Lachlan Hardy,https://www.flickr.com/98983159@N00/4892749147,https://creativecommons.org/licenses/by/2.0/
24e64037f5e8ebcf,Dog,Odin.1,John Nuttall,https://www.flickr.com/photos/16822508@N05/9166768224/,https://creativecommons.org/licenses/by/2.0/
17ded408a8a890ea,Dog,Did you call me?,Dawn Huczek,https://www.flickr.com/photos/31064702@N05/4023771641,https://creativecommons.org/licenses/by/2.0/
5a14a33bccaa629c,Dog,Tri-colored Pembroke Welsh Corgi,Jean,https://www.flickr.com/photos/7326810@N08/3634086147,https://creativecommons.org/licenses/by/2.0/
c21ce5eaa9201aa9,Dog,Belka,Deb,https://www.flickr.com/photos/ferlinka/7701357486,https://creativecommons.org/licenses/by/2.0/
4fc4809524b7104e,Dog,brown-dog,Kinjeng Submiter,https://www.flickr.com/photos/kinjengsubmiter/4216583300,https://creativecommons.org/licenses/by/2.0/
de6dc1d9bf4acd42,Dog,ALF: Im happy!,Michael Nukular,https://www.flickr.com/photos/michaelnukular/14073174995,https://creativecommons.org/licenses/by/2.0/
ecc6ef5a2c4dc915,Dog,fred,Andrei,https://www.flickr.com/photos/svnbg/1455370228,https://creativecommons.org/licenses/by/2.0/
d2a3e8dec929475a,Dog,Sandy 3,tracey r,https://www.flickr.com/photos/wanderingone/97044550/,https://creativecommons.org/licenses/by/2.0/
116bb15314194b96,Dog,pitbull filhote (5),Jean Marconi,https://www.flickr.com/photos/jmarconi/4370977819,https://creativecommons.org/licenses/by/2.0/
35fd63d8285cd603,Dog,"Chatuchak Weekend Market, Bangkok, Thailand",yeowatzup,https://www.flickr.com/photos/yeowatzup/4570450571,https://creativecommons.org/licenses/by/2.0/
55b595524737df02,Dog,Sled Dog,Shazron,https://www.flickr.com/photos/shazron/444679880,https://creativecommons.org/licenses/by/2.0/
553e2dbc423f42a2,Dog,Otis Apollo,Garden State Hiker,https://www.flickr.com/photos/elchode/8645814897,https://creativecommons.org/licenses/by/2.0/
1f2808f18369aa70,Dog,2014a-IMG_9883-1_resize,Bruce Simmons,https://www.flickr.com/photos/21550498@N05/14407015838/,https://creativecommons.org/licenses/by/2.0/
6b683f7a50a72267,Dog,P1020225.JPG,dogulove,https://www.flickr.com/photos/dogulove/4580109186,https://creativecommons.org/licenses/by/2.0/
76c0f6c183301d45,Dog,dog or rat?,Andrew Vargas,https://www.flickr.com/photos/vatobob/4188932049,https://creativecommons.org/licenses/by/2.0/
861c02bcba4a6762,Dog,peek-a-boo molee,megan ann,https://www.flickr.com/photos/chainsawpanda/30989977,https://creativecommons.org/licenses/by/2.0/
81b0c2619acc53c6,Dog,Zzzzz..,diaper,https://www.flickr.com/photos/diaper/9123635920,https://creativecommons.org/licenses/by/2.0/
3fbad6221e514f90,Dog,Bailey,SD Dirk,https://www.flickr.com/photos/dirkhansen/2923966496,https://creativecommons.org/licenses/by/2.0/
aa8a25fe43074c30,Dog,Marles Barkley,Daryl Bruvelaitis,https://www.flickr.com/photos/bruvy/5977046068,https://creativecommons.org/licenses/by/2.0/
9945c8cc87d61313,Dog,Rimetea,Cristian Bortes,https://www.flickr.com/photos/bortescristian/3991330392/,https://creativecommons.org/licenses/by/2.0/
0855e6f1b4eb38b6,Dog,Louie Lewis,behavior training &amp; coaching,https://www.flickr.com/photos/acmecanine/3657013721/,https://creativecommons.org/licenses/by/2.0/
3afeb980c3df44d9,Dog,Yap yap,Erich Ferdinand,https://www.flickr.com/photos/erix/173335294,https://creativecommons.org/licenses/by/2.0/
736385927743bdad,Dog,Flow,Ryan Mcdonald,https://www.flickr.com/photos/mcdnry/435563684/in/album-72157600029264627/,https://creativecommons.org/licenses/by/2.0/
01ee8f959a667f5d,Dog,2010 PA Kennel Assoc. Dog Show,daveynin,https://www.flickr.com/photos/daveynin/4467873253,https://creativecommons.org/licenses/by/2.0/
fafc60f7ddab981d,Dog,dog head,psyberartist,https://www.flickr.com/photos/psyberartist/8130163236,https://creativecommons.org/licenses/by/2.0/
203f6e247eb014b9,Dog,June 23rd 2007 (26),jeniphur99,https://www.flickr.com/photos/jenrobin/605234138,https://creativecommons.org/licenses/by/2.0/
4c012f760751a27c,Dog,Fluffy White Dog - Artwork,Patrick Hoesly,https://www.flickr.com/photos/zooboing/4096712866,https://creativecommons.org/licenses/by/2.0/
7e72aaf2f1c3145a,Dog,Peanut,John Liu,https://www.flickr.com/photos/8047705@N02/4428441226,https://creativecommons.org/licenses/by/2.0/
e0b314b1b1e72e88,Dog,Dog Crime Scene #thefancy #dog #coco #puppy #tweegram #instagood #love #iphonesia #instagramtagsdotcom #instamood #igers #me #iphoneonly #cute #instagramhub #picoftheday #jj #girl #instadaily #bestoftheday #sky #tbt #igdaily #beautiful #instatags #summer,Wicker Paradise,https://www.flickr.com/photos/wicker-furniture/7345989622,https://creativecommons.org/licenses/by/2.0/
781e5cfc484df474,Dog,A real life griffon,Dave Rodwell,https://www.flickr.com/photos/saxonking/6996281084,https://creativecommons.org/licenses/by/2.0/
a4709f923b94b173,Dog,Bowie,Enver Sartoni,https://www.flickr.com/photos/nvr77/2208331107,https://creativecommons.org/licenses/by/2.0/
4c7e469e8e1c717b,Dog,"African Wild Dog, San Diego Zoo",Ray Bouknight,https://www.flickr.com/photos/raybouk/8437218103,https://creativecommons.org/licenses/by/2.0/
be31adb3e2cb68fd,Dog,Family,zanerudovica,https://www.flickr.com/photos/34746963@N05/3255485934,https://creativecommons.org/licenses/by/2.0/
42e3bc909e45665f,Dog,LBD,Matt,https://www.flickr.com/photos/webb-zahn/4844823754,https://creativecommons.org/licenses/by/2.0/
2802df2d306fd144,Dog,Image006,rhobinn,https://www.flickr.com/photos/rhobinn/2106287786,https://creativecommons.org/licenses/by/2.0/
ccf1c06a2945ca0d,Dog,Sen,Gil Megidish,https://www.flickr.com/photos/gawd0r/3278558370,https://creativecommons.org/licenses/by/2.0/
23039301a261e35b,Dog,Ripley,Jeff Turner,https://www.flickr.com/photos/respres/16346275059,https://creativecommons.org/licenses/by/2.0/
5172f64419a18df1,Dog,"Graphic Dead family pet dogs & puppies killed by the city of Denver, CO because of Breed Specific Legislation (BSL) discrimination",Beverly &amp; Pack,https://www.flickr.com/photos/walkadog/3972998620,https://creativecommons.org/licenses/by/2.0/
639e40406e7bbd98,Dog,Kira,Courtney Nash,https://www.flickr.com/photos/cnash/4435418687,https://creativecommons.org/licenses/by/2.0/
1cdf76b257d39bbd,Dog,Mocha,Hanumann,https://www.flickr.com/photos/40883475@N00/5234505050,https://creativecommons.org/licenses/by/2.0/
c553e577d1d65e41,Dog,german shepherd puppy with big ears!,"Mariposa Veterinary Wellness Center in Lenexa, KS",https://www.flickr.com/photos/mariposavet/9565289061,https://creativecommons.org/licenses/by/2.0/
19b9a3c235c1d138,Dog,My Maxxo... #nofilter #canonphotography #labrador #justlikethat #pratikpower,Pratik Kadam,https://www.flickr.com/photos/pratikpower/21520597560,https://creativecommons.org/licenses/by/2.0/
108b2b8794708783,Dog,Shiba Inu on Pusch Ridge Wilderness Mount Kimball,Miguel Vieira,https://www.flickr.com/photos/miguelvieira/6795883995,https://creativecommons.org/licenses/by/2.0/
aea656d24e5df768,Dog,Gimme a beat!,Rachel Hinman,https://www.flickr.com/photos/rhinman/5620527625,https://creativecommons.org/licenses/by/2.0/
3c883ad309eb7f9d,Dog,Meen dog,richkidsunite,https://www.flickr.com/photos/89186997@N00/392987613,https://creativecommons.org/licenses/by/2.0/
fd0a2ab8e2b52ce7,Dog,IMG_0349.JPG,Martin Gleason,https://www.flickr.com/photos/officergleason/3027618606,https://creativecommons.org/licenses/by/2.0/
1b8ad2edf17faa01,Dog,Fuzzy Dog,Lauren Siegert,https://www.flickr.com/photos/lsiegert/4679225619,https://creativecommons.org/licenses/by/2.0/
36c8bf315b78c758,Dog,Pepsi & Parker,Greg Gjerdingen,https://www.flickr.com/photos/greggjerdingen/7405280988/,https://creativecommons.org/licenses/by/2.0/
14a99ecdfdfdfe4e,Dog,Charly e Bravo a sette mesi,fugzu,https://www.flickr.com/photos/70253321@N00/8191928057,https://creativecommons.org/licenses/by/2.0/
52e26989461da58f,Dog,d65Hmomoy,hmomoy,https://www.flickr.com/photos/53807034@N05/5468198770,https://creativecommons.org/licenses/by/2.0/
792fe05792794a5e,Dog,Starbuck,Anthony DeLorenzo,https://www.flickr.com/photos/delorenzo/6308236924,https://creativecommons.org/licenses/by/2.0/
ce884ee2d5745c5c,Dog,It's a dog's life,Ken Bosma,https://www.flickr.com/photos/kretyen/2713107247,https://creativecommons.org/licenses/by/2.0/
55ad6ca47fc3a508,Dog,Marley Puppy Christmas,zaphodsotherhead,https://www.flickr.com/photos/zaphodsotherhead/447180985,https://creativecommons.org/licenses/by/2.0/
a9cd779864813c8e,Dog,perritos,Tabi,https://www.flickr.com/photos/17647238@N00/2056575680,https://creativecommons.org/licenses/by/2.0/
d2e2a499397d506c,Dog,HARRY MOHAWK3,michaelfranks6,https://www.flickr.com/photos/realcsi/5722754302,https://creativecommons.org/licenses/by/2.0/
35b8eaa85af659a6,Dog,Friendly Doggy,Dan G,https://www.flickr.com/photos/dannydansoy/14722990699,https://creativecommons.org/licenses/by/2.0/
4772ae505780d536,Dog,cirnechi 2,°linda°!°,https://www.flickr.com/photos/lindawild/5267979823,https://creativecommons.org/licenses/by/2.0/
3fc0908e5dd83976,Dog,IMG_8037,Fayes4Art,https://www.flickr.com/photos/67156567@N00/7412350114,https://creativecommons.org/licenses/by/2.0/
9e01b8944eee61a4,Dog,Looking for a treat,Tim Wilson,https://www.flickr.com/photos/timwilson/8067545081,https://creativecommons.org/licenses/by/2.0/
75339bf227e937e3,Dog,Eddie eating ice cream,Lisa,https://www.flickr.com/photos/99123224@N00/5027710605,https://creativecommons.org/licenses/by/2.0/
eda91958b249fec8,Dog,Maggie was soaked,Ross Harmes,https://www.flickr.com/photos/rossharmes/5312941329/,https://creativecommons.org/licenses/by/2.0/
9e243c9f75c552ae,Dog,027,PWC_GSD,https://www.flickr.com/photos/41833881@N04/8392841425,https://creativecommons.org/licenses/by/2.0/
8f8c88dfb8cda57c,Dog,DSC_4453.JPG,Ryan Tir,https://www.flickr.com/photos/ryan_tir/62045895,https://creativecommons.org/licenses/by/2.0/
17b34edec4312fa6,Dog,20110503-JAP_2501,Jim Pennucci,https://www.flickr.com/photos/pennuja/5685338063/,https://creativecommons.org/licenses/by/2.0/
4ba2fad2755ebeff,Dog,Fudge,Paul Hudson,https://www.flickr.com/photos/pahudson/6613620239,https://creativecommons.org/licenses/by/2.0/
cab8687669c26f61,Dog,Markie vs. the paper towels,an iconoclast,https://www.flickr.com/photos/14778685@N00/253271731,https://creativecommons.org/licenses/by/2.0/
4be3ca3626fc5b67,Dog,Nugget is 2 kayoot,Rob and Stephanie Levy,https://www.flickr.com/photos/robandstephanielevy/3207432006/,https://creativecommons.org/licenses/by/2.0/
a257879cfe2351db,Dog,Trail dog.,Wade Treichler,https://www.flickr.com/photos/wadeferd/16958372945,https://creativecommons.org/licenses/by/2.0/
4d2946b52eef29e3,Dog,Charlie,Gabriel Flores Romero,https://www.flickr.com/photos/gabofr/3084256453,https://creativecommons.org/licenses/by/2.0/
5c1873095864d82a,Dog,Her eyes stopped me in my tracks,Rachel Kramer,https://www.flickr.com/photos/rkramer62/4077840182,https://creativecommons.org/licenses/by/2.0/
0c8bb76065da74a6,Dog,Snug as Two Bugs in a Rug,Kim Schuster,https://www.flickr.com/photos/timmielee5359/4996738734,https://creativecommons.org/licenses/by/2.0/
f6e3965f580a8003,Dog,Mr. Jersey,Damien Goodyear,https://www.flickr.com/photos/dkgimages/16733259627,https://creativecommons.org/licenses/by/2.0/
363909a15a88e2e6,Dog,Tigger,Gina Spadafori,https://www.flickr.com/photos/giori/2544859137,https://creativecommons.org/licenses/by/2.0/
20935572e2287e6e,Dog,Molly on the beach,Lee Coursey,https://www.flickr.com/photos/leeco/3163396365,https://creativecommons.org/licenses/by/2.0/
c96ec638c5b01ebf,Dog,Coach In Snow,mrpolyonymous,https://www.flickr.com/photos/mrpolyonymous/16419597966,https://creativecommons.org/licenses/by/2.0/
9df7fd59299e007b,Dog,Ali Kahn (1963),Municipal Archives of Trondheim,https://www.flickr.com/photos/trondheim_byarkiv/17375838798,https://creativecommons.org/licenses/by/2.0/
c002c589ba831284,Dog,DSC_1272_v1,Sean Hurley,https://www.flickr.com/photos/viennacafe/7001183392,https://creativecommons.org/licenses/by/2.0/
6cac3c84420878b8,Dog,Milly,Jason Howie,https://www.flickr.com/photos/jasonahowie/2304821817,https://creativecommons.org/licenses/by/2.0/
c6a98dc46c6f911f,Dog,Barking sausage,Newtown grafitti,https://www.flickr.com/photos/newtown_grafitti/9894781045,https://creativecommons.org/licenses/by/2.0/
5bf1fa3aa51f872e,Dog,Beitske fên 't Leeuwenhiem,MJ Klaver,https://www.flickr.com/photos/mjk23/5041699764,https://creativecommons.org/licenses/by/2.0/
075f1664f446105b,Dog,Mia the Whippet,Aero Pixels,https://www.flickr.com/photos/levien66/18746477826,https://creativecommons.org/licenses/by/2.0/
b4248a8ddafedee0,Dog,inu,Satoshi KINOKUNI,https://www.flickr.com/photos/nikunoki/21324727281,https://creativecommons.org/licenses/by/2.0/
5f4e11a477a8d2ca,Dog,Dog Park 3,amyinasheville,https://www.flickr.com/photos/10253156@N06/2437357758,https://creativecommons.org/licenses/by/2.0/
7e489e728a01eb35,Dog,Buruco 2,tanakawho,https://www.flickr.com/photos/28481088@N00/330752973,https://creativecommons.org/licenses/by/2.0/
16ea82f070fcc1b0,Dog,Leia: 8/2/2015,Arturo Pardavila III,https://www.flickr.com/photos/apardavila/20327316581,https://creativecommons.org/licenses/by/2.0/
e6e49a3ca5d5e90d,Dog,Hounslow,Audrey,https://www.flickr.com/photos/audreyjm529/3796170841,https://creativecommons.org/licenses/by/2.0/
b68e0a5152581da0,Dog,Putter Fluff Larrison,Jim Larrison,https://www.flickr.com/photos/larrison/15053674725,https://creativecommons.org/licenses/by/2.0/
37c21796a4741b93,Dog,Ghost Dog,Thomas &amp; Dianne Jones,https://www.flickr.com/photos/freewine/5719924811,https://creativecommons.org/licenses/by/2.0/
c366773a89f675ae,Dog,Untitled,Cherrie Mio Rhodes,https://www.flickr.com/photos/cherriemio/8722583464/,https://creativecommons.org/licenses/by/2.0/
a7b0ee4a6c0e370d,Dog,My Dog Buddie and the feilds outside my house,Paisley Scotland,https://www.flickr.com/photos/paisleyorguk/2277650198,https://creativecommons.org/licenses/by/2.0/
164c4f4e390c2ead,Dog,"Jak, Saba, Charlie, Bravo",fugzu,https://www.flickr.com/photos/70253321@N00/8102183959,https://creativecommons.org/licenses/by/2.0/
e1ff3fe8624166da,Dog,Bunny's mine now!,Ryan Carr,https://www.flickr.com/photos/carrryan/2544204010,https://creativecommons.org/licenses/by/2.0/
19520d99aed0ddfc,Dog,sup dog,David Lenker,https://www.flickr.com/photos/denimdave/4931434462,https://creativecommons.org/licenses/by/2.0/
83bd80993acaa640,Dog,The Great Dane,swong95765,https://www.flickr.com/photos/29487672@N07/14689701311,https://creativecommons.org/licenses/by/2.0/
8fe80aa1b1d308ba,Dog,Photowalk_35mm (31 von 33),Timo Heinz,https://www.flickr.com/photos/timoheinz/15492176341,https://creativecommons.org/licenses/by/2.0/
800e733113c365a3,Dog,Blonde Next Door,neekoh.fi,https://www.flickr.com/photos/neekohfi/4620093204,https://creativecommons.org/licenses/by/2.0/
92078b7e0c5322cb,Dog,Max 2,Lil Shepherd,https://www.flickr.com/photos/lilshepherd/16875127774,https://creativecommons.org/licenses/by/2.0/
1637be87851edd97,Dog,Woolly Dulux dogs B&W,Micolo J,https://www.flickr.com/photos/robin1966/13016591414,https://creativecommons.org/licenses/by/2.0/
2a6a72f816089dc6,Dog,Garron 022,Ian McDonnell,https://www.flickr.com/photos/ian_mcdonnell/16192758259,https://creativecommons.org/licenses/by/2.0/
df708e6caf66a2b2,Dog,"Julia, the prettiest daschund .JPG",Rana Sinha,https://www.flickr.com/photos/56761195@N00/4774916833,https://creativecommons.org/licenses/by/2.0/
38845082e56653e4,Dog,2009 Trip to Lincoln City,Kat Kellner,https://www.flickr.com/photos/93033713@N00/3383752411,https://creativecommons.org/licenses/by/2.0/
b7feeb55376f9039,Dog,Gordon Setter,richkidsunite,https://www.flickr.com/photos/89186997@N00/1479227609,https://creativecommons.org/licenses/by/2.0/
4cdae3a65963150d,Dog,"dog or ewok? #louie now that bacon is fone, must fill the void",Jon Phillips,https://www.flickr.com/photos/jonphillips/8260412648,https://creativecommons.org/licenses/by/2.0/
8c28b103a38c9745,Dog,honeymoon camp day one arrive,Jack Berry,https://www.flickr.com/photos/jackberry/3740525250,https://creativecommons.org/licenses/by/2.0/
343d40534f90b646,Dog,DSC02656,Ryan Basilio,https://www.flickr.com/photos/thetalesend/4874273898/,https://creativecommons.org/licenses/by/2.0/
f232aa85e9d9713c,Dog,DSC09390,Marco De Zio,https://www.flickr.com/photos/marco_de_zio/5348543543,https://creativecommons.org/licenses/by/2.0/
08a3a2eb723c3a31,Dog,Abbey,Chris Barker,https://www.flickr.com/photos/clb8888/521864968,https://creativecommons.org/licenses/by/2.0/
9c747375e1ce8c50,Dog,lulu got totally sick of camping,libraryrachel,https://www.flickr.com/photos/libraryrachel/3631218054,https://creativecommons.org/licenses/by/2.0/
8393f4ffae500e3a,Dog,Borzoi,Monica Sekhon,https://www.flickr.com/photos/monicasekhon/4471178329/,https://creativecommons.org/licenses/by/2.0/
5591cd950228d712,Dog,Billie,My Past,https://www.flickr.com/photos/urnes/2942681766,https://creativecommons.org/licenses/by/2.0/
bc23b2d253e3b79e,Dog,chloe,josh,https://www.flickr.com/photos/joshdubya/3467830983,https://creativecommons.org/licenses/by/2.0/
da72bb582974edc6,Dog,Mon Cocker Anglais,Nicolas Torres - Puy Virginie,https://www.flickr.com/photos/torres-puy/8395639340,https://creativecommons.org/licenses/by/2.0/
b9bc285ce9be965d,Dog,"Led, Led Zepplin",Guto Robles,https://www.flickr.com/photos/57056358@N02/5388291501,https://creativecommons.org/licenses/by/2.0/
3837373454729316,Dog,bella4,paul,https://www.flickr.com/photos/75058251@N05/8016019488,https://creativecommons.org/licenses/by/2.0/
82689860baaf0c83,Dog,"LilDog, Jewelry Store, Chinatown",Orin Zebest,https://www.flickr.com/photos/orinrobertjohn/2220512860,https://creativecommons.org/licenses/by/2.0/
71f6e949586947fd,Wolf,Arctic_Wolf_4,Fool4myCanon,https://www.flickr.com/photos/80054014@N07/8756123660,https://creativecommons.org/licenses/by/2.0/
5616a6bb8b5e48aa,Wolf,"Himalayan Zoo, Darjeeling",shankar s.,https://www.flickr.com/photos/shankaronline/7353923728,https://creativecommons.org/licenses/by/2.0/
ea07e52e662796f5,Wolf,Grey Wolf at Calgary Zoo,Calgary Reviews,https://www.flickr.com/photos/calgaryreviews/8505261847,https://creativecommons.org/licenses/by/2.0/
76fb6ff054ffbc10,Wolf,Coyote,mrpolyonymous,https://www.flickr.com/photos/mrpolyonymous/6863026255,https://creativecommons.org/licenses/by/2.0/
fb65524f52272e54,Wolf,Wolff8,Angell Williams,https://www.flickr.com/photos/53357045@N02/4973645302,https://creativecommons.org/licenses/by/2.0/
b819bd67ec1b44d0,Wolf,howling_wolf,Fool4myCanon,https://www.flickr.com/photos/80054014@N07/8756057368,https://creativecommons.org/licenses/by/2.0/
f32c23366c2b1c10,Wolf,4-levi-saunders,Scott Schwartz,https://www.flickr.com/photos/126793344@N05/16214328132,https://creativecommons.org/licenses/by/2.0/
39b47bf45ea3275c,Wolf,gray_wolf_photo,U.S. Department of Agriculture,https://www.flickr.com/photos/usdagov/6721834473,https://creativecommons.org/licenses/by/2.0/
9c734e3459c14801,Wolf,高清风景壁纸汇总[第1期],一元 马,https://www.flickr.com/photos/pictruer/5640112128,https://creativecommons.org/licenses/by/2.0/
16e30c3f32a91b17,Wolf,"Maned Wolf (Chrysocyon Brachyurus), Hamerton Zoo",Spencer Wright,https://www.flickr.com/photos/spencer77/4901282571,https://creativecommons.org/licenses/by/2.0/
8689a0d6f11338e4,Jackal,Schabrakschakal / Black-backed Jackal,Åsa Berndtsson,https://www.flickr.com/photos/93892629@N07/12093289386,https://creativecommons.org/licenses/by/2.0/
c6ecda39229ec095,Jackal,Fox cubs play–fighting in the garden,James Wragg,https://www.flickr.com/photos/jameswragg/4846434238,https://creativecommons.org/licenses/by/2.0/
25b22641ea273085,Jackal,Coyote's profile,Justin 0 of 0,https://www.flickr.com/photos/justinjohnsen/2198366137,https://creativecommons.org/licenses/by/2.0/
bd6af6051f4b68bc,Jackal,Black-backed Jackal,Jack Versloot,https://www.flickr.com/photos/jackversloot/389034193,https://creativecommons.org/licenses/by/2.0/
0a065fc6f38a51c9,Jackal,Colorado 2013,Jeff Gunn,https://www.flickr.com/photos/jeffgunn/8569931009,https://creativecommons.org/licenses/by/2.0/
b6b6978302cb3852,Hyena,Sleeping spotted hyena,Ronnie Macdonald,https://www.flickr.com/photos/ronmacphotos/11065821864,https://creativecommons.org/licenses/by/2.0/
14cc1665af1aebf6,Hyena,"Spotted Hyena - Masai Mara National Reserve, Kenya.  05.08.2008",JULIAN MASON,https://www.flickr.com/photos/meandmyshadow/3521133754,https://creativecommons.org/licenses/by/2.0/
2471a362c98fa75d,Hyena,IMG_6316,Sankara Subramanian,https://www.flickr.com/photos/sankaracs/8014994575,https://creativecommons.org/licenses/by/2.0/
374c8dcdcf9e9249,Hyena,"Spotted Hyena, Etosha",NH53,https://www.flickr.com/photos/nh53/5064016467,https://creativecommons.org/licenses/by/2.0/
5b7ac67e7b43a2ae,Hyena,Hyena,Jonas Bengtsson,https://www.flickr.com/photos/jonasb/7133227725,https://creativecommons.org/licenses/by/2.0/
e5c84d61b3c3dad6,Fox,curious,Tomas Caspers,https://www.flickr.com/photos/tomascaspers/120769514,https://creativecommons.org/licenses/by/2.0/
5b7e40de768a5e98,Fox,isn't she beautiful,shrinkin&#x27;violet,https://www.flickr.com/photos/samuir/8430822100,https://creativecommons.org/licenses/by/2.0/
ae5930ecbc05eae5,Fox,Zorro,Ramón Portellano,https://www.flickr.com/photos/118276383@N05/14324336669,https://creativecommons.org/licenses/by/2.0/
aab22da09e25b759,Fox,Greenland 2012,Rene Schwietzke,https://www.flickr.com/photos/rene-germany/15666595378,https://creativecommons.org/licenses/by/2.0/
c031df984388c696,Fox,_Y1A1520,Ninara,https://www.flickr.com/photos/ninara/17972639696,https://creativecommons.org/licenses/by/2.0/
ab5fdf508731f851,Fox,European red fox,Marie Hale,https://www.flickr.com/photos/15016964@N02/5662097343,https://creativecommons.org/licenses/by/2.0/
7a848927a30e3df2,Fox,coyote,U.S. Fish and Wildlife Service Headquarters,https://www.flickr.com/photos/usfwshq/6659380939,https://creativecommons.org/licenses/by/2.0/
f7d60914209e87cd,Fox,"Red Wolf, Tacoma, WA Pt. Defiance Zoo",Christine Majul,https://www.flickr.com/photos/kitkaphotogirl/15842708190,https://creativecommons.org/licenses/by/2.0/
dcf65fffe4125877,Fox,Common Fox (8) - Version 2,sighmanb,https://www.flickr.com/photos/23632548@N00/8357178309/,https://creativecommons.org/licenses/by/2.0/
9340fa240ace666f,Fox,Fox eating mole,Lauris Rubenis,https://www.flickr.com/photos/beardforgood/9347486421,https://creativecommons.org/licenses/by/2.0/
58e32b1be1a8b5b4,Cat,Miss Cleo,Amy,https://www.flickr.com/photos/amylovesyah/5668012958,https://creativecommons.org/licenses/by/2.0/
5238ad86de44ceb8,Cat,IMG_1854,Michael Richardson,https://www.flickr.com/photos/mtrichardson/4832617134,https://creativecommons.org/licenses/by/2.0/
155fadedae2caf64,Cat,neko,yoggy0,https://www.flickr.com/photos/yoggy0/3903673974,https://creativecommons.org/licenses/by/2.0/
603bd0f27aa853f5,Cat,Nap Time,darvon63,https://www.flickr.com/photos/darvon63/4611523673,https://creativecommons.org/licenses/by/2.0/
a0393782540896b6,Cat,As Usual,Mary-Lynn,https://www.flickr.com/photos/mary-lynn/2726691791,https://creativecommons.org/licenses/by/2.0/
ac26a2581b7afda1,Cat,DSC06480,youngseok lee,https://www.flickr.com/photos/mulgae26/9160525362,https://creativecommons.org/licenses/by/2.0/
b045f820847fc41a,Cat,Just a cat at the Zoo,Mihai Bojin,https://www.flickr.com/photos/mihaibojin/2855984774,https://creativecommons.org/licenses/by/2.0/
cf77bf34dbd15f33,Cat,YoungMaleCat2,1970 Lincoln Continental,https://www.flickr.com/photos/39311243@N05/4273384100,https://creativecommons.org/licenses/by/2.0/
8ef8c290f6d316e9,Cat,Boxer,Jay J1,https://www.flickr.com/photos/feralrescue/887818925,https://creativecommons.org/licenses/by/2.0/
4026314886cb0ca8,Cat,cat,steve p2008,https://www.flickr.com/photos/stevepj2009/3408990247,https://creativecommons.org/licenses/by/2.0/
fee2769e77184a90,Cat,Babi,Daniel70mi Falciola,https://www.flickr.com/photos/provence___provenza/9665083897,https://creativecommons.org/licenses/by/2.0/
65d707a37d182f21,Cat,FEE_9390,nikontino,https://www.flickr.com/photos/nikontino/6054760771,https://creativecommons.org/licenses/by/2.0/
14f100eb85e81b95,Cat,Kitties-3,wsilver,https://flickr.com/24949967@N08/19809907183,https://creativecommons.org/licenses/by/2.0/
1bc87374987751ad,Cat,Sakura,Sabrina Eras,https://www.flickr.com/photos/sabrinaeras/2306877579,https://creativecommons.org/licenses/by/2.0/
20d5b89bf2e22480,Cat,I'm a cat.,Honou,https://www.flickr.com/photos/honou/4063179071,https://creativecommons.org/licenses/by/2.0/
70498bd2864c0fe3,Bear,IMG_3483,Mike Bowler,https://www.flickr.com/photos/mbowler/9596511118,https://creativecommons.org/licenses/by/2.0/
9124b81e9da10753,Bear,Polar Bear,Kristine Paulus,https://www.flickr.com/photos/kpaulus/4493726906,https://creativecommons.org/licenses/by/2.0/
cffa088717047957,Bear,Bears @ The Bronx Zoo,Tammy Lo,https://www.flickr.com/photos/tammylo/14418671961,https://creativecommons.org/licenses/by/2.0/
4038c53d8b6779b8,Bear,polar bear,Travis Grathwell,https://www.flickr.com/photos/sivart13/6067095851,https://creativecommons.org/licenses/by/2.0/
456ba2fbfc81d963,Bear,Berliner Bär im Bärenzwinger 3/3,Iwan Gabovitch,https://www.flickr.com/photos/qubodup/3557683230,https://creativecommons.org/licenses/by/2.0/
8fbdeff053852ee7,Raccoon,whats up? :),HaPe_Gera,https://www.flickr.com/photos/hape_gera/197200962,https://creativecommons.org/licenses/by/2.0/
2815e1c5b01c9a65,Raccoon,Roger Raccoon hates this rug,Jon Rawlinson,https://www.flickr.com/photos/london/2092223321,https://creativecommons.org/licenses/by/2.0/
5b8eabcfe27b55a2,Raccoon,Mapache curioseando,Pablo Spekuljak,https://www.flickr.com/photos/spekul/14510226253,https://creativecommons.org/licenses/by/2.0/
c7021be2928eaddd,Raccoon,DSC_3844f,Brendan Lally,https://www.flickr.com/photos/pictiurfear/2188810066,https://creativecommons.org/licenses/by/2.0/
fb68c08d75899763,Raccoon,# 4,diastème (Sarah Giboni),https://www.flickr.com/photos/sahlameche/10605786525,https://creativecommons.org/licenses/by/2.0/
fe74db66cfd0590b,Lion,Male White Lion Head,Graham Holtshausen,https://www.flickr.com/photos/freedom-studios/6587426527,https://creativecommons.org/licenses/by/2.0/
63eea08ae3c49842,Lion,IMG_0872zoo,Jorge Mejía peralta,https://www.flickr.com/photos/mejiaperalta/5705267747,https://creativecommons.org/licenses/by/2.0/
e30c04da9f5c1bed,Lion,Just a Big Kitty,peasap,https://www.flickr.com/photos/peasap/855776347,https://creativecommons.org/licenses/by/2.0/
450f18ba8939e75d,Lion,Battle Face,Steve Jurvetson,https://www.flickr.com/photos/jurvetson/6676754575,https://creativecommons.org/licenses/by/2.0/
73d637dcda38403c,Lion,Female Lion - Lioness - South Africa Safari - Djuma Game Reserve - Sabi Sand - Kruger National Park,David Berkowitz,https://www.flickr.com/photos/davidberkowitz/5588049848,https://creativecommons.org/licenses/by/2.0/
ac18cfbd5f4ceb26,Rabbit,Running Hare - Lepus nigricollis,Dhruvaraj S,https://www.flickr.com/photos/dhruvaraj/9533162934,https://creativecommons.org/licenses/by/2.0/
a5d147785962252e,Rabbit,Brotherly love #jaffa #houdini,Kelly Parker McPherson,https://www.flickr.com/photos/kellymcpherson/20553815508,https://creativecommons.org/licenses/by/2.0/
9fcefa8dc37567e6,Rabbit,DSC00467,steve,https://www.flickr.com/photos/carnagevisors/4237281390,https://creativecommons.org/licenses/by/2.0/
a6111a1f34b068f5,Rabbit,konijn,jelkeschaafsma,https://www.flickr.com/photos/24746830@N06/2909403105,https://creativecommons.org/licenses/by/2.0/
38fb7f570422b0a1,Rabbit,So close I could've picked it up,Kristine Paulus,https://www.flickr.com/photos/kpaulus/15248059291,https://creativecommons.org/licenses/by/2.0/
e3a04475047a8e28,Sheep,Old Mckdonald farm,Vlad Busuioc,https://www.flickr.com/photos/13255522@N04/13419713553,https://creativecommons.org/licenses/by/2.0/
832dfca068646e7d,Sheep,Bighorn Sheep,Ingrid Taylar,https://www.flickr.com/photos/taylar/2977763362,https://creativecommons.org/licenses/by/2.0/
ae3a7ec3ecd4fd80,Sheep,Big Ram,Malcolm Manners,https://www.flickr.com/photos/mmmavocado/5753394979,https://creativecommons.org/licenses/by/2.0/
19c027351a250dcd,Sheep,Sheep,Tristan Ferne,https://www.flickr.com/photos/tristanf/5439343324,https://creativecommons.org/licenses/by/2.0/
13ee91a9369e648d,Sheep,Baby Goats,Chris Barker,https://www.flickr.com/photos/clb8888/953857554,https://creativecommons.org/licenses/by/2.0/
0901750bfc835e14,Teddy bear,DSC03700,Ross Kay,https://www.flickr.com/photos/roskomcqueen/5652247458,https://creativecommons.org/licenses/by/2.0/
b71404ee9f8a14b5,Teddy bear,PICT9460,Jason O&#x27;Donnell,https://www.flickr.com/photos/jasethehack/5251054704,https://creativecommons.org/licenses/by/2.0/
942bbf7a2db2e031,Teddy bear,Around the house on a cold winters day,Thank you for visiting my page,https://www.flickr.com/photos/davebloggs007/12750451425,https://creativecommons.org/licenses/by/2.0/
34f7030f1a9eb95f,Teddy bear,リラックマ-LUMIX GF3 (6),uka0310,https://www.flickr.com/photos/uka0310/7070477709,https://creativecommons.org/licenses/by/2.0/
b695f2faebfe9ce3,Teddy bear,Babson Beaver,sporst,https://www.flickr.com/photos/sporst/5763371223,https://creativecommons.org/licenses/by/2.0/
74a814b01fff26b7,Teddy bear,Be my Valentine,Honou,https://www.flickr.com/photos/honou/8481276853,https://creativecommons.org/licenses/by/2.0/
a25a74a471183cee,Teddy bear,George and Pinny at the Gran Melia Don Pepe Marbella Spain 2008,Gary Bembridge,https://www.flickr.com/photos/tipsfortravellers/2217466850,https://creativecommons.org/licenses/by/2.0/
e9cbff84cb16218c,Teddy bear,Happy Swifty,Spider.Dog,https://www.flickr.com/photos/spiderdog/3660136799,https://creativecommons.org/licenses/by/2.0/
fce6ff4c5550bdbc,Teddy bear,Untitled,Rick McCharles,https://www.flickr.com/photos/rickmccharles/9390058354,https://creativecommons.org/licenses/by/2.0/
5bd094011dba0dbc,Teddy bear,Bruco,Gennaro Visciano,https://www.flickr.com/photos/checiap/18366123,https://creativecommons.org/licenses/by/2.0/
39d84c6b7460580b,Airplane,"N10471 a 1929 Adcox Special Student Prince, serial number 2",Jerry Gunner,https://www.flickr.com/photos/13722921@N06/3832161673,https://creativecommons.org/licenses/by/2.0/
2d5f956711891c46,Airplane,American at SFO,Richard Eriksson,https://www.flickr.com/photos/sillygwailo/4545541287,https://creativecommons.org/licenses/by/2.0/
24a06bd7180e4150,Airplane,05.09.10 MUC Air Baltic Dash8-Q400 YL-BAE,Johannes Waim,https://www.flickr.com/photos/spotterjohnson/4960630236,https://creativecommons.org/licenses/by/2.0/
3a997fb613da7217,Airplane,OH-LZH,Valentin Hintikka,https://www.flickr.com/photos/valentinhintikka/15269363082,https://creativecommons.org/licenses/by/2.0/
3ec661030be3d248,Airplane,Consolidated PBY Catalina 2,Matthew Colvin de Valle,https://www.flickr.com/photos/matthewdevalle/6137295752,https://creativecommons.org/licenses/by/2.0/
ba9911a4927c116d,Building,2010 11 10_7512_edited-1,Jolene,https://www.flickr.com/photos/44845752@N04/5200517321,https://creativecommons.org/licenses/by/2.0/
72a60fb96001576f,Building,IMG_0957,ayoub.reem,https://www.flickr.com/photos/127030227@N02/15143348737/,https://creativecommons.org/licenses/by/2.0/
d0cc1dd96b4c50a8,Building,"GLC, john bancroft, architect: pimlico school, london oktober 2006",seier+seier,https://www.flickr.com/photos/seier/651537587,https://creativecommons.org/licenses/by/2.0/
9a29ca9a54a171c0,Building,Future Rizqin Factory,MyLifeStory,https://www.flickr.com/photos/mylifestory/3175714327,https://creativecommons.org/licenses/by/2.0/
7c084a96b181a8fa,Building,P a l o m a,Annais Ferreira,https://www.flickr.com/photos/annais/223311900,https://creativecommons.org/licenses/by/2.0/
637da1bc9b8600b0,Flower,Flowers of Mexico (5),Jorge Brazil,https://www.flickr.com/photos/viajor/15265348689,https://creativecommons.org/licenses/by/2.0/
0e95adfda457ecb4,Flower,IMG_9111,J. Todd Poling,https://www.flickr.com/photos/bigdog3c/413751625,https://creativecommons.org/licenses/by/2.0/
d4bf21f47ea2c9ee,Flower,Cactus on road to Addo,Brian Snelson,https://www.flickr.com/photos/exfordy/429423708,https://creativecommons.org/licenses/by/2.0/
9c526e85bb5e687c,Flower,growing near a place of power,Pfauenauge *back to school...on and off*,https://www.flickr.com/photos/maikaefer/6707044975,https://creativecommons.org/licenses/by/2.0/
1f54f9057693cd42,Flower,8 avril 2015 Magnolias de l'Orangerie,Suzanne,https://www.flickr.com/photos/sweetpeasue/16874648667,https://creativecommons.org/licenses/by/2.0/
d2158adf9773ea95,Food,Breakfast on campus,Eric E Castro,https://www.flickr.com/photos/ecastro/16530634172,https://creativecommons.org/licenses/by/2.0/
0583e7310fc03182,Food,Potato Ball Curry,J B,https://www.flickr.com/photos/lobsterstew/144565710,https://creativecommons.org/licenses/by/2.0/
d1871e9b8558f722,Food,Laboratory mode .. Working-working-working,Rien Jin,https://www.flickr.com/photos/30176488@N02/10586587396,https://creativecommons.org/licenses/by/2.0/
fd5818664cbe2e83,Food,normal_PC066826,Emilian Robert Vicol,https://www.flickr.com/photos/free-stock/4791276877,https://creativecommons.org/licenses/by/2.0/
5bf471e727874d13,Food,Handmade Brioche and Breads,THOR,https://www.flickr.com/photos/geishaboy500/4592194284,https://creativecommons.org/licenses/by/2.0/
