id,role,group,label,label_ja,score
08f89ce2c555e3e0,cal,dog,Dog,犬,0.15060
fdce124e58864e2d,cal,dog,Dog,犬,0.16167
c7b87ce84e6e551c,cal,dog,Dog,犬,0.17853
2066af927829fd68,cal,dog,Dog,犬,0.11386
db1c9f0272a9b42b,cal,dog,Dog,犬,0.12157
1b4fdb1ea21e5c60,cal,dog,Dog,犬,0.16026
f6f6d61150ad4420,cal,dog,Dog,犬,0.12417
90735a1f346057b9,cal,dog,Dog,犬,0.18715
87e809414abfdd95,cal,dog,Dog,犬,0.12781
db7a0b29f13d0225,cal,dog,Dog,犬,0.09989
cfeac94a3a0e8c87,cal,dog,Dog,犬,0.16211
1fa1b491efa206cf,cal,dog,Dog,犬,0.23756
6c47b8ca9f09173c,cal,dog,Dog,犬,0.14512
b64698c794c9fe29,cal,dog,Dog,犬,0.11422
8030590a20c0f165,cal,dog,Dog,犬,0.27491
26e0267dd33e2b1e,cal,dog,Dog,犬,0.14742
c7cce89de58786f4,cal,dog,Dog,犬,0.12934
f11d7af293dedf74,cal,dog,Dog,犬,0.19521
be35e69b70a7560c,cal,dog,Dog,犬,0.10768
159597f9e03d5901,cal,dog,Dog,犬,0.13595
9ccafd5c02ddb5a4,cal,dog,Dog,犬,0.12543
62e0d8804ebabb07,cal,dog,Dog,犬,0.13491
3346a87226d0d2ee,cal,dog,Dog,犬,0.15453
6842e26ab1573289,cal,dog,Dog,犬,0.24083
f50fe9065327486f,cal,dog,Dog,犬,0.14106
5cbb8c1ad6057bc2,cal,dog,Dog,犬,0.20636
0f7d2e00f26e3937,cal,dog,Dog,犬,0.15284
94b8dce136868f2d,cal,dog,Dog,犬,0.13651
5932ce03b3846659,cal,dog,Dog,犬,0.16252
01f5c22d73bfed30,cal,dog,Dog,犬,0.23237
848a0d257872faff,cal,dog,Dog,犬,0.15271
33266d17c6eadfc0,cal,dog,Dog,犬,0.15818
51a5ee4d61090c6f,cal,dog,Dog,犬,0.16860
a82dbd540c0794c1,cal,dog,Dog,犬,0.16526
407f9a9fedbbf118,cal,dog,Dog,犬,0.21782
6a34adf788d504f7,cal,dog,Dog,犬,0.16362
d5958fece6a2885d,cal,dog,Dog,犬,0.14089
73e4e16a525b2fdd,cal,dog,Dog,犬,0.25390
b075f89ff8b28227,cal,dog,Dog,犬,0.14080
dace1d242aeab995,cal,dog,Dog,犬,0.22209
f4eead0cc1c94894,cal,dog,Dog,犬,0.16518
1250169046ccfa75,cal,dog,Dog,犬,0.10587
bc2c55b2afd52312,cal,dog,Dog,犬,0.12990
de747e5000f99f14,cal,dog,Dog,犬,0.18180
38420103e5f1a7b1,cal,dog,Dog,犬,0.18183
a7e08e8c16a547b8,cal,dog,Dog,犬,0.17831
cd6c8900fd2e9fed,cal,dog,Dog,犬,0.21514
21eb1a34d0fafcc5,cal,dog,Dog,犬,0.19053
10cf69694bfc3a0c,cal,dog,Dog,犬,0.15119
1c7282b013616378,cal,dog,Dog,犬,0.12087
4735e67f4ee5b8d1,cal,dog,Dog,犬,0.11777
7c01ca6f1df3b061,cal,dog,Dog,犬,0.16460
4726c67bb7b3c451,cal,dog,Dog,犬,0.16723
ca410a99ebddf843,cal,dog,Dog,犬,0.17568
6f38cc66eed27dc7,cal,dog,Dog,犬,0.15306
2fe698ca53f5c3be,cal,dog,Dog,犬,0.12599
ddacdf3ffdf1321e,cal,dog,Dog,犬,0.14189
5bf854071f8d39ca,cal,dog,Dog,犬,0.18815
945f3998dbeee306,cal,dog,Dog,犬,0.13568
6088d0185716467c,cal,dog,Dog,犬,0.10196
31903e180b32b03a,cal,dog,Dog,犬,0.38588
0ff33dbd32c0a0c0,cal,dog,Dog,犬,0.18530
d1aadc38c8123dab,cal,dog,Dog,犬,0.14638
7bbf5af7638f0590,cal,dog,Dog,犬,0.11641
fd11142b63a56348,cal,dog,Dog,犬,0.12779
58166c7bc1c7ca1b,cal,dog,Dog,犬,0.16019
bf1e97aa37e3f75a,cal,dog,Dog,犬,0.14418
ae12e8694d5e725f,cal,dog,Dog,犬,0.25965
a8831938047960f3,cal,dog,Dog,犬,0.13671
979f6ec1bd8e64f6,cal,dog,Dog,犬,0.10752
587de9139c4dc124,cal,dog,Dog,犬,0.12124
e86916f49ee4b44d,cal,dog,Dog,犬,0.12565
604b0b354e44316c,cal,dog,Dog,犬,0.15588
a4c47068eb5546fb,cal,dog,Dog,犬,0.24646
0e1bd95fdb4a0389,cal,dog,Dog,犬,0.16850
32639caf3d03c2af,cal,dog,Dog,犬,0.17569
577dae227dbe38bc,cal,dog,Dog,犬,0.10719
219d0bb4acecf73f,cal,dog,Dog,犬,0.14178
40c6a575c0f641a8,cal,dog,Dog,犬,0.10614
20bc4a8d6810b2f1,cal,dog,Dog,犬,0.13622
c32451e17eb95b1a,cal,dog,Dog,犬,0.22952
e2ba4466d406bb77,cal,dog,Dog,犬,0.16267
5153193bd904a535,cal,dog,Dog,犬,0.13676
ec652ac4e57414be,cal,dog,Dog,犬,0.14556
2aa83f4d9dbfdc54,cal,dog,Dog,犬,0.20075
9d0e197a38a6970d,cal,dog,Dog,犬,0.43910
0711d441ea37999e,cal,dog,Dog,犬,0.12753
bb30c37ccca4dbe2,cal,dog,Dog,犬,0.20722
73fbfd87a985dfdd,cal,dog,Dog,犬,0.20416
2ca82928a2310669,cal,dog,Dog,犬,0.26747
d47b0a63c4fdeae4,cal,dog,Dog,犬,0.11853
0505500241c3ed61,cal,dog,Dog,犬,0.18464
597a7203699c4110,cal,dog,Dog,犬,0.21328
537ac614b3730865,cal,dog,Dog,犬,0.15004
84831b581d527dda,cal,dog,Dog,犬,0.15972
a440ad32937fc9b1,cal,dog,Dog,犬,0.12307
5d47c5a2a24c2749,cal,dog,Dog,犬,0.30292
fd7a358986997ec5,cal,dog,Dog,犬,0.17202
b621f2f958de73ca,cal,dog,Dog,犬,0.15708
507a4093c6f3394f,cal,dog,Dog,犬,0.15776
efc891b50b541739,cal,dog,Dog,犬,0.13449
bf62e5965515d648,cal,dog,Dog,犬,0.22055
4de628c0f2c9ce45,cal,dog,Dog,犬,0.12717
157151d7c1ab5ae5,cal,dog,Dog,犬,0.16592
ceb4bc450b1a7290,cal,dog,Dog,犬,0.12191
6a8ef5b34717d849,cal,dog,Dog,犬,0.13808
3d43bbe6a23823ef,cal,dog,Dog,犬,0.15576
93c4ee11a10fdc6e,cal,dog,Dog,犬,0.13866
6616d1b17409f606,cal,dog,Dog,犬,0.12879
8bd5a048c5bdc216,cal,dog,Dog,犬,0.17787
de7605685de6a11d,cal,dog,Dog,犬,0.22348
f87f4d4d6ca5c103,cal,dog,Dog,犬,0.14476
89e7a65fdebca3ad,cal,dog,Dog,犬,0.16787
36c39e73ab010c81,cal,dog,Dog,犬,0.17329
1252dc9ad2144c5a,cal,dog,Dog,犬,0.14318
28b21d07b8cae2a6,cal,dog,Dog,犬,0.20506
e97347447baec108,cal,dog,Dog,犬,0.16468
b87713e7284df16d,cal,dog,Dog,犬,0.13595
fb5ef92aab554ac2,cal,dog,Dog,犬,0.11999
5b411ae40cb13857,cal,dog,Dog,犬,0.11144
678e171a953d58fa,cal,dog,Dog,犬,0.14101
a2be6d8d06a483ca,cal,dog,Dog,犬,0.13229
ec93281daf448b66,cal,dog,Dog,犬,0.12534
0ae7151888e5b894,cal,dog,Dog,犬,0.23647
87cc04e9196112d7,cal,dog,Dog,犬,0.14357
c35b0b2b797d1e2a,cal,dog,Dog,犬,0.17948
920f3bdcf6dd991a,cal,dog,Dog,犬,0.13300
6983262abece8039,cal,dog,Dog,犬,0.15793
75fbe1f7fa2e88bd,cal,dog,Dog,犬,0.12682
69c6f9f5e80cf21e,cal,dog,Dog,犬,0.11197
60dd6d4d7476c094,cal,dog,Dog,犬,0.09781
8dd222505ec7f903,cal,dog,Dog,犬,0.13114
14415ed514c3072e,cal,dog,Dog,犬,0.11278
d11456c644259761,cal,dog,Dog,犬,0.12711
6bb7d46e8feaf197,cal,dog,Dog,犬,0.19101
5483313d97bc1d2d,cal,dog,Dog,犬,0.10661
39976b3b2c69d34f,cal,dog,Dog,犬,0.29215
a4ed20c71c70e30f,cal,dog,Dog,犬,0.13727
a06869a734f8e18f,cal,dog,Dog,犬,0.21789
640815e8735b1604,cal,dog,Dog,犬,0.14804
bc0588553e8f62da,cal,dog,Dog,犬,0.11603
be418ea2bef8dbc3,cal,dog,Dog,犬,0.15344
731c72782e60b257,cal,dog,Dog,犬,0.15655
1012bb398131fe60,cal,dog,Dog,犬,0.15859
5c8c5b2867c9c49f,cal,dog,Dog,犬,0.15204
a7ae4a3272c371a8,cal,dog,Dog,犬,0.17766
6d3d9bb43b33ea7f,cal,dog,Dog,犬,0.16518
2e21b13ff742fcbf,cal,dog,Dog,犬,0.15543
5af63fe22447bc6a,cal,dog,Dog,犬,0.16448
cfd55a6077d20ca1,cal,dog,Dog,犬,0.17595
21fc397c4450ab01,cal,dog,Dog,犬,0.15255
153d7ae4c75d9581,cal,dog,Dog,犬,0.16538
973d61d07c386a5b,cal,dog,Dog,犬,0.24944
dfda9958d70717b2,cal,dog,Dog,犬,0.16144
df05cadab436ea1e,cal,dog,Dog,犬,0.13764
6da4524e4858f095,cal,dog,Dog,犬,0.17027
7a134f09f64cf68c,cal,dog,Dog,犬,0.15782
4611e2d201e121ba,cal,dog,Dog,犬,0.11273
951f520cdc643da2,cal,dog,Dog,犬,0.13495
78f35610b627da1e,cal,dog,Dog,犬,0.17391
738f60668cc1f099,cal,dog,Dog,犬,0.15922
b4343a28481acd8d,cal,dog,Dog,犬,0.11820
afa0758a2a83c618,cal,dog,Dog,犬,0.15468
96ec56bb29102c24,cal,dog,Dog,犬,0.13212
5c4ed6811cedd1c4,cal,dog,Dog,犬,0.10773
caf67f0f714d4de0,cal,dog,Dog,犬,0.15911
a0378bb25f976846,cal,dog,Dog,犬,0.14205
6525d80c32c15d54,cal,dog,Dog,犬,0.20166
6169fc71882bd442,cal,dog,Dog,犬,0.14803
119ad450c3f9b754,cal,dog,Dog,犬,0.17163
4386568b9f06f71c,cal,dog,Dog,犬,0.14302
3bd1bfe2c94711fb,cal,dog,Dog,犬,0.16718
162b292ac0124c58,cal,dog,Dog,犬,0.19871
1ab096925c0c44f6,cal,dog,Dog,犬,0.11292
7fd34de7c96eea07,cal,dog,Dog,犬,0.14210
df24cb213ae0c472,cal,dog,Dog,犬,0.15956
3284259836768c06,cal,dog,Dog,犬,0.14427
d9fd379f22c1e49d,cal,dog,Dog,犬,0.11887
6f895675b69c8159,cal,dog,Dog,犬,0.24856
21543717a3478707,cal,dog,Dog,犬,0.11963
2583e7ab5989d947,cal,dog,Dog,犬,0.11304
3f26f416662d8733,cal,dog,Dog,犬,0.12642
ec5dd9f2989efcf1,cal,dog,Dog,犬,0.13269
72bee1f81131d624,cal,dog,Dog,犬,0.10459
29366b386e7bdfb5,cal,dog,Dog,犬,0.23376
23d21fa583eca345,cal,dog,Dog,犬,0.22254
cedee3f0e2206a15,cal,dog,Dog,犬,0.15212
d1bc1e3c194bbab1,cal,dog,Dog,犬,0.13378
ea1db7f74dd0ff9a,cal,dog,Dog,犬,0.22021
ebcb386d2aba9790,cal,dog,Dog,犬,0.20380
35cd692de448c717,cal,dog,Dog,犬,0.17906
700162e4f1a98ef6,cal,dog,Dog,犬,0.18689
f25137156d1e104b,cal,dog,Dog,犬,0.11912
62c564b760594689,cal,dog,Dog,犬,0.14459
42916e01bee9f914,cal,dog,Dog,犬,0.15373
8d5fd3ef76c0ed91,cal,dog,Dog,犬,0.13336
231f512364dd6b57,cal,dog,Dog,犬,0.19217
83f4312565c344c5,cal,dog,Dog,犬,0.14198
d9cd0987b5691ba1,cal,dog,Dog,犬,0.14772
b2c21644e36b9b5a,cal,dog,Dog,犬,0.14874
0faf157ce4be0f5e,cal,dog,Dog,犬,0.13248
b89219964bbd8b8b,cal,dog,Dog,犬,0.24070
8bc1ed6d3bd7c824,cal,dog,Dog,犬,0.13590
a9392502c827d5ef,cal,dog,Dog,犬,0.13458
e6ed666055c509fa,cal,dog,Dog,犬,0.14836
25fb8c3640d43587,cal,dog,Dog,犬,0.12217
f3ed00e7e226d442,cal,dog,Dog,犬,0.19966
6b6cafd4a8044ac6,cal,dog,Dog,犬,0.18452
c7f8e3b53d04d87a,cal,dog,Dog,犬,0.17770
0606265a9ceefded,cal,dog,Dog,犬,0.12054
e52c0779b2fa3474,cal,dog,Dog,犬,0.12014
a018d802a8ee985f,cal,dog,Dog,犬,0.15235
abfde77b97e66b21,cal,dog,Dog,犬,0.12824
392265051c15c160,cal,dog,Dog,犬,0.23682
299824db814d323a,cal,dog,Dog,犬,0.28671
5c5cc07fc6c7151b,cal,dog,Dog,犬,0.14277
226b41f83b053f56,cal,dog,Dog,犬,0.17161
1e5c8f16411549eb,cal,dog,Dog,犬,0.16616
75e3b2e7c54940d0,cal,dog,Dog,犬,0.12956
8b3ea0864978330c,cal,dog,Dog,犬,0.14364
c843d86e1d14c4bd,cal,dog,Dog,犬,0.11463
b158eac8fa185f9c,cal,dog,Dog,犬,0.14825
126197043e0e77a9,cal,dog,Dog,犬,0.18893
f967c8b8884cb205,cal,dog,Dog,犬,0.12113
262780f2211e3819,cal,dog,Dog,犬,0.14604
5b6cc1efbf99689c,cal,dog,Dog,犬,0.15086
480ca50346e63a3f,cal,dog,Dog,犬,0.11211
e0c62bc2c11af8e7,cal,dog,Dog,犬,0.11992
6c19f01a5335358c,cal,dog,Dog,犬,0.15381
ab896f3bf47a7e60,cal,dog,Dog,犬,0.15524
e60cd294e9af6304,cal,dog,Dog,犬,0.13837
052b579fce6e42ac,cal,dog,Dog,犬,0.15106
3c787f1b59e6dabc,cal,dog,Dog,犬,0.16644
2875b541cf9a3f04,cal,dog,Dog,犬,0.15604
e5a314b72f1c20ac,cal,dog,Dog,犬,0.12808
78dab0e9bfba403f,cal,dog,Dog,犬,0.14300
0ee97deebe66ef2c,cal,dog,Dog,犬,0.11483
a3422ef6afa53cc7,cal,dog,Dog,犬,0.15595
6b419f5386dda83b,cal,dog,Dog,犬,0.14537
23f67596f2fbd7c4,cal,dog,Dog,犬,0.14493
35a4b49f44ba1f9e,cal,dog,Dog,犬,0.21615
0876506af8192522,cal,dog,Dog,犬,0.12328
3766e8bca49cfae2,cal,dog,Dog,犬,0.12085
f291adb9ddababfb,cal,dog,Dog,犬,0.17170
bf8145ee4ae67698,cal,dog,Dog,犬,0.12254
ad1a581a0f867d1d,cal,dog,Dog,犬,0.12386
90aae7f287fce3e9,cal,dog,Dog,犬,0.14730
1233762e6e9db7d6,cal,dog,Dog,犬,0.13774
bb11b99d3355d073,cal,dog,Dog,犬,0.18150
d3b7b8981791d994,cal,dog,Dog,犬,0.11681
c49d2c78aa480448,cal,dog,Dog,犬,0.20125
caa33b00fcb86399,cal,dog,Dog,犬,0.16845
4634f8c8ba0ceaf9,cal,dog,Dog,犬,0.14547
8a94b65c61d4d170,cal,dog,Dog,犬,0.19384
ebc9855c96b9a9ae,cal,dog,Dog,犬,0.32466
944d0c0227a0fea5,cal,dog,Dog,犬,0.17411
6414ba9dc49fa297,cal,dog,Dog,犬,0.19257
ad12226074502a45,cal,dog,Dog,犬,0.15254
20c6451f2695dd2e,cal,dog,Dog,犬,0.21873
550ece55c556cabe,cal,dog,Dog,犬,0.21956
22faccfbe5acd46a,cal,dog,Dog,犬,0.16085
605e0b71274b1e1f,cal,dog,Dog,犬,0.11600
29e58756caa30da3,cal,dog,Dog,犬,0.11239
d4f71e5538460286,cal,dog,Dog,犬,0.14999
a5d198d0f5b90880,cal,dog,Dog,犬,0.12033
d5a041b2128ca9cd,cal,dog,Dog,犬,0.12612
9f66947fe3705a67,cal,dog,Dog,犬,0.11205
6ee60965c1dc812b,cal,dog,Dog,犬,0.21196
6fa5c3084836a842,cal,dog,Dog,犬,0.13901
63a0714967f0fd16,cal,dog,Dog,犬,0.22828
83ae1a342855cc6f,cal,dog,Dog,犬,0.17557
9d769904385cb28d,cal,dog,Dog,犬,0.21689
75448a3e1f10e2e8,cal,dog,Dog,犬,0.14925
a84814fea1c22bcc,cal,dog,Dog,犬,0.12566
dba4f216ff6d8679,cal,dog,Dog,犬,0.11120
5550e97e30daebbc,cal,dog,Dog,犬,0.15616
236517caece01274,cal,dog,Dog,犬,0.23052
6389a8e3d3679f5b,cal,dog,Dog,犬,0.18601
8cbdd6c3b7c74b41,cal,dog,Dog,犬,0.12965
9d926fae2da6612a,cal,dog,Dog,犬,0.12886
5ce4fa9e98021555,cal,dog,Dog,犬,0.16534
0ab7e55e680a01b6,cal,dog,Dog,犬,0.13633
fe2acd1d0f936c4b,cal,dog,Dog,犬,0.24950
0ab58bd981bd396c,cal,dog,Dog,犬,0.21054
86221c8ef979f5af,cal,dog,Dog,犬,0.13188
79577cbcbd96e9f7,cal,dog,Dog,犬,0.14241
a2326ea0340d1da0,cal,dog,Dog,犬,0.12593
fa61a59931a63853,cal,dog,Dog,犬,0.12237
9962b06e8713de07,cal,dog,Dog,犬,0.26525
4ac51fdd348ed2e0,cal,dog,Dog,犬,0.16333
be45b2f63c90bceb,cal,dog,Dog,犬,0.15171
4ec6f6abf67c3129,cal,dog,Dog,犬,0.14872
cfaab8b61ed8b632,cal,dog,Dog,犬,0.20550
25019a85b7534715,cal,dog,Dog,犬,0.14123
c83f00c889d83355,cal,dog,Dog,犬,0.11529
8dc6ed6d9495282a,cal,dog,Dog,犬,0.19864
7e81cdb0c2f4923d,cal,dog,Dog,犬,0.14953
5c1e4dbcedf1801c,cal,dog,Dog,犬,0.15333
9a81f643129c436e,cal,dog,Dog,犬,0.14621
d6991624b8d836ae,cal,dog,Dog,犬,0.12543
b553f5b11a515c21,eval,dog,Dog,犬,0.13872
471f30cad9624534,eval,dog,Dog,犬,0.17263
a6de0d996ef20fa4,eval,dog,Dog,犬,0.14645
429ff0f15595c402,eval,dog,Dog,犬,0.10944
3ca6f12452148288,eval,dog,Dog,犬,0.13017
9ab79be635ab4b63,eval,dog,Dog,犬,0.12322
4a9c26ef716bd656,eval,dog,Dog,犬,0.15323
a97770f6e6c8e185,eval,dog,Dog,犬,0.13431
0a0a87b74e2142b4,eval,dog,Dog,犬,0.17746
83f05c705fbb3ea2,eval,dog,Dog,犬,0.13102
ce3f5fe75bdd979b,eval,dog,Dog,犬,0.14699
fd9580e54bd021f5,eval,dog,Dog,犬,0.20315
89945eefc6481c38,eval,dog,Dog,犬,0.13142
e9d4d7c4d06dd3c9,eval,dog,Dog,犬,0.14513
e0bee7afe58126b2,eval,dog,Dog,犬,0.23663
677ae835a5c8d846,eval,dog,Dog,犬,0.14757
c7d4dd1b2d02c992,eval,dog,Dog,犬,0.23421
acbe879fa4514d69,eval,dog,Dog,犬,0.16296
580c34b47efe3522,eval,dog,Dog,犬,0.19153
6f2d0fd18056371b,eval,dog,Dog,犬,0.16049
ebdcbefdaf6107f4,eval,dog,Dog,犬,0.18477
e3061c21a92eefce,eval,dog,Dog,犬,0.14102
fc88abc82f857c2a,eval,dog,Dog,犬,0.13783
f5b19b1457e13c5f,eval,dog,Dog,犬,0.12823
6cbc32413af6877c,eval,dog,Dog,犬,0.13177
7a085339312ef288,eval,dog,Dog,犬,0.11312
4cadd22abc0a397d,eval,dog,Dog,犬,0.11830
eac7b53e3eb905d2,eval,dog,Dog,犬,0.17929
157f2ba4e5de0c13,eval,dog,Dog,犬,0.13642
e8b8babfe8a2833e,eval,dog,Dog,犬,0.16206
5ca2168d7ca94f60,eval,dog,Dog,犬,0.19449
825d02b192b4655d,eval,dog,Dog,犬,0.13821
ed8b33475387e9bb,eval,dog,Dog,犬,0.16340
53e6bf56d4e0e3e6,eval,dog,Dog,犬,0.10725
80951d2daed8cce6,eval,dog,Dog,犬,0.14936
c30f60f8ce261d55,eval,dog,Dog,犬,0.20040
bba316545429aef2,eval,dog,Dog,犬,0.15067
64a36f6025832ce7,eval,dog,Dog,犬,0.15308
f40715a1f9877ab3,eval,dog,Dog,犬,0.10824
5f07a2aed668c901,eval,dog,Dog,犬,0.11485
2bce5a4f6d75c767,eval,dog,Dog,犬,0.20347
772f9f098fdaf958,eval,dog,Dog,犬,0.12885
50b8e4f8d5ade9fa,eval,dog,Dog,犬,0.17302
01ee79a4f50483ca,eval,dog,Dog,犬,0.16979
ea66f8af59be1089,eval,dog,Dog,犬,0.13841
0aaaa921d1a08a2c,eval,dog,Dog,犬,0.12074
7c1bbfbb420b25ef,eval,dog,Dog,犬,0.13598
0cf606a8646c4b97,eval,dog,Dog,犬,0.13477
461848d365335ecf,eval,dog,Dog,犬,0.14460
8b3fa9be61b1998e,eval,dog,Dog,犬,0.12258
8e53a101efb6f33a,eval,dog,Dog,犬,0.21800
643fd3460a898731,eval,dog,Dog,犬,0.15257
2affa93b73c80ab1,eval,dog,Dog,犬,0.19175
2a87aa4b6898ca8e,eval,dog,Dog,犬,0.14462
d57ad4a04a4ec329,eval,dog,Dog,犬,0.12493
6aa6ff3a5907e254,eval,dog,Dog,犬,0.20838
05de59562f9ff5cf,eval,dog,Dog,犬,0.16569
8756682698d0492a,eval,dog,Dog,犬,0.12551
dddc732948fa9c02,eval,dog,Dog,犬,0.20568
f601623b07aa645a,eval,dog,Dog,犬,0.27418
eaac7d0d9e0bf257,eval,dog,Dog,犬,0.10765
012d326f2854f564,eval,dog,Dog,犬,0.13440
30a187d92f32e5ff,eval,dog,Dog,犬,0.11657
837a1714913eada9,eval,dog,Dog,犬,0.13920
d839bf396d3f0cd2,eval,dog,Dog,犬,0.15984
556551a5f0c92e22,eval,dog,Dog,犬,0.23487
db3c1b721fcf239d,eval,dog,Dog,犬,0.22261
f2dfe4159d9fbeb5,eval,dog,Dog,犬,0.14263
ae1639c1ab1dff4e,eval,dog,Dog,犬,0.15847
19c04dd80c4b069c,eval,dog,Dog,犬,0.13512
6505697c77ec2a8f,eval,dog,Dog,犬,0.11584
c2218a5839c5bfa7,eval,dog,Dog,犬,0.11659
42359228856163a7,eval,dog,Dog,犬,0.14644
b15f501a937a2c53,eval,dog,Dog,犬,0.15525
0fffc8771c3995b4,eval,dog,Dog,犬,0.17777
86e24b5144450dd9,eval,dog,Dog,犬,0.19163
cd5191674789c4dc,eval,dog,Dog,犬,0.15418
8542313ca2cb8d69,eval,dog,Dog,犬,0.17848
edeaec61417f4fd4,eval,dog,Dog,犬,0.16073
df4d1c43a70fca9c,eval,dog,Dog,犬,0.13684
4e55b35294fe0629,eval,dog,Dog,犬,0.23066
8a600803cb5b36cb,eval,dog,Dog,犬,0.16239
9e5b632bb2727144,eval,dog,Dog,犬,0.15230
4b7a86153f7761e2,eval,dog,Dog,犬,0.13925
d3d7155e0de9806a,eval,dog,Dog,犬,0.14205
24e64037f5e8ebcf,eval,dog,Dog,犬,0.12790
17ded408a8a890ea,eval,dog,Dog,犬,0.11815
5a14a33bccaa629c,eval,dog,Dog,犬,0.19873
c21ce5eaa9201aa9,eval,dog,Dog,犬,0.11924
4fc4809524b7104e,eval,dog,Dog,犬,0.12987
de6dc1d9bf4acd42,eval,dog,Dog,犬,0.13333
ecc6ef5a2c4dc915,eval,dog,Dog,犬,0.19241
d2a3e8dec929475a,eval,dog,Dog,犬,0.11177
116bb15314194b96,eval,dog,Dog,犬,0.17230
35fd63d8285cd603,eval,dog,Dog,犬,0.14690
55b595524737df02,eval,dog,Dog,犬,0.26876
553e2dbc423f42a2,eval,dog,Dog,犬,0.17160
1f2808f18369aa70,eval,dog,Dog,犬,0.12509
6b683f7a50a72267,eval,dog,Dog,犬,0.15073
76c0f6c183301d45,eval,dog,Dog,犬,0.23013
861c02bcba4a6762,eval,dog,Dog,犬,0.20198
81b0c2619acc53c6,eval,dog,Dog,犬,0.15681
3fbad6221e514f90,eval,dog,Dog,犬,0.14404
aa8a25fe43074c30,eval,dog,Dog,犬,0.12525
9945c8cc87d61313,eval,dog,Dog,犬,0.28967
0855e6f1b4eb38b6,eval,dog,Dog,犬,0.16799
3afeb980c3df44d9,eval,dog,Dog,犬,0.14273
736385927743bdad,eval,dog,Dog,犬,0.23656
01ee8f959a667f5d,eval,dog,Dog,犬,0.11681
fafc60f7ddab981d,eval,dog,Dog,犬,0.12368
203f6e247eb014b9,eval,dog,Dog,犬,0.11773
4c012f760751a27c,eval,dog,Dog,犬,0.18854
7e72aaf2f1c3145a,eval,dog,Dog,犬,0.12274
e0b314b1b1e72e88,eval,dog,Dog,犬,0.35500
781e5cfc484df474,eval,dog,Dog,犬,0.14374
a4709f923b94b173,eval,dog,Dog,犬,0.11411
4c7e469e8e1c717b,eval,dog,Dog,犬,0.19272
be31adb3e2cb68fd,eval,dog,Dog,犬,0.22035
42e3bc909e45665f,eval,dog,Dog,犬,0.13647
2802df2d306fd144,eval,dog,Dog,犬,0.13277
ccf1c06a2945ca0d,eval,dog,Dog,犬,0.11968
23039301a261e35b,eval,dog,Dog,犬,0.14132
5172f64419a18df1,eval,dog,Dog,犬,0.26458
639e40406e7bbd98,eval,dog,Dog,犬,0.12848
1cdf76b257d39bbd,eval,dog,Dog,犬,0.13694
c553e577d1d65e41,eval,dog,Dog,犬,0.11609
19b9a3c235c1d138,eval,dog,Dog,犬,0.12419
108b2b8794708783,eval,dog,Dog,犬,0.21706
aea656d24e5df768,eval,dog,Dog,犬,0.25854
3c883ad309eb7f9d,eval,dog,Dog,犬,0.18491
fd0a2ab8e2b52ce7,eval,dog,Dog,犬,0.15870
1b8ad2edf17faa01,eval,dog,Dog,犬,0.15794
36c8bf315b78c758,eval,dog,Dog,犬,0.15187
14a99ecdfdfdfe4e,eval,dog,Dog,犬,0.16976
52e26989461da58f,eval,dog,Dog,犬,0.13571
792fe05792794a5e,eval,dog,Dog,犬,0.12878
ce884ee2d5745c5c,eval,dog,Dog,犬,0.10737
55ad6ca47fc3a508,eval,dog,Dog,犬,0.12531
a9cd779864813c8e,eval,dog,Dog,犬,0.15130
d2e2a499397d506c,eval,dog,Dog,犬,0.13927
35b8eaa85af659a6,eval,dog,Dog,犬,0.12782
4772ae505780d536,eval,dog,Dog,犬,0.19702
3fc0908e5dd83976,eval,dog,Dog,犬,0.12114
9e01b8944eee61a4,eval,dog,Dog,犬,0.14640
75339bf227e937e3,eval,dog,Dog,犬,0.16272
eda91958b249fec8,eval,dog,Dog,犬,0.16736
9e243c9f75c552ae,eval,dog,Dog,犬,0.10825
8f8c88dfb8cda57c,eval,dog,Dog,犬,0.11155
17b34edec4312fa6,eval,dog,Dog,犬,0.14389
4ba2fad2755ebeff,eval,dog,Dog,犬,0.17130
cab8687669c26f61,eval,dog,Dog,犬,0.19784
4be3ca3626fc5b67,eval,dog,Dog,犬,0.12782
a257879cfe2351db,eval,dog,Dog,犬,0.18590
4d2946b52eef29e3,eval,dog,Dog,犬,0.11591
5c1873095864d82a,eval,dog,Dog,犬,0.11442
0c8bb76065da74a6,eval,dog,Dog,犬,0.19325
f6e3965f580a8003,eval,dog,Dog,犬,0.18846
363909a15a88e2e6,eval,dog,Dog,犬,0.10355
20935572e2287e6e,eval,dog,Dog,犬,0.15585
c96ec638c5b01ebf,eval,dog,Dog,犬,0.14171
9df7fd59299e007b,eval,dog,Dog,犬,0.25821
c002c589ba831284,eval,dog,Dog,犬,0.16151
6cac3c84420878b8,eval,dog,Dog,犬,0.10622
c6a98dc46c6f911f,eval,dog,Dog,犬,0.12707
5bf1fa3aa51f872e,eval,dog,Dog,犬,0.11737
075f1664f446105b,eval,dog,Dog,犬,0.16059
b4248a8ddafedee0,eval,dog,Dog,犬,0.18470
5f4e11a477a8d2ca,eval,dog,Dog,犬,0.18769
7e489e728a01eb35,eval,dog,Dog,犬,0.20234
16ea82f070fcc1b0,eval,dog,Dog,犬,0.12335
e6e49a3ca5d5e90d,eval,dog,Dog,犬,0.11472
b68e0a5152581da0,eval,dog,Dog,犬,0.13306
37c21796a4741b93,eval,dog,Dog,犬,0.12778
c366773a89f675ae,eval,dog,Dog,犬,0.20246
a7b0ee4a6c0e370d,eval,dog,Dog,犬,0.16405
164c4f4e390c2ead,eval,dog,Dog,犬,0.19952
e1ff3fe8624166da,eval,dog,Dog,犬,0.16656
19520d99aed0ddfc,eval,dog,Dog,犬,0.16257
83bd80993acaa640,eval,dog,Dog,犬,0.15582
8fe80aa1b1d308ba,eval,dog,Dog,犬,0.11854
800e733113c365a3,eval,dog,Dog,犬,0.13036
92078b7e0c5322cb,eval,dog,Dog,犬,0.15941
1637be87851edd97,eval,dog,Dog,犬,0.15239
2a6a72f816089dc6,eval,dog,Dog,犬,0.13987
df708e6caf66a2b2,eval,dog,Dog,犬,0.16419
38845082e56653e4,eval,dog,Dog,犬,0.15403
b7feeb55376f9039,eval,dog,Dog,犬,0.14750
4cdae3a65963150d,eval,dog,Dog,犬,0.14098
8c28b103a38c9745,eval,dog,Dog,犬,0.44469
343d40534f90b646,eval,dog,Dog,犬,0.11954
f232aa85e9d9713c,eval,dog,Dog,犬,0.15183
08a3a2eb723c3a31,eval,dog,Dog,犬,0.12277
9c747375e1ce8c50,eval,dog,Dog,犬,0.18415
8393f4ffae500e3a,eval,dog,Dog,犬,0.14094
5591cd950228d712,eval,dog,Dog,犬,0.14343
bc23b2d253e3b79e,eval,dog,Dog,犬,0.12311
da72bb582974edc6,eval,dog,Dog,犬,0.12017
b9bc285ce9be965d,eval,dog,Dog,犬,0.16392
3837373454729316,eval,dog,Dog,犬,0.12180
82689860baaf0c83,eval,dog,Dog,犬,0.19303
71f6e949586947fd,eval,near,Wolf,オオカミ,0.20869
5616a6bb8b5e48aa,eval,near,Wolf,オオカミ,0.24255
ea07e52e662796f5,eval,near,Wolf,オオカミ,0.23246
76fb6ff054ffbc10,eval,near,Wolf,オオカミ,0.24644
fb65524f52272e54,eval,near,Wolf,オオカミ,0.23551
b819bd67ec1b44d0,eval,near,Wolf,オオカミ,0.23264
f32c23366c2b1c10,eval,near,Wolf,オオカミ,0.23181
39b47bf45ea3275c,eval,near,Wolf,オオカミ,0.25697
9c734e3459c14801,eval,near,Wolf,オオカミ,0.16824
16e30c3f32a91b17,eval,near,Wolf,オオカミ,0.21249
8689a0d6f11338e4,eval,near,Jackal,ジャッカル,0.26341
c6ecda39229ec095,eval,near,Jackal,ジャッカル,0.28750
25b22641ea273085,eval,near,Jackal,ジャッカル,0.23436
bd6af6051f4b68bc,eval,near,Jackal,ジャッカル,0.26501
0a065fc6f38a51c9,eval,near,Jackal,ジャッカル,0.30637
b6b6978302cb3852,eval,near,Hyena,ハイエナ,0.25450
14cc1665af1aebf6,eval,near,Hyena,ハイエナ,0.27013
2471a362c98fa75d,eval,near,Hyena,ハイエナ,0.26762
374c8dcdcf9e9249,eval,near,Hyena,ハイエナ,0.30206
5b7ac67e7b43a2ae,eval,near,Hyena,ハイエナ,0.23615
e5c84d61b3c3dad6,eval,near,Fox,キツネ,0.26961
5b7e40de768a5e98,eval,near,Fox,キツネ,0.27420
ae5930ecbc05eae5,eval,near,Fox,キツネ,0.25901
aab22da09e25b759,eval,near,Fox,キツネ,0.22877
c031df984388c696,eval,near,Fox,キツネ,0.25652
ab5fdf508731f851,eval,near,Fox,キツネ,0.29093
7a848927a30e3df2,eval,near,Fox,キツネ,0.25867
f7d60914209e87cd,eval,near,Fox,キツネ,0.26592
dcf65fffe4125877,eval,near,Fox,キツネ,0.26353
9340fa240ace666f,eval,near,Fox,キツネ,0.27259
58e32b1be1a8b5b4,eval,animal,Cat,猫,0.19022
5238ad86de44ceb8,eval,animal,Cat,猫,0.19917
155fadedae2caf64,eval,animal,Cat,猫,0.26281
603bd0f27aa853f5,eval,animal,Cat,猫,0.20570
a0393782540896b6,eval,animal,Cat,猫,0.19131
ac26a2581b7afda1,eval,animal,Cat,猫,0.22698
b045f820847fc41a,eval,animal,Cat,猫,0.23510
cf77bf34dbd15f33,eval,animal,Cat,猫,0.18706
8ef8c290f6d316e9,eval,animal,Cat,猫,0.25232
4026314886cb0ca8,eval,animal,Cat,猫,0.21455
fee2769e77184a90,eval,animal,Cat,猫,0.22769
65d707a37d182f21,eval,animal,Cat,猫,0.20077
14f100eb85e81b95,eval,animal,Cat,猫,0.21722
1bc87374987751ad,eval,animal,Cat,猫,0.22598
20d5b89bf2e22480,eval,animal,Cat,猫,0.23574
70498bd2864c0fe3,eval,animal,Bear,クマ,0.25629
9124b81e9da10753,eval,animal,Bear,クマ,0.35545
cffa088717047957,eval,animal,Bear,クマ,0.28184
4038c53d8b6779b8,eval,animal,Bear,クマ,0.36078
456ba2fbfc81d963,eval,animal,Bear,クマ,0.30345
8fbdeff053852ee7,eval,animal,Raccoon,アライグマ,0.28122
2815e1c5b01c9a65,eval,animal,Raccoon,アライグマ,0.28525
5b8eabcfe27b55a2,eval,animal,Raccoon,アライグマ,0.27724
c7021be2928eaddd,eval,animal,Raccoon,アライグマ,0.27729
fb68c08d75899763,eval,animal,Raccoon,アライグマ,0.30334
fe74db66cfd0590b,eval,animal,Lion,ライオン,0.30186
63eea08ae3c49842,eval,animal,Lion,ライオン,0.26732
e30c04da9f5c1bed,eval,animal,Lion,ライオン,0.28840
450f18ba8939e75d,eval,animal,Lion,ライオン,0.30105
73d637dcda38403c,eval,animal,Lion,ライオン,0.29354
ac18cfbd5f4ceb26,eval,animal,Rabbit,ウサギ,0.30486
a5d147785962252e,eval,animal,Rabbit,ウサギ,0.27843
9fcefa8dc37567e6,eval,animal,Rabbit,ウサギ,0.26361
a6111a1f34b068f5,eval,animal,Rabbit,ウサギ,0.26635
38fb7f570422b0a1,eval,animal,Rabbit,ウサギ,0.29129
e3a04475047a8e28,eval,animal,Sheep,羊,0.25461
832dfca068646e7d,eval,animal,Sheep,羊,0.31779
ae3a7ec3ecd4fd80,eval,animal,Sheep,羊,0.31099
19c027351a250dcd,eval,animal,Sheep,羊,0.38829
13ee91a9369e648d,eval,animal,Sheep,羊,0.29188
0901750bfc835e14,eval,object,Teddy bear,ぬいぐるみ,0.31331
b71404ee9f8a14b5,eval,object,Teddy bear,ぬいぐるみ,0.30455
942bbf7a2db2e031,eval,object,Teddy bear,ぬいぐるみ,0.30917
34f7030f1a9eb95f,eval,object,Teddy bear,ぬいぐるみ,0.33521
b695f2faebfe9ce3,eval,object,Teddy bear,ぬいぐるみ,0.37607
74a814b01fff26b7,eval,object,Teddy bear,ぬいぐるみ,0.43480
a25a74a471183cee,eval,object,Teddy bear,ぬいぐるみ,0.34329
e9cbff84cb16218c,eval,object,Teddy bear,ぬいぐるみ,0.32529
fce6ff4c5550bdbc,eval,object,Teddy bear,ぬいぐるみ,0.27733
5bd094011dba0dbc,eval,object,Teddy bear,ぬいぐるみ,0.29357
39d84c6b7460580b,eval,object,Airplane,飛行機,0.41715
2d5f956711891c46,eval,object,Airplane,飛行機,0.53772
24a06bd7180e4150,eval,object,Airplane,飛行機,0.52112
3a997fb613da7217,eval,object,Airplane,飛行機,0.52568
3ec661030be3d248,eval,object,Airplane,飛行機,0.44172
ba9911a4927c116d,eval,object,Building,建物,0.46547
72a60fb96001576f,eval,object,Building,建物,0.48603
d0cc1dd96b4c50a8,eval,object,Building,建物,0.44987
9a29ca9a54a171c0,eval,object,Building,建物,0.48661
7c084a96b181a8fa,eval,object,Building,建物,0.38995
637da1bc9b8600b0,eval,object,Flower,花,0.40746
0e95adfda457ecb4,eval,object,Flower,花,0.38004
d4bf21f47ea2c9ee,eval,object,Flower,花,0.37696
9c526e85bb5e687c,eval,object,Flower,花,0.34916
1f54f9057693cd42,eval,object,Flower,花,0.40421
d2158adf9773ea95,eval,object,Food,料理,0.47040
0583e7310fc03182,eval,object,Food,料理,0.50457
d1871e9b8558f722,eval,object,Food,料理,0.50027
fd5818664cbe2e83,eval,object,Food,料理,0.44870
5bf471e727874d13,eval,object,Food,料理,0.42243
