id,true,pred,error,types,class_area,present,pred_present,dominant_other
178df841a2e226af,Cattle,Cattle,False,small,0.0325,Cattle,True,Plant:0.19
736865256b6733d5,Cattle,Sheep,True,small,0.0415,Cattle|Goat|Sheep,True,
3a75198b0dffb389,Cattle,Cattle,False,small,0.0158,Cattle,True,Bull:0.13
5062a3ff888a580a,Cattle,Cattle,False,dominant,0.2048,Cattle,True,Plant:0.76
270014837523e494,Cattle,Sheep,True,small|multi,0.0181,Cattle|Sheep,True,Plant:0.01
c07d851439073801,Cattle,Deer,True,small|multi,0.0124,Cattle|Deer|Goat|Sheep,True,Antelope:0.20
af930390e202a313,Cattle,Cattle,False,dominant,0.0578,Cattle,True,Plant:0.66
f7e2a754b421ed04,Cattle,Cattle,False,dominant,0.0765,Cattle,True,Tree:0.37
0e2004910f2bf847,Cattle,Cattle,False,dominant,0.1879,Cattle,True,Plant:1.00
e8fa96ecb46f5346,Cattle,Cattle,False,dominant,0.2683,Cattle,True,Plant:1.00
d97b6ab8ed084f0a,Cattle,Cattle,False,small,0.0037,Cattle,True,Tree:0.16
7a7ec4085bcb9fd8,Cattle,Cattle,False,small|dominant,0.0431,Cattle,True,Tree:0.59
14c9fb317ba6b92c,Cattle,Cattle,False,small,0.0336,Cattle,True,
f4fd263742e8f5fd,Cattle,Sheep,True,small|dominant|multi,0.0177,Cattle|Sheep,True,Plant:0.99
284c4d158b331f31,Cattle,Cattle,False,dominant,0.3224,Cattle,True,Plant:1.00
053ab9bcb0f05d96,Cattle,Sheep,True,dominant,0.1628,Cattle|Sheep,True,Human hair:0.75
58163a9942a9d221,Cattle,Cattle,False,,0.4316,Cattle,True,
1bfd365238e1fedd,Cattle,Cattle,False,,0.4266,Cattle,True,Bull:0.43
5543c8154cad5b80,Cattle,Cattle,False,,0.6422,Cattle,True,Tree:0.21
a242bbc984bfe112,Cattle,Cattle,False,,0.8304,Cattle,True,
e7d6b1b8c652430a,Cattle,Cattle,False,,0.3116,Cattle|Goat,True,
3c0b58255137d56a,Cattle,Cattle,False,,0.5804,Cattle,True,Bull:0.58
141a89e2de02312b,Cattle,Cattle,False,,0.5555,Cattle,True,
a7d9ca79f190f584,Cattle,Cattle,False,,0.6418,Cattle,True,
2732237e2db1b12e,Cattle,Cattle,False,,0.279,Cattle|Deer,True,Antelope:0.28
ada20950e7aed9be,Cattle,Cattle,False,,0.2146,Cattle,True,
8b3ea7f244658059,Cattle,Cattle,False,,0.6475,Cattle,True,Bull:0.64
6087895e5aee45b6,Cattle,Cattle,False,,0.1688,Cattle|Goat,True,
56532d6cffe0c917,Cattle,Cattle,False,,0.7925,Cattle,True,Bull:0.79
d041792794f559c0,Cattle,Cattle,False,,0.5953,Cattle,True,Bull:0.60
47f2df417e10dd7f,Cattle,Cattle,False,,0.7442,Cattle,True,Tree:0.82
99facfe46f242dd7,Cattle,Sheep,True,,0.1573,Cattle|Sheep,True,Plant:0.28
999b2ba43f498d57,Cattle,Cattle,False,,0.8304,Cattle,True,
f79fa360f749b8c8,Cattle,Cattle,False,,0.4038,Cattle,True,
ae5c4286b18d8ed6,Cattle,Cattle,False,,0.3125,Cattle,True,
3fcd6ed1c3cf2d9b,Cattle,Cattle,False,,0.8982,Cattle,True,
3d92cd804b358a74,Cattle,Cattle,False,,0.5341,Cattle,True,
e29dbd199b614f0d,Cattle,Cattle,False,,0.504,Cattle,True,
5fd9eddcfc084859,Cattle,Cattle,False,,0.3509,Cattle,True,
62be1fd5efd9fa82,Cattle,Cattle,False,,0.9341,Cattle,True,
a7ac7015b1e8efb3,Horse,Cattle,True,dominant,0.2033,Horse,False,Plant:1.00
1ad662910d8d6d5d,Horse,Horse,False,dominant,0.0529,Horse,True,Cart:0.28
9e8baa76006dc3b0,Horse,Horse,False,small|dominant,0.0436,Horse,True,Tree:0.28
39ccf0881b614f5c,Horse,Horse,False,,0.3797,Horse,True,Plant:0.14
3370779dcc3899d3,Horse,Horse,False,,0.7818,Horse,True,
a494d8ef5cc1789c,Horse,Horse,False,,0.2745,Horse,True,House:0.53
4bbb2164e12af1bb,Horse,Horse,False,,0.8366,Horse,True,Tree:0.16
b0ffd23981034b1a,Horse,Horse,False,,0.8018,Horse,True,Mule:0.79
fcf7a1129a00348d,Horse,Cattle,True,,0.1291,Horse,False,Tree:0.17
2ef6378b90c343de,Horse,Horse,False,,0.778,Horse,True,
86f41975441de299,Horse,Cattle,True,,0.9772,Horse,False,
41bdaba2662e929b,Horse,Horse,False,,0.9466,Horse,True,
5811171cc0aeae1b,Horse,Horse,False,,0.8052,Horse,True,
e4d7c8922e06294c,Horse,Horse,False,,1.0,Horse,True,
d7f239ddcba053c4,Horse,Horse,False,,0.6335,Horse,True,
e09b467286422c9b,Horse,Horse,False,,0.3357,Horse,True,Mule:0.33
0a8c7bbae99db4df,Horse,Horse,False,,0.8975,Horse,True,
1c6277704f808229,Horse,Horse,False,,0.5757,Horse,True,Plant:0.47
5db8ceff66ce240e,Horse,Horse,False,,0.1366,Horse,True,Tree:0.33
f9c7eefdd5cf2aa9,Horse,Horse,False,,0.7984,Horse,True,Tree:0.05
f3cb2620040852c4,Horse,Horse,False,,0.8023,Horse,True,
32e3f325cf2af65d,Horse,Horse,False,,0.3134,Horse,True,Tree:0.25
d8766f5ce909e95c,Horse,Horse,False,,0.9718,Horse,True,Tree:0.02
500763a24f985ad3,Horse,Horse,False,,0.6359,Horse,True,Human hair:0.64
a05995ab9ab9f534,Horse,Horse,False,,0.6456,Horse,True,
f189f7e3d1510e5e,Horse,Horse,False,,0.2487,Horse,True,Eagle:0.10
bc7d791072a0e05e,Horse,Horse,False,,0.7291,Horse,True,
308757e00a344818,Horse,Horse,False,,0.8416,Horse,True,
848d2ec368783082,Horse,Horse,False,,0.174,Horse,True,Tree:0.11
5405ba8e009b5cee,Horse,Horse,False,,0.9691,Horse,True,
9545ebc8e665a3a2,Horse,Horse,False,,0.8499,Horse,True,
d80bbf45a861726d,Horse,Horse,False,,0.1912,Horse,True,
2c33909628f50ed1,Horse,Horse,False,,0.9092,Horse,True,
0df4980c1dccda78,Horse,Horse,False,,0.8457,Horse,True,
b171e2886317f12d,Horse,Horse,False,,0.6707,Horse,True,Mule:0.66
5a139be6c8da63ed,Horse,Cattle,True,,0.1144,Horse,False,Tree:0.05
f569a87550ee2c45,Horse,Horse,False,,0.8498,Horse,True,
b52abe81bec0e1aa,Horse,Horse,False,,0.7964,Horse,True,
28cfc2f65a6e8e3d,Horse,Horse,False,,0.7448,Horse,True,Mule:0.58
7f2a4ec24014c5bd,Horse,Horse,False,,0.7181,Horse,True,Mule:0.55
a8b7c6505e3b1822,Sheep,Sheep,False,dominant,0.2455,Goat|Sheep,True,Flower:1.00
5e64d92af9d94f35,Sheep,Sheep,False,small|dominant,0.0072,Sheep,True,Plant:0.80
8ba405bdf2d7619f,Sheep,Cattle,True,small|dominant,0.0362,Sheep,False,Tree:0.52
0d035b68ebd76f87,Sheep,Sheep,False,dominant,0.2993,Sheep,True,Plant:1.00
9d473083f5b0286d,Sheep,Sheep,False,small|dominant,0.0372,Goat|Sheep,True,Plant:0.59
8acd38bf351594ca,Sheep,Sheep,False,dominant|multi,0.2451,Goat|Sheep,True,Plant:1.00
6870ab795f3fb742,Sheep,Sheep,False,small|multi,0.0127,Cattle|Sheep,True,Tree:0.04
49c4c823aaf4db99,Sheep,Sheep,False,dominant,0.186,Goat|Sheep,True,Tree:1.00
e16b10bb678e621b,Sheep,Deer,True,dominant,0.1867,Goat|Sheep,False,Tree:0.99
19682f51b9c5e5d5,Sheep,Sheep,False,dominant,0.2104,Goat|Sheep,True,Plant:0.78
355bb78dcef02900,Sheep,Horse,True,small|dominant,0.0155,Sheep,False,Tree:0.50
e9156133547580a0,Sheep,Sheep,False,dominant,0.2173,Sheep,True,Plant:0.80
3e37fdef983faef3,Sheep,Sheep,False,multi,0.8319,Cattle|Goat|Sheep,True,Plant:0.07
b616d2befceab9a8,Sheep,Sheep,False,multi,0.9188,Cattle|Sheep,True,
7fd5a774e62a93ee,Sheep,Sheep,False,multi,0.6682,Goat|Sheep,True,
8b55a05614a3501c,Sheep,Sheep,False,multi,1.0,Goat|Sheep,True,
0cb5cae66bb9c4cd,Sheep,Goat,True,,0.543,Sheep,False,Alpaca:0.56
e1ad38852642d82d,Sheep,Sheep,False,,0.4407,Sheep,True,Plant:1.00
ba8a3a4472f73194,Sheep,Sheep,False,,0.9251,Sheep,True,
27f659d86d7990e4,Sheep,Sheep,False,,0.4296,Sheep,True,
f7a670b725037232,Sheep,Sheep,False,,0.7911,Sheep,True,
f6c63021b6f432c4,Sheep,Sheep,False,,0.7933,Goat|Sheep,True,
56f184605e749fcc,Sheep,Sheep,False,,0.8583,Goat|Sheep,True,
1fe2b621fb8d74f8,Sheep,Goat,True,,0.7,Goat|Sheep,True,
1cf14095f0cd4091,Sheep,Sheep,False,,0.0638,Sheep,True,
82d6c4ae74d78b8e,Sheep,Sheep,False,,0.9073,Sheep,True,Alpaca:0.90
e3ca083901d78d37,Sheep,Sheep,False,,0.2113,Goat|Sheep,True,Plant:0.27
bc4c29cccee038ab,Sheep,Sheep,False,,0.6979,Goat|Sheep,True,
45afbaca1e58504f,Sheep,Sheep,False,,0.5616,Goat|Sheep,True,
a787fb52240450d4,Sheep,Sheep,False,,0.6333,Sheep,True,Tree:0.01
c3f2ab9ab1ea431c,Sheep,Sheep,False,,0.565,Sheep,True,Alpaca:0.57
e3a04475047a8e28,Sheep,Sheep,False,,0.7212,Sheep,True,
411902750e912f8b,Sheep,Sheep,False,,0.4076,Sheep,True,Plant:0.83
0d7726d7d5cd9640,Sheep,Sheep,False,,0.3109,Sheep,True,Furniture:0.03
04be7b092fc84c8d,Sheep,Sheep,False,,1.0,Sheep,True,
70496b2b4ad32f1f,Sheep,Sheep,False,,0.4502,Goat|Sheep,True,
9e7b9dd50d49c76b,Sheep,Sheep,False,,0.7653,Goat|Sheep,True,
cc861f57545fa289,Sheep,Sheep,False,,0.0836,Sheep,True,
923ee9a235708aec,Sheep,Sheep,False,,0.1657,Goat|Sheep,True,Plant:0.16
2194a10d5a5c7d95,Sheep,Sheep,False,,0.3212,Sheep,True,Alpaca:0.32
f8fd10a52b9a026d,Goat,Sheep,True,small,0.0416,Goat,False,
94ffa6ad14c9312a,Goat,Deer,True,small|dominant,0.043,Goat,False,Plant:0.80
bb2b946310b82944,Goat,Sheep,True,small|multi,0.0279,Goat|Sheep,True,
1b2c6ebb20def408,Goat,Cattle,True,dominant,0.1948,Goat,False,Plant:1.00
9294e20febd1e040,Goat,Deer,True,small|dominant,0.0343,Deer|Goat,True,Plant:0.99
a3cf1eadbcae6d39,Goat,Deer,True,small,0.0217,Deer|Goat,True,Antelope:0.03
c14bd92bb1655f80,Goat,Sheep,True,multi,0.1398,Cattle|Goat|Sheep,True,Plant:0.00
ce7d4bd9af5b2110,Goat,Goat,False,,0.9007,Goat,True,
526bed1470a16cf3,Goat,Goat,False,,0.54,Goat,True,
1efde74ff07fbbc7,Goat,Goat,False,,0.2223,Deer|Goat,True,Plant:0.24
b65f587ce9f38fa0,Goat,Deer,True,,0.2161,Goat,False,
16e0044a9dce8b92,Goat,Goat,False,,0.3952,Goat,True,
d7cab34a173ffa1b,Goat,Goat,False,,0.8225,Goat,True,Antelope:0.81
3fd640cc59c1cfbd,Goat,Goat,False,,0.2007,Goat,True,
d80d7dc14ba77d2e,Goat,Deer,True,,0.3716,Goat,False,
0c52f515b83c8686,Goat,Goat,False,,0.5757,Goat,True,
5bb6d70d8f07ea3e,Goat,Goat,False,,0.5687,Goat,True,
5c5f0ea14f4291b8,Goat,Goat,False,,0.8707,Goat,True,
e3da4fede18e5daa,Goat,Goat,False,,0.6156,Deer|Goat,True,Antelope:0.61
ea788970a9fb822c,Goat,Deer,True,,0.35,Deer|Goat,True,Plant:1.00
df8740483237b407,Goat,Deer,True,,0.4142,Goat,False,
8dbef98dd1c79644,Goat,Goat,False,,0.7316,Goat,True,
495a876d857dc370,Goat,Goat,False,,0.8454,Goat,True,
7c784b253e93c484,Goat,Sheep,True,,0.6662,Deer|Goat,False,Antelope:0.66
dfc24cf8421a12e2,Goat,Goat,False,,0.4159,Goat,True,
c68ee617ad8cd90f,Goat,Goat,False,,0.717,Goat,True,
52f4935660343e40,Goat,Goat,False,,0.5109,Goat,True,Antelope:0.51
15ad1a8c516ebe5b,Goat,Cattle,True,,0.3887,Cattle|Goat,True,
ae194ca49544ee9b,Goat,Deer,True,,0.5897,Deer|Goat,True,Antelope:0.59
e28c3e06fc4b1b4d,Goat,Horse,True,,0.3728,Cattle|Goat,False,
9ad81ca183309dd2,Goat,Goat,False,,0.6304,Cattle|Goat,True,
acaf1dffe0ca6b68,Goat,Goat,False,,0.6882,Goat,True,
d221ea3d73f48467,Goat,Sheep,True,,0.8233,Cattle|Goat,False,Tree:0.36
377c126072483d1a,Goat,Deer,True,,0.0933,Goat,False,
7897f6bc011ef873,Goat,Horse,True,,0.4806,Goat,False,
4a2ac6e0c85727c7,Goat,Goat,False,,0.8111,Goat,True,
6b43582b6443928b,Goat,Goat,False,,0.4038,Goat,True,
993ee3122bb97072,Goat,Sheep,True,,0.3527,Cattle|Goat|Sheep,True,
5bcf1ad79dda113b,Goat,Cattle,True,,0.1916,Goat,False,
da2a63b11593e890,Goat,Deer,True,,0.3184,Deer|Goat,True,Plant:0.12
6db1af4c4d94aa1f,Deer,Deer,False,dominant,0.1736,Deer,True,Antelope:0.97
dc41eec0f04575a7,Deer,Cattle,True,dominant,0.182,Deer,False,Plant:0.81
55c0670af563f64a,Deer,Deer,False,dominant,0.0796,Deer,True,Tree:0.69
6c96edbec39a2840,Deer,Deer,False,dominant,0.0674,Deer,True,Plant:1.00
e862ebe0d3e3e8b3,Deer,Deer,False,dominant,0.3171,Deer,True,Plant:1.00
7bd23f712f3b50eb,Deer,Deer,False,dominant,0.2926,Deer,True,Plant:1.00
47eca01fec38cd9a,Deer,Deer,False,dominant,0.0694,Deer,True,Tree:0.58
3a8c775146aa69d2,Deer,Deer,False,,0.6675,Deer,True,Tree:0.99
31931b6dd2df4674,Deer,Deer,False,,0.4161,Deer,True,Antelope:0.41
65908c420fbe425b,Deer,Deer,False,,0.5181,Deer,True,Antelope:0.53
c5c8e6851abd5c55,Deer,Deer,False,,1.0,Deer,True,Tree:0.54
b5a42457e4eb2ea7,Deer,Deer,False,,0.3583,Deer,True,Antelope:0.36
cbc9768fe87df1d9,Deer,Deer,False,,1.0,Deer,True,Tree:0.01
88b9d0311b37e132,Deer,Deer,False,,0.9593,Deer,True,
5439d82bed246a94,Deer,Deer,False,,0.4289,Deer,True,Antelope:0.43
04df0fefa8c5cb8e,Deer,Deer,False,,0.6122,Deer,True,Antelope:0.61
6bb5732fa89031fe,Deer,Deer,False,,0.6869,Deer,True,Antelope:0.68
61a36fc12779b82f,Deer,Deer,False,,0.6775,Deer,True,Antelope:0.67
9af73810a54cc562,Deer,Deer,False,,0.7736,Deer,True,Tree:0.84
6d00d8fec91697a8,Deer,Deer,False,,0.3522,Deer,True,Antelope:0.35
dc68dc17674364a4,Deer,Deer,False,,0.8046,Deer,True,Plant:1.00
5bebc7c1a8067ff0,Deer,Deer,False,,0.9442,Deer,True,Antelope:0.95
ee6d19408403429c,Deer,Deer,False,,0.3156,Deer,True,Antelope:0.31
8440e25a5d17d220,Deer,Deer,False,,0.284,Deer,True,
ce41c371cb1b73ef,Deer,Deer,False,,0.3724,Deer,True,Antelope:0.37
2b6031956f8aa9e6,Deer,Deer,False,,0.8117,Deer,True,Antelope:0.41
37c12f23d4c2e39e,Deer,Deer,False,,0.3685,Deer,True,
8107b7dc694df8d0,Deer,Deer,False,,0.9047,Deer,True,Plant:0.06
596bb1c22329af50,Deer,Deer,False,,0.4006,Deer,True,Antelope:0.40
cfd4341a4b8f0c7c,Deer,Deer,False,,0.3792,Deer,True,Tree:0.08
4d3aa7c1cd37b885,Deer,Deer,False,,0.6586,Deer,True,Antelope:0.62
55918c58dcb8cd1b,Deer,Deer,False,,0.5336,Deer,True,Plant:0.09
8bc48efe45c70bc5,Deer,Deer,False,,0.5636,Deer,True,Antelope:0.57
3df97fcb497b94c1,Deer,Deer,False,,0.5874,Deer,True,Plant:1.00
beb48af978d89b52,Deer,Deer,False,,0.9301,Deer,True,
fdc35934de92309b,Deer,Deer,False,,0.2651,Deer,True,Tree:0.40
5e597a94068bab6b,Deer,Deer,False,,0.8192,Deer,True,Antelope:0.84
7dcdc12fdf281ac5,Deer,Deer,False,,0.4833,Deer,True,Tree:0.99
7a2664d4cf2f6b2c,Deer,Deer,False,,0.2725,Deer,True,Antelope:0.28
32e4ec9c68804437,Deer,Deer,False,,0.2085,Deer,True,Antelope:0.21
b51170d3172cd39b,Pig,Pig,False,dominant,0.1691,Pig,True,Plant:1.00
67c9c47a03799b03,Pig,Pig,False,dominant,0.2009,Pig,True,Plant:1.00
9b237883ded9f898,Pig,Pig,False,small,0.0413,Pig,True,
ccfe320e07f4f17f,Pig,Pig,False,dominant,0.1334,Pig,True,Plant:1.00
a932b50d05ce0c0a,Pig,Pig,False,dominant,0.0523,Pig,True,Food:0.65
4b079729a0e71846,Pig,Horse,True,dominant,0.2217,Pig,False,Plant:1.00
b7f09ff2d8d5de62,Pig,Pig,False,dominant,0.1974,Pig,True,Tree:0.59
e3caf236ec9848dd,Pig,Pig,False,dominant,0.1734,Pig,True,Tree:0.84
379872b4e7ed6738,Pig,Pig,False,dominant,0.1737,Pig,True,Plant:1.00
9a63414e6084c3fd,Pig,Pig,False,dominant,0.059,Pig,True,House:0.35
ef9ebfc0d2e92b67,Pig,Pig,False,,0.5124,Pig,True,
fe8f9fbed73ac1bc,Pig,Cattle,True,,0.509,Pig,False,
70113cc5a984e3cc,Pig,Pig,False,,0.5583,Pig,True,
44284df6501fbbed,Pig,Pig,False,,0.3652,Pig,True,Tree:0.01
94ab0f798aaae59f,Pig,Pig,False,,0.4399,Pig,True,
23d3a0eed55995c6,Pig,Pig,False,,0.7099,Pig,True,
e5f6a77ce93042cb,Pig,Pig,False,,0.4624,Pig,True,
14e4cc3d773af047,Pig,Pig,False,,0.1406,Pig,True,
cfb34f55700ad944,Pig,Pig,False,,0.8869,Pig,True,
8f92c1c5ae75cc7c,Pig,Pig,False,,0.2325,Pig,True,Plant:0.30
c92e4646cdeb0013,Pig,Pig,False,,0.3836,Pig,True,Furniture:0.18
ed75c5722216c79f,Pig,Pig,False,,0.6556,Pig,True,
94da6c243687bb64,Pig,Pig,False,,0.8609,Pig,True,
07643ac96638eaa3,Pig,Pig,False,,0.1541,Pig,True,
d7b3edb7d4f17d08,Pig,Pig,False,,0.6313,Pig,True,
e6d82f913b926fb9,Pig,Pig,False,,0.2002,Pig,True,
3d4f2ce25a369f2a,Pig,Pig,False,,0.7552,Pig,True,
c43e4a62f67b78f8,Pig,Pig,False,,0.2597,Pig,True,
22ab8b3e6b6355fd,Pig,Pig,False,,0.2031,Pig,True,Plant:0.06
432410e6487f58c5,Pig,Pig,False,,0.7832,Pig,True,
1ad34cc57a04a8f6,Pig,Pig,False,,0.5847,Pig,True,
fa13f1d1ff9d524d,Pig,Pig,False,,0.2507,Pig,True,
b4b4812d5a9296a2,Pig,Pig,False,,0.7214,Pig,True,
5e4461eb17f57029,Pig,Pig,False,,0.5445,Pig,True,
78757abd46497e4e,Pig,Pig,False,,0.2088,Pig,True,
2c6da970b93f453b,Pig,Pig,False,,0.7484,Pig,True,
5885b267b2ee7620,Pig,Pig,False,,0.7044,Pig,True,Tree:0.77
10c10ea7f083b808,Pig,Cattle,True,,0.365,Pig,False,Plant:1.00
6ebf73f324c82e8c,Pig,Pig,False,,0.2148,Pig,True,
26a5dae6871986b6,Pig,Pig,False,,0.3152,Pig,True,
