slide,value,auto_ok,context
1,51枚,True,誤り51枚のうち33枚は、ラベルのクラスが写真のどこにも写っていない
1,33枚,False,誤り51枚のうち33枚は、ラベルのクラスが写真のどこにも写っていない
1,40枚,True,誤りは鳥3種の間だけ。ボート・灯台・アザラシは各40枚すべて正解
1,12枚,False,ラベルのクラスだけ写る誤り（モデルの誤り）は12枚。うち10枚が黒い羽のハクチョウ
1,10枚,True,ラベルのクラスだけ写る誤り（モデルの誤り）は12枚。うち10枚が黒い羽のハクチョウ
1,1枚,False,両方写る1枚、ラベルか判定のどちらか決められない5枚
1,5枚,False,両方写る1枚、ラベルか判定のどちらか決められない5枚
1,79%,True,正解率 79%（189/240枚）。誤り51枚の全数を、元の写真（長辺1024px）で1枚ずつ目視して分けた（表: data/look.csv）
1,240枚,True,正解率 79%（189/240枚）。誤り51枚の全数を、元の写真（長辺1024px）で1枚ずつ目視して分けた（表: data/look.csv）
1,51枚,True,正解率 79%（189/240枚）。誤り51枚の全数を、元の写真（長辺1024px）で1枚ずつ目視して分けた（表: data/look.csv）
1,1枚,False,正解率 79%（189/240枚）。誤り51枚の全数を、元の写真（長辺1024px）で1枚ずつ目視して分けた（表: data/look.csv）
2,13枚,True,ラベルがガン、判定がハクチョウの13枚は、11枚にガンが写っていない
2,11枚,False,ラベルがガン、判定がハクチョウの13枚は、11枚にガンが写っていない
2,7枚,False,ハクチョウの写真が7枚。残る4枚はハト・カモメ・灰色の鳥・ペリカン
2,4枚,True,ハクチョウの写真が7枚。残る4枚はハト・カモメ・灰色の鳥・ペリカン
2,13枚,True,13枚をすべて表示（元の写真で目視）。写真: Open Images V7（各作者 CC BY 2.0、一覧は credits.html）
3,10枚,True,ラベルがカモ、判定がガンの10枚は、8枚にカモが写っていない
3,8枚,False,ラベルがカモ、判定がガンの10枚は、8枚にカモが写っていない
3,8枚,False,カモが写らない8枚は、ガンの写真6枚とハクチョウの写真2枚
3,6枚,False,カモが写らない8枚は、ガンの写真6枚とハクチョウの写真2枚
3,2枚,False,カモが写らない8枚は、ガンの写真6枚とハクチョウの写真2枚
3,10枚,True,10枚をすべて表示（元の写真で目視）。写真: Open Images V7（各作者 CC BY 2.0）
4,10枚,True,ラベルがガン、判定がカモの10枚は、9枚にガンが写っていない
4,9枚,False,ラベルがガン、判定がカモの10枚は、9枚にガンが写っていない
4,6枚,False,カモの写真が6枚。残る3枚は白黒の鳥、額が赤い鳥、額が白い鳥
4,3枚,False,カモの写真が6枚。残る3枚は白黒の鳥、額が赤い鳥、額が白い鳥
4,10枚,True,10枚をすべて表示（元の写真で目視）。写真: Open Images V7（各作者 CC BY 2.0）
5,24枚,False,黒い羽のハクチョウは24枚中10枚を誤り、9枚はガンと判定される
5,10枚,True,黒い羽のハクチョウは24枚中10枚を誤り、9枚はガンと判定される
5,9枚,False,黒い羽のハクチョウは24枚中10枚を誤り、9枚はガンと判定される
5,10枚,True,誤り10枚の確信度は0.42〜0.62。正解14枚のうち7枚も0.62以下だ
5,14枚,True,誤り10枚の確信度は0.42〜0.62。正解14枚のうち7枚も0.62以下だ
5,7枚,False,誤り10枚の確信度は0.42〜0.62。正解14枚のうち7枚も0.62以下だ
5,24枚,False,黒い羽の24枚は縮小画像で目視して数えた（表: data/black_swan.csv）。正解は確信度順の等間隔に4枚を表示。写真: Open Images V
5,4枚,True,黒い羽の24枚は縮小画像で目視して数えた（表: data/black_swan.csv）。正解は確信度順の等間隔に4枚を表示。写真: Open Images V
6,51枚,True,対策の前に、誤りの画像を見よう。51枚中33枚はラベルの確認が先だ
6,33枚,False,対策の前に、誤りの画像を見よう。51枚中33枚はラベルの確認が先だ
6,33枚,False,アノテーター: ラベルのクラスが写っていない33枚を、元のラベルと写真で突き合わせる
6,10枚,True,エンジニア: 黒い羽のハクチョウ10枚を、評価データの別枠にして追う
6,8枚,False,全員: 次の改善の前に、誤りの組ごとに写真を見る。残る8枚は付録にある
