id,reason
52cf321a6b15f3da,背景の人物の顔が分かる
cdffc858fa3f0a00,皮膚病の犬（不快に感じる人がいる）
8f5240b9473caf4c,主な被写体がラベルと違う（トラクター）
213ffc04dd48de33,ラベルと内容が違う（ぬいぐるみ）
12c3bf86b5335231,ラベルと内容が違う（コアラ）
a00b61e302334fb0,犬が写っている
3934bcc7603fe430,人物の顔の絵と署名が入っている
58b0b1a726be5d9d,主な被写体が車でナンバープレートが読める
7670da9037a0d71e,主な被写体が車で人物が写っている
21ecaab6b219b33e,主な被写体がラベルと違う（車）
25268d0bd76fb1eb,主な被写体がラベルと違う（田園の風景）
a61d9553fdce8d68,人物が多く写っている
6b74ecb9fc451e2b,主な被写体が車でナンバープレートが写っている
001cfa87e56b76a1,主な被写体が車でナンバープレートが読める
e678ee5b91f6d8ad,主な被写体が車でナンバープレートが読める
7855a548fc77c825,主な被写体がラベルと違う（掘削機）
4e9074b30c649ba1,人物が写っている
