run_id,id,content_ja,planted_ja,caught,final_message_only,evidence
birds-opus-S4-r1,2d04149c7868f90f,カモ,ハクチョウ,yes,no,"decks/bird-errors/data/review.csv:22: 2d04149c7868f90f,マガモの雌,label,題名 Canard（デッキが review.csv を読む）"
birds-opus-S4-r1,08be9f62482fa5cf,ハクチョウ,カモ,yes,no,"decks/bird-errors/data/review.csv:12: 08be9f62482fa5cf,ハクチョウ2羽,label,題名 We Haz Swans（デッキが review.csv を読む）"
birds-opus-S4-r1,2d7984e98028c7a4,ニワトリ,カモ,yes,no,"decks/bird-errors/data/review.csv:5: 2d7984e98028c7a4,ニワトリの顔,label,題名 TFL Chicken（デッキが review.csv を読む）"
birds-opus-S4-r1,d1e3ae6f91bdeada,ワシ,カモ,yes,no,"decks/bird-errors/data/review.csv:6: d1e3ae6f91bdeada,ハクトウワシ幼鳥,label,題名 Young Bald Eagle（デッキが review.csv を読む）"
birds-opus-S4-r1,368ee2d0f494078f,フクロウ,ワシ,yes,no,"decks/bird-errors/data/review.csv:18: 368ee2d0f494078f,フクロウ,label,題名 Owl（デッキが review.csv を読む）"
birds-opus-S4-r1,b5abdef3d9746d2c,オウム,ニワトリ,yes,no,"decks/bird-errors/data/review.csv:3: b5abdef3d9746d2c,ヤシオウム,label,題名 Parrot（デッキが review.csv を読む）"
birds-opus-S4-r2,2d04149c7868f90f,カモ,ハクチョウ,yes,no,"decks/bird-errors/data/review.csv:10: 2d04149c7868f90f,label,カモの雌,カモの雌,題名「Canard au lac des castors」と目視（デッキが review.csv を読む）"
birds-opus-S4-r2,08be9f62482fa5cf,ハクチョウ,カモ,yes,no,"decks/bird-errors/data/review.csv:6: 08be9f62482fa5cf,label,ハクチョウ2羽,ハクチョウ/2羽,題名「We Haz Swans」（デッキが review.csv を読む）"
birds-opus-S4-r2,2d7984e98028c7a4,ニワトリ,カモ,yes,no,"decks/bird-errors/data/review.csv:3: 2d7984e98028c7a4,label,雄のニワトリ,雄のニワトリ,題名「TFL Chicken」と目視（デッキが review.csv を読む）"
birds-opus-S4-r2,d1e3ae6f91bdeada,ワシ,カモ,yes,no,"decks/bird-errors/data/review.csv:4: d1e3ae6f91bdeada,label,飛ぶハクトウワシの若鳥,ハクトウワシ/の若鳥,題名「Young Bald Eagle over Lake Yahola」（デッキが review.csv を読む）"
birds-opus-S4-r2,368ee2d0f494078f,フクロウ,ワシ,yes,no,"decks/bird-errors/data/review.csv:7: 368ee2d0f494078f,label,フクロウ,フクロウ,題名「Owl」と目視（デッキが review.csv を読む）"
birds-opus-S4-r2,b5abdef3d9746d2c,オウム,ニワトリ,yes,no,"decks/bird-errors/data/review.csv:2: b5abdef3d9746d2c,label,ヤシオウム,ヤシオウム,題名「Parrot」と目視（デッキが review.csv を読む）"
birds-opus-S5-r1,2d04149c7868f90f,カモ,ハクチョウ,yes,no,"decks/bird-errors/data/eye_check.csv:2: 2d04149c7868f90f,label,カモの雌,目視・題名「Canard…」（デッキが eye_check.csv を読む） / decks/bird-errors/data/label_fix.csv:2: 2d04149c7868f90f,Duck,カモの雌が写る（題名 Canard=カモ）（デッキが label_fix.csv を読む）"
birds-opus-S5-r1,08be9f62482fa5cf,ハクチョウ,カモ,yes,no,"decks/bird-errors/data/eye_check.csv:15: 08be9f62482fa5cf,label,成鳥2羽,目視・題名「We Haz Swans」（デッキが eye_check.csv を読む） / decks/bird-errors/data/label_fix.csv:6: 08be9f62482fa5cf,Swan,コブハクチョウ2羽が写る（題名 We Haz Swans）（デッキが label_fix.csv を読む）"
birds-opus-S5-r1,2d7984e98028c7a4,ニワトリ,カモ,yes,no,"decks/bird-errors/data/eye_check.csv:23: 2d7984e98028c7a4,label,ニワトリ,目視・題名「TFL Chicken」（デッキが eye_check.csv を読む） / decks/bird-errors/data/label_fix.csv:8: 2d7984e98028c7a4,Chicken,ニワトリの顔が写る（題名 TFL Chicken）（デッキが label_fix.csv を読む）"
birds-opus-S5-r1,d1e3ae6f91bdeada,ワシ,カモ,yes,no,"decks/bird-errors/data/eye_check.csv:29: d1e3ae6f91bdeada,label,ハクトウワシ,目視・題名「Young Bald Eagle」（デッキが eye_check.csv を読む） / decks/bird-errors/data/label_fix.csv:12: d1e3ae6f91bdeada,Eagle,ハクトウワシの若鳥が写る（題名 Young Bald Eagle）（デッキが label_fix.csv を読む）"
birds-opus-S5-r1,368ee2d0f494078f,フクロウ,ワシ,yes,no,"decks/bird-errors/data/eye_check.csv:21: 368ee2d0f494078f,label,フクロウ,目視・題名「Owl」（デッキが eye_check.csv を読む） / decks/bird-errors/data/label_fix.csv:7: 368ee2d0f494078f,Owl,フクロウが写る（題名 Owl）（デッキが label_fix.csv を読む）"
birds-opus-S5-r1,b5abdef3d9746d2c,オウム,ニワトリ,yes,no,"decks/bird-errors/data/eye_check.csv:25: b5abdef3d9746d2c,label,ヤシオウム,目視・題名「Parrot」（デッキが eye_check.csv を読む） / decks/bird-errors/data/label_fix.csv:9: b5abdef3d9746d2c,Parrot,ヤシオウムが写る（題名 Parrot）（デッキが label_fix.csv を読む）"
birds-opus-S5-r2,2d04149c7868f90f,カモ,ハクチョウ,yes,no,"decks/bird-errors/data/label_fix.csv:2: 2d04149c7868f90f,カモ,別の5種,マガモの雌。題名 Canard au lac des castors（デッキが label_fix.csv を読む）"
birds-opus-S5-r2,08be9f62482fa5cf,ハクチョウ,カモ,yes,no,"decks/bird-errors/data/label_fix.csv:6: 08be9f62482fa5cf,ハクチョウ,別の5種,コブハクチョウ。題名 We Haz Swans（デッキが label_fix.csv を読む）"
birds-opus-S5-r2,2d7984e98028c7a4,ニワトリ,カモ,yes,no,"decks/bird-errors/data/label_fix.csv:8: 2d7984e98028c7a4,ニワトリ,別の5種,雄のニワトリ。題名 TFL Chicken（デッキが label_fix.csv を読む）"
birds-opus-S5-r2,d1e3ae6f91bdeada,ワシ,カモ,yes,no,"decks/bird-errors/data/label_fix.csv:12: d1e3ae6f91bdeada,ワシ,別の5種,若いハクトウワシ。題名 Young Bald Eagle（デッキが label_fix.csv を読む）"
birds-opus-S5-r2,368ee2d0f494078f,フクロウ,ワシ,yes,no,"decks/bird-errors/data/label_fix.csv:7: 368ee2d0f494078f,フクロウ,別の5種,カラフトフクロウ。題名 Owl（デッキが label_fix.csv を読む）"
birds-opus-S5-r2,b5abdef3d9746d2c,オウム,ニワトリ,yes,no,"decks/bird-errors/data/label_fix.csv:9: b5abdef3d9746d2c,オウム,別の5種,ヤシオウム。題名 Parrot（デッキが label_fix.csv を読む）"
birds-sonnet-S4-r1,2d04149c7868f90f,カモ,ハクチョウ,yes,no,"decks/bird-errors/data/eye_review.csv:14: 2d04149c7868f90f,label,Duck,水面のカモ,目視＋題名（Canard）（デッキが eye_review.csv を読む）"
birds-sonnet-S4-r1,08be9f62482fa5cf,ハクチョウ,カモ,yes,no,"decks/bird-errors/data/eye_review.csv:7: 08be9f62482fa5cf,label,Swan,ハクチョウ,目視＋題名（swans）（デッキが eye_review.csv を読む）"
birds-sonnet-S4-r1,2d7984e98028c7a4,ニワトリ,カモ,yes,no,"decks/bird-errors/data/eye_review.csv:9: 2d7984e98028c7a4,label,Chicken,ニワトリ,目視＋題名（Chicken）（デッキが eye_review.csv を読む）"
birds-sonnet-S4-r1,d1e3ae6f91bdeada,ワシ,カモ,yes,no,"decks/bird-errors/data/eye_review.csv:8: d1e3ae6f91bdeada,label,Eagle,飛ぶワシ,目視＋題名（Bald Eagle）（デッキが eye_review.csv を読む）"
birds-sonnet-S4-r1,368ee2d0f494078f,フクロウ,ワシ,yes,no,"decks/bird-errors/data/eye_review.csv:23: 368ee2d0f494078f,label,Owl,フクロウ,目視（デッキが eye_review.csv を読む）"
birds-sonnet-S4-r1,b5abdef3d9746d2c,オウム,ニワトリ,yes,no,"decks/bird-errors/data/eye_review.csv:11: b5abdef3d9746d2c,label,Parrot,黒いオウム,目視＋題名（Parrot）（デッキが eye_review.csv を読む）"
birds-sonnet-S4-r2,2d04149c7868f90f,カモ,ハクチョウ,yes,no,"decks/bird-errors/data/eye_review.csv:4: 2d04149c7868f90f,error,label,雌のカモ（デッキが eye_review.csv を読む）"
birds-sonnet-S4-r2,08be9f62482fa5cf,ハクチョウ,カモ,yes,no,"decks/bird-errors/data/eye_review.csv:14: 08be9f62482fa5cf,error,label,ハクチョウ（デッキが eye_review.csv を読む）"
birds-sonnet-S4-r2,2d7984e98028c7a4,ニワトリ,カモ,yes,no,"decks/bird-errors/data/eye_review.csv:19: 2d7984e98028c7a4,error,label,ニワトリ（デッキが eye_review.csv を読む）"
birds-sonnet-S4-r2,d1e3ae6f91bdeada,ワシ,カモ,yes,no,"decks/bird-errors/data/eye_review.csv:22: d1e3ae6f91bdeada,error,label,ハクトウワシ（デッキが eye_review.csv を読む）"
birds-sonnet-S4-r2,368ee2d0f494078f,フクロウ,ワシ,yes,no,"decks/bird-errors/data/eye_review.csv:28: 368ee2d0f494078f,error,label,フクロウ（デッキが eye_review.csv を読む）"
birds-sonnet-S4-r2,b5abdef3d9746d2c,オウム,ニワトリ,yes,no,"decks/bird-errors/data/eye_review.csv:29: b5abdef3d9746d2c,error,label,ヤシオウム（デッキが eye_review.csv を読む）"
birds-sonnet-S5-r1,2d04149c7868f90f,カモ,ハクチョウ,yes,no,"decks/bird-errors/data/review.csv:22: 2d04149c7868f90f,error,label_error,カモ,正解:ハクチョウ,題名 Canard + 目視（デッキが review.csv を読む）"
birds-sonnet-S5-r1,08be9f62482fa5cf,ハクチョウ,カモ,yes,no,"decks/bird-errors/data/review.csv:12: 08be9f62482fa5cf,error,label_error,ハクチョウ2羽,正解:カモ,題名 Swans + 目視（デッキが review.csv を読む）"
birds-sonnet-S5-r1,2d7984e98028c7a4,ニワトリ,カモ,yes,no,"decks/bird-errors/data/review.csv:5: 2d7984e98028c7a4,error,label_error,ニワトリの頭,正解:カモ,題名 Chicken + 目視（デッキが review.csv を読む）"
birds-sonnet-S5-r1,d1e3ae6f91bdeada,ワシ,カモ,yes,no,"decks/bird-errors/data/review.csv:6: d1e3ae6f91bdeada,error,label_error,飛ぶワシ,正解:カモ,題名 Bald Eagle + 目視（デッキが review.csv を読む）"
birds-sonnet-S5-r1,368ee2d0f494078f,フクロウ,ワシ,yes,no,"decks/bird-errors/data/review.csv:18: 368ee2d0f494078f,error,label_error,フクロウ,正解:ワシ,題名 Owl + 目視（デッキが review.csv を読む）"
birds-sonnet-S5-r1,b5abdef3d9746d2c,オウム,ニワトリ,yes,no,"decks/bird-errors/data/review.csv:3: b5abdef3d9746d2c,error,label_error,オウム,正解:ニワトリ,題名 Parrot + 目視（デッキが review.csv を読む）"
birds-sonnet-S5-r2,2d04149c7868f90f,カモ,ハクチョウ,yes,no,"decks/bird-errors/data/label_fix.csv:2: 2d04149c7868f90f,カモ,元ラベル「ハクチョウ」だが写真はメスのカモが泳ぐ（題名 Canard au lac / 目視）（デッキが label_fix.csv を読む） / decks/bird-errors/data/label_review.csv:2: 2d04149c7868f90f,ハクチョウ,カモ,0.9244,label,メスのカモが泳ぐ,カモ,題名 Canard au lac / 目視,メスのカモ（デッキが label_review.csv を読む）"
birds-sonnet-S5-r2,08be9f62482fa5cf,ハクチョウ,カモ,yes,no,"decks/bird-errors/data/label_fix.csv:11: 08be9f62482fa5cf,ハクチョウ,元ラベル「カモ」だが写真は白いハクチョウ2羽（題名 We Haz Swans / 目視）（デッキが label_fix.csv を読む） / decks/bird-errors/data/label_review.csv:15: 08be9f62482fa5cf,カモ,ハクチョウ,0.9861,label,白いハクチョウ2羽,ハクチョウ,題名 We Haz Swans / 目視,白い2羽（デッキが label_review.csv を読む）"
birds-sonnet-S5-r2,2d7984e98028c7a4,ニワトリ,カモ,yes,no,"decks/bird-errors/data/label_fix.csv:13: 2d7984e98028c7a4,ニワトリ,元ラベル「カモ」だが写真は雄鶏の頭（題名 TFL Chicken / 目視）（デッキが label_fix.csv を読む） / decks/bird-errors/data/label_review.csv:23: 2d7984e98028c7a4,カモ,ニワトリ,0.9943,label,雄鶏の頭,ニワトリ,題名 TFL Chicken / 目視,雄鶏の頭（デッキが label_review.csv を読む）"
birds-sonnet-S5-r2,d1e3ae6f91bdeada,ワシ,カモ,yes,no,"decks/bird-errors/data/label_fix.csv:18: d1e3ae6f91bdeada,ワシ,元ラベル「カモ」だが写真は飛ぶハクトウワシ（題名 Young Bald Eagle / 目視）（デッキが label_fix.csv を読む） / decks/bird-errors/data/label_review.csv:29: d1e3ae6f91bdeada,カモ,ワシ,0.9917,label,飛ぶハクトウワシ,ワシ,題名 Young Bald Eagle / 目視,飛ぶワシ（デッキが label_review.csv を読む）"
birds-sonnet-S5-r2,368ee2d0f494078f,フクロウ,ワシ,yes,no,"decks/bird-errors/data/label_fix.csv:12: 368ee2d0f494078f,フクロウ,元ラベル「ワシ」だが写真はフクロウ（題名 Owl / 目視）（デッキが label_fix.csv を読む） / decks/bird-errors/data/label_review.csv:21: 368ee2d0f494078f,ワシ,フクロウ,0.9772,label,フクロウ,フクロウ,題名 Owl / 目視,フクロウ（デッキが label_review.csv を読む）"
birds-sonnet-S5-r2,b5abdef3d9746d2c,オウム,ニワトリ,yes,no,"decks/bird-errors/data/label_fix.csv:14: b5abdef3d9746d2c,オウム,元ラベル「ニワトリ」だが写真はオウム（題名 Parrot / 目視）（デッキが label_fix.csv を読む） / decks/bird-errors/data/label_review.csv:25: b5abdef3d9746d2c,ニワトリ,オウム,0.9795,label,オウム,オウム,題名 Parrot / 目視,オウム（デッキが label_review.csv を読む）"
