run_id,model,skill,rep,id,label_ja,pred_ja,planted,shown,shown_main,slides,best,content_ja,planted_ja,mentions
birds-opus-S4-r1,opus,S4,r1,2d04149c7868f90f,ハクチョウ,カモ,True,True,True,3,0.969,カモ,ハクチョウ,"decks/bird-errors/data/review.csv:22: 2d04149c7868f90f,マガモの雌,label,題名 Canard"
birds-opus-S4-r1,opus,S4,r1,08be9f62482fa5cf,カモ,ハクチョウ,True,True,True,4,0.969,ハクチョウ,カモ,"decks/bird-errors/data/review.csv:12: 08be9f62482fa5cf,ハクチョウ2羽,label,題名 We Haz Swans"
birds-opus-S4-r1,opus,S4,r1,2d7984e98028c7a4,カモ,ニワトリ,True,True,True,6,0.947,ニワトリ,カモ,"decks/bird-errors/data/review.csv:5: 2d7984e98028c7a4,ニワトリの顔,label,題名 TFL Chicken"
birds-opus-S4-r1,opus,S4,r1,d1e3ae6f91bdeada,カモ,ワシ,True,True,True,6,0.981,ワシ,カモ,"decks/bird-errors/data/review.csv:6: d1e3ae6f91bdeada,ハクトウワシ幼鳥,label,題名 Young Bald Eagle"
birds-opus-S4-r1,opus,S4,r1,368ee2d0f494078f,ワシ,フクロウ,True,True,True,5,0.967,フクロウ,ワシ,"decks/bird-errors/data/review.csv:18: 368ee2d0f494078f,フクロウ,label,題名 Owl"
birds-opus-S4-r1,opus,S4,r1,b5abdef3d9746d2c,ニワトリ,オウム,True,True,True,6,0.973,オウム,ニワトリ,"decks/bird-errors/data/review.csv:3: b5abdef3d9746d2c,ヤシオウム,label,題名 Parrot"
birds-opus-S4-r2,opus,S4,r2,2d04149c7868f90f,ハクチョウ,カモ,True,True,True,3,0.99,カモ,ハクチョウ,"decks/bird-errors/data/review.csv:10: 2d04149c7868f90f,label,カモの雌,カモの雌,題名「Canard au lac des castors」と目視"
birds-opus-S4-r2,opus,S4,r2,08be9f62482fa5cf,カモ,ハクチョウ,True,True,True,3,0.979,ハクチョウ,カモ,"decks/bird-errors/data/review.csv:6: 08be9f62482fa5cf,label,ハクチョウ2羽,ハクチョウ/2羽,題名「We Haz Swans」"
birds-opus-S4-r2,opus,S4,r2,2d7984e98028c7a4,カモ,ニワトリ,True,True,True,3,0.974,ニワトリ,カモ,"decks/bird-errors/data/review.csv:3: 2d7984e98028c7a4,label,雄のニワトリ,雄のニワトリ,題名「TFL Chicken」と目視"
birds-opus-S4-r2,opus,S4,r2,d1e3ae6f91bdeada,カモ,ワシ,True,True,True,3,0.983,ワシ,カモ,"decks/bird-errors/data/review.csv:4: d1e3ae6f91bdeada,label,飛ぶハクトウワシの若鳥,ハクトウワシ/の若鳥,題名「Young Bald Eagle over Lake Yahola」"
birds-opus-S4-r2,opus,S4,r2,368ee2d0f494078f,ワシ,フクロウ,True,True,True,3,0.975,フクロウ,ワシ,"decks/bird-errors/data/review.csv:7: 368ee2d0f494078f,label,フクロウ,フクロウ,題名「Owl」と目視"
birds-opus-S4-r2,opus,S4,r2,b5abdef3d9746d2c,ニワトリ,オウム,True,True,True,3,0.977,オウム,ニワトリ,"decks/bird-errors/data/review.csv:2: b5abdef3d9746d2c,label,ヤシオウム,ヤシオウム,題名「Parrot」と目視"
birds-opus-S5-r1,opus,S5,r1,2d04149c7868f90f,ハクチョウ,カモ,True,True,True,4,0.99,カモ,ハクチョウ,"decks/bird-errors/data/eye_check.csv:2: 2d04149c7868f90f,label,カモの雌,目視・題名「Canard…」 || decks/bird-errors/data/label_fix.csv:2: 2d04149c7868f90f,Duck,カモの雌が写る（題名 Canard=カモ）"
birds-opus-S5-r1,opus,S5,r1,08be9f62482fa5cf,カモ,ハクチョウ,True,True,True,3,0.966,ハクチョウ,カモ,"decks/bird-errors/data/eye_check.csv:15: 08be9f62482fa5cf,label,成鳥2羽,目視・題名「We Haz Swans」 || decks/bird-errors/data/label_fix.csv:6: 08be9f62482fa5cf,Swan,コブハクチョウ2羽が写る（題名 We Haz Swans）"
birds-opus-S5-r1,opus,S5,r1,2d7984e98028c7a4,カモ,ニワトリ,True,True,True,6,0.967,ニワトリ,カモ,"decks/bird-errors/data/eye_check.csv:23: 2d7984e98028c7a4,label,ニワトリ,目視・題名「TFL Chicken」 || decks/bird-errors/data/label_fix.csv:8: 2d7984e98028c7a4,Chicken,ニワトリの顔が写る（題名 TFL Chicken）"
birds-opus-S5-r1,opus,S5,r1,d1e3ae6f91bdeada,カモ,ワシ,True,True,True,6,0.993,ワシ,カモ,"decks/bird-errors/data/eye_check.csv:29: d1e3ae6f91bdeada,label,ハクトウワシ,目視・題名「Young Bald Eagle」 || decks/bird-errors/data/label_fix.csv:12: d1e3ae6f91bdeada,Eagle,ハクトウワシの若鳥が写る（題名 Young Bald Eagle）"
birds-opus-S5-r1,opus,S5,r1,368ee2d0f494078f,ワシ,フクロウ,True,True,True,5,0.992,フクロウ,ワシ,"decks/bird-errors/data/eye_check.csv:21: 368ee2d0f494078f,label,フクロウ,目視・題名「Owl」 || decks/bird-errors/data/label_fix.csv:7: 368ee2d0f494078f,Owl,フクロウが写る（題名 Owl）"
birds-opus-S5-r1,opus,S5,r1,b5abdef3d9746d2c,ニワトリ,オウム,True,True,True,6,0.992,オウム,ニワトリ,"decks/bird-errors/data/eye_check.csv:25: b5abdef3d9746d2c,label,ヤシオウム,目視・題名「Parrot」 || decks/bird-errors/data/label_fix.csv:9: b5abdef3d9746d2c,Parrot,ヤシオウムが写る（題名 Parrot）"
birds-opus-S5-r2,opus,S5,r2,2d04149c7868f90f,ハクチョウ,カモ,True,True,True,4,0.972,カモ,ハクチョウ,"decks/bird-errors/data/label_fix.csv:2: 2d04149c7868f90f,カモ,別の5種,マガモの雌。題名 Canard au lac des castors || decks/bird-errors/data/look.csv:4: 2d04149c7868f90f,マガモの雌,マガモの雌,no,"
birds-opus-S5-r2,opus,S5,r2,08be9f62482fa5cf,カモ,ハクチョウ,True,True,True,3,0.994,ハクチョウ,カモ,"decks/bird-errors/data/label_fix.csv:6: 08be9f62482fa5cf,ハクチョウ,別の5種,コブハクチョウ。題名 We Haz Swans || decks/bird-errors/data/look.csv:31: 08be9f62482fa5cf,コブハクチョウ2羽,ハクチョウ,,"
birds-opus-S5-r2,opus,S5,r2,2d7984e98028c7a4,カモ,ニワトリ,True,True,True,6,0.923,ニワトリ,カモ,"decks/bird-errors/data/label_fix.csv:8: 2d7984e98028c7a4,ニワトリ,別の5種,雄のニワトリ。題名 TFL Chicken || decks/bird-errors/data/look.csv:50: 2d7984e98028c7a4,雄のニワトリの顔,ニワトリ,,"
birds-opus-S5-r2,opus,S5,r2,d1e3ae6f91bdeada,カモ,ワシ,True,True,True,6,0.989,ワシ,カモ,"decks/bird-errors/data/label_fix.csv:12: d1e3ae6f91bdeada,ワシ,別の5種,若いハクトウワシ。題名 Young Bald Eagle || decks/bird-errors/data/look.csv:62: d1e3ae6f91bdeada,飛ぶ若いハクトウワシ,ハクトウワシ,,"
birds-opus-S5-r2,opus,S5,r2,368ee2d0f494078f,ワシ,フクロウ,True,False,False,,0.721,フクロウ,ワシ,"decks/bird-errors/data/label_fix.csv:7: 368ee2d0f494078f,フクロウ,別の5種,カラフトフクロウ。題名 Owl || decks/bird-errors/data/look.csv:93: 368ee2d0f494078f,カラフトフクロウ,フクロウ,,no"
birds-opus-S5-r2,opus,S5,r2,b5abdef3d9746d2c,ニワトリ,オウム,True,True,True,6,0.98,オウム,ニワトリ,"decks/bird-errors/data/label_fix.csv:9: b5abdef3d9746d2c,オウム,別の5種,ヤシオウム。題名 Parrot || decks/bird-errors/data/look.csv:94: b5abdef3d9746d2c,ヤシオウム,ヤシオウム,,"
birds-sonnet-S4-r1,sonnet,S4,r1,2d04149c7868f90f,ハクチョウ,カモ,True,True,True,4,0.995,カモ,ハクチョウ,"decks/bird-errors/data/eye_review.csv:14: 2d04149c7868f90f,label,Duck,水面のカモ,目視＋題名（Canard）"
birds-sonnet-S4-r1,sonnet,S4,r1,08be9f62482fa5cf,カモ,ハクチョウ,True,True,True,3,0.995,ハクチョウ,カモ,"decks/bird-errors/data/eye_review.csv:7: 08be9f62482fa5cf,label,Swan,ハクチョウ,目視＋題名（swans）"
birds-sonnet-S4-r1,sonnet,S4,r1,2d7984e98028c7a4,カモ,ニワトリ,True,True,True,3,0.975,ニワトリ,カモ,"decks/bird-errors/data/eye_review.csv:9: 2d7984e98028c7a4,label,Chicken,ニワトリ,目視＋題名（Chicken）"
birds-sonnet-S4-r1,sonnet,S4,r1,d1e3ae6f91bdeada,カモ,ワシ,True,True,True,3,0.994,ワシ,カモ,"decks/bird-errors/data/eye_review.csv:8: d1e3ae6f91bdeada,label,Eagle,飛ぶワシ,目視＋題名（Bald Eagle）"
birds-sonnet-S4-r1,sonnet,S4,r1,368ee2d0f494078f,ワシ,フクロウ,True,True,True,5,0.982,フクロウ,ワシ,"decks/bird-errors/data/eye_review.csv:23: 368ee2d0f494078f,label,Owl,フクロウ,目視"
birds-sonnet-S4-r1,sonnet,S4,r1,b5abdef3d9746d2c,ニワトリ,オウム,True,True,True,6,0.96,オウム,ニワトリ,"decks/bird-errors/data/eye_review.csv:11: b5abdef3d9746d2c,label,Parrot,黒いオウム,目視＋題名（Parrot）"
birds-sonnet-S4-r2,sonnet,S4,r2,2d04149c7868f90f,ハクチョウ,カモ,True,True,True,3,0.985,カモ,ハクチョウ,"decks/bird-errors/data/eye_review.csv:4: 2d04149c7868f90f,error,label,雌のカモ"
birds-sonnet-S4-r2,sonnet,S4,r2,08be9f62482fa5cf,カモ,ハクチョウ,True,True,True,4,0.971,ハクチョウ,カモ,"decks/bird-errors/data/eye_review.csv:14: 08be9f62482fa5cf,error,label,ハクチョウ"
birds-sonnet-S4-r2,sonnet,S4,r2,2d7984e98028c7a4,カモ,ニワトリ,True,True,True,6,0.975,ニワトリ,カモ,"decks/bird-errors/data/eye_review.csv:19: 2d7984e98028c7a4,error,label,ニワトリ"
birds-sonnet-S4-r2,sonnet,S4,r2,d1e3ae6f91bdeada,カモ,ワシ,True,True,True,6,0.991,ワシ,カモ,"decks/bird-errors/data/eye_review.csv:22: d1e3ae6f91bdeada,error,label,ハクトウワシ"
birds-sonnet-S4-r2,sonnet,S4,r2,368ee2d0f494078f,ワシ,フクロウ,True,True,True,5,0.985,フクロウ,ワシ,"decks/bird-errors/data/eye_review.csv:28: 368ee2d0f494078f,error,label,フクロウ"
birds-sonnet-S4-r2,sonnet,S4,r2,b5abdef3d9746d2c,ニワトリ,オウム,True,True,True,6,0.993,オウム,ニワトリ,"decks/bird-errors/data/eye_review.csv:29: b5abdef3d9746d2c,error,label,ヤシオウム"
birds-sonnet-S5-r1,sonnet,S5,r1,2d04149c7868f90f,ハクチョウ,カモ,True,True,True,4,0.983,カモ,ハクチョウ,"decks/bird-errors/data/review.csv:22: 2d04149c7868f90f,error,label_error,カモ,正解:ハクチョウ,題名 Canard + 目視"
birds-sonnet-S5-r1,sonnet,S5,r1,08be9f62482fa5cf,カモ,ハクチョウ,True,True,True,3,0.991,ハクチョウ,カモ,"decks/bird-errors/data/review.csv:12: 08be9f62482fa5cf,error,label_error,ハクチョウ2羽,正解:カモ,題名 Swans + 目視"
birds-sonnet-S5-r1,sonnet,S5,r1,2d7984e98028c7a4,カモ,ニワトリ,True,True,False,8(付録),0.95,ニワトリ,カモ,"decks/bird-errors/data/review.csv:5: 2d7984e98028c7a4,error,label_error,ニワトリの頭,正解:カモ,題名 Chicken + 目視"
birds-sonnet-S5-r1,sonnet,S5,r1,d1e3ae6f91bdeada,カモ,ワシ,True,True,False,8(付録),0.99,ワシ,カモ,"decks/bird-errors/data/review.csv:6: d1e3ae6f91bdeada,error,label_error,飛ぶワシ,正解:カモ,題名 Bald Eagle + 目視"
birds-sonnet-S5-r1,sonnet,S5,r1,368ee2d0f494078f,ワシ,フクロウ,True,True,True,5,0.981,フクロウ,ワシ,"decks/bird-errors/data/review.csv:18: 368ee2d0f494078f,error,label_error,フクロウ,正解:ワシ,題名 Owl + 目視"
birds-sonnet-S5-r1,sonnet,S5,r1,b5abdef3d9746d2c,ニワトリ,オウム,True,True,False,8(付録),0.975,オウム,ニワトリ,"decks/bird-errors/data/review.csv:3: b5abdef3d9746d2c,error,label_error,オウム,正解:ニワトリ,題名 Parrot + 目視"
birds-sonnet-S5-r2,sonnet,S5,r2,2d04149c7868f90f,ハクチョウ,カモ,True,True,True,3 7,0.992,カモ,ハクチョウ,"decks/bird-errors/data/label_fix.csv:2: 2d04149c7868f90f,カモ,元ラベル「ハクチョウ」だが写真はメスのカモが泳ぐ（題名 Canard au lac / 目視） || decks/bird-errors/data/label_review.csv:2: 2d04149c7868f90f,ハクチョウ,カモ,0.9244,label,メスのカモが泳ぐ,カモ,題名 Canard au lac / 目視,メスのカモ"
birds-sonnet-S5-r2,sonnet,S5,r2,08be9f62482fa5cf,カモ,ハクチョウ,True,True,True,4 7,0.989,ハクチョウ,カモ,"decks/bird-errors/data/label_fix.csv:11: 08be9f62482fa5cf,ハクチョウ,元ラベル「カモ」だが写真は白いハクチョウ2羽（題名 We Haz Swans / 目視） || decks/bird-errors/data/label_review.csv:15: 08be9f62482fa5cf,カモ,ハクチョウ,0.9861,label,白いハクチョウ2羽,ハクチョウ,題名 We Haz Swans / 目視,白い2羽"
birds-sonnet-S5-r2,sonnet,S5,r2,2d7984e98028c7a4,カモ,ニワトリ,True,True,True,6 7,0.975,ニワトリ,カモ,"decks/bird-errors/data/label_fix.csv:13: 2d7984e98028c7a4,ニワトリ,元ラベル「カモ」だが写真は雄鶏の頭（題名 TFL Chicken / 目視） || decks/bird-errors/data/label_review.csv:23: 2d7984e98028c7a4,カモ,ニワトリ,0.9943,label,雄鶏の頭,ニワトリ,題名 TFL Chicken / 目視,雄鶏の頭"
birds-sonnet-S5-r2,sonnet,S5,r2,d1e3ae6f91bdeada,カモ,ワシ,True,True,True,6 7,0.995,ワシ,カモ,"decks/bird-errors/data/label_fix.csv:18: d1e3ae6f91bdeada,ワシ,元ラベル「カモ」だが写真は飛ぶハクトウワシ（題名 Young Bald Eagle / 目視） || decks/bird-errors/data/label_review.csv:29: d1e3ae6f91bdeada,カモ,ワシ,0.9917,label,飛ぶハクトウワシ,ワシ,題名 Young Bald Eagle / 目視,飛ぶワシ"
birds-sonnet-S5-r2,sonnet,S5,r2,368ee2d0f494078f,ワシ,フクロウ,True,True,True,5 7,0.991,フクロウ,ワシ,"decks/bird-errors/data/label_fix.csv:12: 368ee2d0f494078f,フクロウ,元ラベル「ワシ」だが写真はフクロウ（題名 Owl / 目視） || decks/bird-errors/data/label_review.csv:21: 368ee2d0f494078f,ワシ,フクロウ,0.9772,label,フクロウ,フクロウ,題名 Owl / 目視,フクロウ"
birds-sonnet-S5-r2,sonnet,S5,r2,b5abdef3d9746d2c,ニワトリ,オウム,True,True,True,6 7,0.992,オウム,ニワトリ,"decks/bird-errors/data/label_fix.csv:14: b5abdef3d9746d2c,オウム,元ラベル「ニワトリ」だが写真はオウム（題名 Parrot / 目視） || decks/bird-errors/data/label_review.csv:25: b5abdef3d9746d2c,ニワトリ,オウム,0.9795,label,オウム,オウム,題名 Parrot / 目視,オウム"
