run_id,model,skill,rep,id,label_ja,pred_ja,planted,shown,shown_main,slides,best
birds-opus-S4-r1,opus,S4,r1,8686eab647d91373,カモ,ハクチョウ,False,True,True,4,0.983
birds-opus-S4-r1,opus,S4,r1,10894df53c0511c5,カモ,ハクチョウ,False,True,True,4,0.979
birds-opus-S4-r1,opus,S4,r1,2d04149c7868f90f,ハクチョウ,カモ,True,True,True,3,0.969
birds-opus-S4-r1,opus,S4,r1,0e3f27ec08b8fe08,カモ,ニワトリ,False,True,True,6 9(付録),0.96
birds-opus-S4-r1,opus,S4,r1,75798b9525b6d72c,カモ,ハクチョウ,False,True,True,4,0.974
birds-opus-S4-r1,opus,S4,r1,bc5f9eb43ec8b361,カモ,ハクチョウ,False,True,True,4,0.977
birds-opus-S4-r1,opus,S4,r1,64e48b07e9a2add5,カモ,ハクチョウ,False,True,True,4,0.969
birds-opus-S4-r1,opus,S4,r1,eb1b1ae30dfe0859,ハクチョウ,カモ,False,True,True,3 9(付録),0.932
birds-opus-S4-r1,opus,S4,r1,8b17a8c79a847ff2,ハクチョウ,カモ,False,True,True,3 9(付録),0.988
birds-opus-S4-r1,opus,S4,r1,131358d138ec97ef,ハクチョウ,オウム,False,True,True,6,0.939
birds-opus-S4-r1,opus,S4,r1,9800d0700da8ac65,ハクチョウ,カモ,False,True,True,3 9(付録),0.955
birds-opus-S4-r1,opus,S4,r1,8605276bc8175e01,ハクチョウ,カモ,False,True,True,3,0.97
birds-opus-S4-r1,opus,S4,r1,08be9f62482fa5cf,カモ,ハクチョウ,True,True,True,4,0.969
birds-opus-S4-r1,opus,S4,r1,498ae254e1ce2c98,ハクチョウ,カモ,False,True,True,3,0.986
birds-opus-S4-r1,opus,S4,r1,310275a7da893e8c,ハクチョウ,カモ,False,True,True,3,0.921
birds-opus-S4-r1,opus,S4,r1,e622d2cf834e64dd,ハクチョウ,カモ,False,True,True,3 9(付録),0.97
birds-opus-S4-r1,opus,S4,r1,d7d9657728147e9e,ニワトリ,オウム,False,True,True,6 9(付録),0.99
birds-opus-S4-r1,opus,S4,r1,2d7984e98028c7a4,カモ,ニワトリ,True,True,True,6,0.947
birds-opus-S4-r1,opus,S4,r1,51cdfa8fd8839900,ワシ,フクロウ,False,True,True,5,0.988
birds-opus-S4-r1,opus,S4,r1,7967f24f32f144f7,ワシ,フクロウ,False,True,True,5,0.967
birds-opus-S4-r1,opus,S4,r1,d1e3ae6f91bdeada,カモ,ワシ,True,True,True,6,0.981
birds-opus-S4-r1,opus,S4,r1,e65abbedd961c095,ワシ,フクロウ,False,True,True,5,0.977
birds-opus-S4-r1,opus,S4,r1,70470f22b97eb2a0,ワシ,フクロウ,False,True,True,5,0.991
birds-opus-S4-r1,opus,S4,r1,25880c4f38d01747,ワシ,フクロウ,False,True,True,5,0.938
birds-opus-S4-r1,opus,S4,r1,d03d874fc50190c3,フクロウ,ワシ,False,True,True,6,0.98
birds-opus-S4-r1,opus,S4,r1,93e6f5738fd86cb7,フクロウ,ワシ,False,True,True,6,0.988
birds-opus-S4-r1,opus,S4,r1,368ee2d0f494078f,ワシ,フクロウ,True,True,True,5,0.967
birds-opus-S4-r1,opus,S4,r1,b5abdef3d9746d2c,ニワトリ,オウム,True,True,True,6,0.973
birds-opus-S4-r1,opus,S4,r1,07f0faab58f2a31e,オウム,ハクチョウ,False,True,True,6 9(付録),0.979
birds-opus-S4-r2,opus,S4,r2,8686eab647d91373,カモ,ハクチョウ,False,True,True,4,0.997
birds-opus-S4-r2,opus,S4,r2,10894df53c0511c5,カモ,ハクチョウ,False,True,True,3,0.991
birds-opus-S4-r2,opus,S4,r2,2d04149c7868f90f,ハクチョウ,カモ,True,True,True,3,0.99
birds-opus-S4-r2,opus,S4,r2,0e3f27ec08b8fe08,カモ,ニワトリ,False,True,True,5,0.954
birds-opus-S4-r2,opus,S4,r2,75798b9525b6d72c,カモ,ハクチョウ,False,True,True,4,0.997
birds-opus-S4-r2,opus,S4,r2,bc5f9eb43ec8b361,カモ,ハクチョウ,False,True,True,4,0.997
birds-opus-S4-r2,opus,S4,r2,64e48b07e9a2add5,カモ,ハクチョウ,False,True,True,4,0.997
birds-opus-S4-r2,opus,S4,r2,eb1b1ae30dfe0859,ハクチョウ,カモ,False,True,True,5,0.944
birds-opus-S4-r2,opus,S4,r2,8b17a8c79a847ff2,ハクチョウ,カモ,False,True,True,5,0.983
birds-opus-S4-r2,opus,S4,r2,131358d138ec97ef,ハクチョウ,オウム,False,True,True,4,0.99
birds-opus-S4-r2,opus,S4,r2,9800d0700da8ac65,ハクチョウ,カモ,False,True,True,5,0.959
birds-opus-S4-r2,opus,S4,r2,8605276bc8175e01,ハクチョウ,カモ,False,True,True,3,0.988
birds-opus-S4-r2,opus,S4,r2,08be9f62482fa5cf,カモ,ハクチョウ,True,True,True,3,0.979
birds-opus-S4-r2,opus,S4,r2,498ae254e1ce2c98,ハクチョウ,カモ,False,True,True,4,0.995
birds-opus-S4-r2,opus,S4,r2,310275a7da893e8c,ハクチョウ,カモ,False,True,True,3,0.962
birds-opus-S4-r2,opus,S4,r2,e622d2cf834e64dd,ハクチョウ,カモ,False,True,True,5,0.947
birds-opus-S4-r2,opus,S4,r2,d7d9657728147e9e,ニワトリ,オウム,False,True,True,5,0.984
birds-opus-S4-r2,opus,S4,r2,2d7984e98028c7a4,カモ,ニワトリ,True,True,True,3,0.974
birds-opus-S4-r2,opus,S4,r2,51cdfa8fd8839900,ワシ,フクロウ,False,True,True,5,0.983
birds-opus-S4-r2,opus,S4,r2,7967f24f32f144f7,ワシ,フクロウ,False,True,True,5,0.969
birds-opus-S4-r2,opus,S4,r2,d1e3ae6f91bdeada,カモ,ワシ,True,True,True,3,0.983
birds-opus-S4-r2,opus,S4,r2,e65abbedd961c095,ワシ,フクロウ,False,True,True,5,0.968
birds-opus-S4-r2,opus,S4,r2,70470f22b97eb2a0,ワシ,フクロウ,False,True,True,5,0.981
birds-opus-S4-r2,opus,S4,r2,25880c4f38d01747,ワシ,フクロウ,False,True,True,5,0.906
birds-opus-S4-r2,opus,S4,r2,d03d874fc50190c3,フクロウ,ワシ,False,True,True,3,0.988
birds-opus-S4-r2,opus,S4,r2,93e6f5738fd86cb7,フクロウ,ワシ,False,True,True,3,0.994
birds-opus-S4-r2,opus,S4,r2,368ee2d0f494078f,ワシ,フクロウ,True,True,True,3,0.975
birds-opus-S4-r2,opus,S4,r2,b5abdef3d9746d2c,ニワトリ,オウム,True,True,True,3,0.977
birds-opus-S4-r2,opus,S4,r2,07f0faab58f2a31e,オウム,ハクチョウ,False,True,True,5,0.979
birds-opus-S5-r1,opus,S5,r1,8686eab647d91373,カモ,ハクチョウ,False,True,True,3,0.983
birds-opus-S5-r1,opus,S5,r1,10894df53c0511c5,カモ,ハクチョウ,False,True,True,3,0.98
birds-opus-S5-r1,opus,S5,r1,2d04149c7868f90f,ハクチョウ,カモ,True,True,True,4,0.99
birds-opus-S5-r1,opus,S5,r1,0e3f27ec08b8fe08,カモ,ニワトリ,False,True,True,6,0.984
birds-opus-S5-r1,opus,S5,r1,75798b9525b6d72c,カモ,ハクチョウ,False,True,True,3,0.967
birds-opus-S5-r1,opus,S5,r1,bc5f9eb43ec8b361,カモ,ハクチョウ,False,True,True,3,0.974
birds-opus-S5-r1,opus,S5,r1,64e48b07e9a2add5,カモ,ハクチョウ,False,True,True,3,0.972
birds-opus-S5-r1,opus,S5,r1,eb1b1ae30dfe0859,ハクチョウ,カモ,False,True,True,4,0.957
birds-opus-S5-r1,opus,S5,r1,8b17a8c79a847ff2,ハクチョウ,カモ,False,True,True,4,0.991
birds-opus-S5-r1,opus,S5,r1,131358d138ec97ef,ハクチョウ,オウム,False,True,True,6,0.96
birds-opus-S5-r1,opus,S5,r1,9800d0700da8ac65,ハクチョウ,カモ,False,True,True,4,0.977
birds-opus-S5-r1,opus,S5,r1,8605276bc8175e01,ハクチョウ,カモ,False,True,True,4,0.989
birds-opus-S5-r1,opus,S5,r1,08be9f62482fa5cf,カモ,ハクチョウ,True,True,True,3,0.966
birds-opus-S5-r1,opus,S5,r1,498ae254e1ce2c98,ハクチョウ,カモ,False,True,True,4,0.994
birds-opus-S5-r1,opus,S5,r1,310275a7da893e8c,ハクチョウ,カモ,False,True,True,4,0.972
birds-opus-S5-r1,opus,S5,r1,e622d2cf834e64dd,ハクチョウ,カモ,False,True,True,4,0.98
birds-opus-S5-r1,opus,S5,r1,d7d9657728147e9e,ニワトリ,オウム,False,True,True,6,0.998
birds-opus-S5-r1,opus,S5,r1,2d7984e98028c7a4,カモ,ニワトリ,True,True,True,6,0.967
birds-opus-S5-r1,opus,S5,r1,51cdfa8fd8839900,ワシ,フクロウ,False,True,True,5,0.995
birds-opus-S5-r1,opus,S5,r1,7967f24f32f144f7,ワシ,フクロウ,False,True,True,5,0.992
birds-opus-S5-r1,opus,S5,r1,d1e3ae6f91bdeada,カモ,ワシ,True,True,True,6,0.993
birds-opus-S5-r1,opus,S5,r1,e65abbedd961c095,ワシ,フクロウ,False,True,True,5,0.996
birds-opus-S5-r1,opus,S5,r1,70470f22b97eb2a0,ワシ,フクロウ,False,True,True,5,0.992
birds-opus-S5-r1,opus,S5,r1,25880c4f38d01747,ワシ,フクロウ,False,True,True,5,0.956
birds-opus-S5-r1,opus,S5,r1,d03d874fc50190c3,フクロウ,ワシ,False,True,True,6,0.992
birds-opus-S5-r1,opus,S5,r1,93e6f5738fd86cb7,フクロウ,ワシ,False,True,True,6,0.998
birds-opus-S5-r1,opus,S5,r1,368ee2d0f494078f,ワシ,フクロウ,True,True,True,5,0.992
birds-opus-S5-r1,opus,S5,r1,b5abdef3d9746d2c,ニワトリ,オウム,True,True,True,6,0.992
birds-opus-S5-r1,opus,S5,r1,07f0faab58f2a31e,オウム,ハクチョウ,False,True,True,6,0.995
birds-opus-S5-r2,opus,S5,r2,8686eab647d91373,カモ,ハクチョウ,False,True,True,3,0.997
birds-opus-S5-r2,opus,S5,r2,10894df53c0511c5,カモ,ハクチョウ,False,True,True,3,0.989
birds-opus-S5-r2,opus,S5,r2,2d04149c7868f90f,ハクチョウ,カモ,True,True,True,4,0.972
birds-opus-S5-r2,opus,S5,r2,0e3f27ec08b8fe08,カモ,ニワトリ,False,True,True,6,0.962
birds-opus-S5-r2,opus,S5,r2,75798b9525b6d72c,カモ,ハクチョウ,False,True,True,3,0.993
birds-opus-S5-r2,opus,S5,r2,bc5f9eb43ec8b361,カモ,ハクチョウ,False,True,True,3,0.995
birds-opus-S5-r2,opus,S5,r2,64e48b07e9a2add5,カモ,ハクチョウ,False,True,True,3,0.993
birds-opus-S5-r2,opus,S5,r2,eb1b1ae30dfe0859,ハクチョウ,カモ,False,True,True,4,0.93
birds-opus-S5-r2,opus,S5,r2,8b17a8c79a847ff2,ハクチョウ,カモ,False,True,True,4,0.982
birds-opus-S5-r2,opus,S5,r2,131358d138ec97ef,ハクチョウ,オウム,False,True,True,6,0.901
birds-opus-S5-r2,opus,S5,r2,9800d0700da8ac65,ハクチョウ,カモ,False,True,True,4,0.95
birds-opus-S5-r2,opus,S5,r2,8605276bc8175e01,ハクチョウ,カモ,False,True,True,4,0.973
birds-opus-S5-r2,opus,S5,r2,08be9f62482fa5cf,カモ,ハクチョウ,True,True,True,3,0.994
birds-opus-S5-r2,opus,S5,r2,498ae254e1ce2c98,ハクチョウ,カモ,False,True,True,4,0.988
birds-opus-S5-r2,opus,S5,r2,310275a7da893e8c,ハクチョウ,カモ,False,True,True,4,0.912
birds-opus-S5-r2,opus,S5,r2,e622d2cf834e64dd,ハクチョウ,カモ,False,True,True,4,0.966
birds-opus-S5-r2,opus,S5,r2,d7d9657728147e9e,ニワトリ,オウム,False,True,True,6,0.992
birds-opus-S5-r2,opus,S5,r2,2d7984e98028c7a4,カモ,ニワトリ,True,True,True,6,0.923
birds-opus-S5-r2,opus,S5,r2,51cdfa8fd8839900,ワシ,フクロウ,False,True,True,5,0.986
birds-opus-S5-r2,opus,S5,r2,7967f24f32f144f7,ワシ,フクロウ,False,True,True,5,0.97
birds-opus-S5-r2,opus,S5,r2,d1e3ae6f91bdeada,カモ,ワシ,True,True,True,6,0.989
birds-opus-S5-r2,opus,S5,r2,e65abbedd961c095,ワシ,フクロウ,False,True,True,5,0.979
birds-opus-S5-r2,opus,S5,r2,70470f22b97eb2a0,ワシ,フクロウ,False,True,True,5,0.988
birds-opus-S5-r2,opus,S5,r2,25880c4f38d01747,ワシ,フクロウ,False,True,True,5,0.929
birds-opus-S5-r2,opus,S5,r2,d03d874fc50190c3,フクロウ,ワシ,False,True,True,6,0.99
birds-opus-S5-r2,opus,S5,r2,93e6f5738fd86cb7,フクロウ,ワシ,False,True,True,6,0.991
birds-opus-S5-r2,opus,S5,r2,368ee2d0f494078f,ワシ,フクロウ,True,False,False,,0.721
birds-opus-S5-r2,opus,S5,r2,b5abdef3d9746d2c,ニワトリ,オウム,True,True,True,6,0.98
birds-opus-S5-r2,opus,S5,r2,07f0faab58f2a31e,オウム,ハクチョウ,False,True,True,6,0.984
birds-sonnet-S4-r1,sonnet,S4,r1,8686eab647d91373,カモ,ハクチョウ,False,True,True,3,0.998
birds-sonnet-S4-r1,sonnet,S4,r1,10894df53c0511c5,カモ,ハクチョウ,False,True,True,3,0.997
birds-sonnet-S4-r1,sonnet,S4,r1,2d04149c7868f90f,ハクチョウ,カモ,True,True,True,4,0.995
birds-sonnet-S4-r1,sonnet,S4,r1,0e3f27ec08b8fe08,カモ,ニワトリ,False,True,True,3,0.995
birds-sonnet-S4-r1,sonnet,S4,r1,75798b9525b6d72c,カモ,ハクチョウ,False,True,True,3,0.989
birds-sonnet-S4-r1,sonnet,S4,r1,bc5f9eb43ec8b361,カモ,ハクチョウ,False,True,True,3,0.988
birds-sonnet-S4-r1,sonnet,S4,r1,64e48b07e9a2add5,カモ,ハクチョウ,False,True,True,3,0.995
birds-sonnet-S4-r1,sonnet,S4,r1,eb1b1ae30dfe0859,ハクチョウ,カモ,False,True,True,4,0.989
birds-sonnet-S4-r1,sonnet,S4,r1,8b17a8c79a847ff2,ハクチョウ,カモ,False,True,True,4,0.998
birds-sonnet-S4-r1,sonnet,S4,r1,131358d138ec97ef,ハクチョウ,オウム,False,True,True,4,0.978
birds-sonnet-S4-r1,sonnet,S4,r1,9800d0700da8ac65,ハクチョウ,カモ,False,True,True,4,0.992
birds-sonnet-S4-r1,sonnet,S4,r1,8605276bc8175e01,ハクチョウ,カモ,False,True,True,4,0.998
birds-sonnet-S4-r1,sonnet,S4,r1,08be9f62482fa5cf,カモ,ハクチョウ,True,True,True,3,0.995
birds-sonnet-S4-r1,sonnet,S4,r1,498ae254e1ce2c98,ハクチョウ,カモ,False,True,True,4,0.998
birds-sonnet-S4-r1,sonnet,S4,r1,310275a7da893e8c,ハクチョウ,カモ,False,True,True,4,0.979
birds-sonnet-S4-r1,sonnet,S4,r1,e622d2cf834e64dd,ハクチョウ,カモ,False,True,True,4,0.987
birds-sonnet-S4-r1,sonnet,S4,r1,d7d9657728147e9e,ニワトリ,オウム,False,True,True,6,0.984
birds-sonnet-S4-r1,sonnet,S4,r1,2d7984e98028c7a4,カモ,ニワトリ,True,True,True,3,0.975
birds-sonnet-S4-r1,sonnet,S4,r1,51cdfa8fd8839900,ワシ,フクロウ,False,True,True,5,0.996
birds-sonnet-S4-r1,sonnet,S4,r1,7967f24f32f144f7,ワシ,フクロウ,False,True,True,5,0.971
birds-sonnet-S4-r1,sonnet,S4,r1,d1e3ae6f91bdeada,カモ,ワシ,True,True,True,3,0.994
birds-sonnet-S4-r1,sonnet,S4,r1,e65abbedd961c095,ワシ,フクロウ,False,True,True,5,0.99
birds-sonnet-S4-r1,sonnet,S4,r1,70470f22b97eb2a0,ワシ,フクロウ,False,True,True,5,0.996
birds-sonnet-S4-r1,sonnet,S4,r1,25880c4f38d01747,ワシ,フクロウ,False,True,True,5,0.971
birds-sonnet-S4-r1,sonnet,S4,r1,d03d874fc50190c3,フクロウ,ワシ,False,True,True,5,0.996
birds-sonnet-S4-r1,sonnet,S4,r1,93e6f5738fd86cb7,フクロウ,ワシ,False,True,True,5,0.995
birds-sonnet-S4-r1,sonnet,S4,r1,368ee2d0f494078f,ワシ,フクロウ,True,True,True,5,0.982
birds-sonnet-S4-r1,sonnet,S4,r1,b5abdef3d9746d2c,ニワトリ,オウム,True,True,True,6,0.96
birds-sonnet-S4-r1,sonnet,S4,r1,07f0faab58f2a31e,オウム,ハクチョウ,False,True,True,6,0.969
birds-sonnet-S4-r2,sonnet,S4,r2,8686eab647d91373,カモ,ハクチョウ,False,True,True,4,0.987
birds-sonnet-S4-r2,sonnet,S4,r2,10894df53c0511c5,カモ,ハクチョウ,False,True,True,4,0.98
birds-sonnet-S4-r2,sonnet,S4,r2,2d04149c7868f90f,ハクチョウ,カモ,True,True,True,3,0.985
birds-sonnet-S4-r2,sonnet,S4,r2,0e3f27ec08b8fe08,カモ,ニワトリ,False,True,True,6,0.986
birds-sonnet-S4-r2,sonnet,S4,r2,75798b9525b6d72c,カモ,ハクチョウ,False,True,True,4,0.965
birds-sonnet-S4-r2,sonnet,S4,r2,bc5f9eb43ec8b361,カモ,ハクチョウ,False,True,True,4,0.975
birds-sonnet-S4-r2,sonnet,S4,r2,64e48b07e9a2add5,カモ,ハクチョウ,False,True,True,4,0.975
birds-sonnet-S4-r2,sonnet,S4,r2,eb1b1ae30dfe0859,ハクチョウ,カモ,False,True,True,3,0.952
birds-sonnet-S4-r2,sonnet,S4,r2,8b17a8c79a847ff2,ハクチョウ,カモ,False,True,True,3,0.995
birds-sonnet-S4-r2,sonnet,S4,r2,131358d138ec97ef,ハクチョウ,オウム,False,True,True,6,0.977
birds-sonnet-S4-r2,sonnet,S4,r2,9800d0700da8ac65,ハクチョウ,カモ,False,True,True,3,0.975
birds-sonnet-S4-r2,sonnet,S4,r2,8605276bc8175e01,ハクチョウ,カモ,False,True,True,3,0.985
birds-sonnet-S4-r2,sonnet,S4,r2,08be9f62482fa5cf,カモ,ハクチョウ,True,True,True,4,0.971
birds-sonnet-S4-r2,sonnet,S4,r2,498ae254e1ce2c98,ハクチョウ,カモ,False,True,True,3,0.989
birds-sonnet-S4-r2,sonnet,S4,r2,310275a7da893e8c,ハクチョウ,カモ,False,True,True,3,0.98
birds-sonnet-S4-r2,sonnet,S4,r2,e622d2cf834e64dd,ハクチョウ,カモ,False,True,True,3,0.973
birds-sonnet-S4-r2,sonnet,S4,r2,d7d9657728147e9e,ニワトリ,オウム,False,True,True,6,0.992
birds-sonnet-S4-r2,sonnet,S4,r2,2d7984e98028c7a4,カモ,ニワトリ,True,True,True,6,0.975
birds-sonnet-S4-r2,sonnet,S4,r2,51cdfa8fd8839900,ワシ,フクロウ,False,True,True,5,0.992
birds-sonnet-S4-r2,sonnet,S4,r2,7967f24f32f144f7,ワシ,フクロウ,False,True,True,5,0.978
birds-sonnet-S4-r2,sonnet,S4,r2,d1e3ae6f91bdeada,カモ,ワシ,True,True,True,6,0.991
birds-sonnet-S4-r2,sonnet,S4,r2,e65abbedd961c095,ワシ,フクロウ,False,True,True,5,0.989
birds-sonnet-S4-r2,sonnet,S4,r2,70470f22b97eb2a0,ワシ,フクロウ,False,True,True,5,0.989
birds-sonnet-S4-r2,sonnet,S4,r2,25880c4f38d01747,ワシ,フクロウ,False,True,True,5,0.951
birds-sonnet-S4-r2,sonnet,S4,r2,d03d874fc50190c3,フクロウ,ワシ,False,True,True,5,0.988
birds-sonnet-S4-r2,sonnet,S4,r2,93e6f5738fd86cb7,フクロウ,ワシ,False,True,True,5,0.992
birds-sonnet-S4-r2,sonnet,S4,r2,368ee2d0f494078f,ワシ,フクロウ,True,True,True,5,0.985
birds-sonnet-S4-r2,sonnet,S4,r2,b5abdef3d9746d2c,ニワトリ,オウム,True,True,True,6,0.993
birds-sonnet-S4-r2,sonnet,S4,r2,07f0faab58f2a31e,オウム,ハクチョウ,False,True,True,6,0.988
birds-sonnet-S5-r1,sonnet,S5,r1,8686eab647d91373,カモ,ハクチョウ,False,True,True,3,0.997
birds-sonnet-S5-r1,sonnet,S5,r1,10894df53c0511c5,カモ,ハクチョウ,False,True,True,3,0.994
birds-sonnet-S5-r1,sonnet,S5,r1,2d04149c7868f90f,ハクチョウ,カモ,True,True,True,4,0.983
birds-sonnet-S5-r1,sonnet,S5,r1,0e3f27ec08b8fe08,カモ,ニワトリ,False,True,False,8(付録),0.957
birds-sonnet-S5-r1,sonnet,S5,r1,75798b9525b6d72c,カモ,ハクチョウ,False,True,True,3,0.991
birds-sonnet-S5-r1,sonnet,S5,r1,bc5f9eb43ec8b361,カモ,ハクチョウ,False,True,True,3,0.994
birds-sonnet-S5-r1,sonnet,S5,r1,64e48b07e9a2add5,カモ,ハクチョウ,False,True,True,3,0.993
birds-sonnet-S5-r1,sonnet,S5,r1,eb1b1ae30dfe0859,ハクチョウ,カモ,False,True,True,4,0.979
birds-sonnet-S5-r1,sonnet,S5,r1,8b17a8c79a847ff2,ハクチョウ,カモ,False,True,True,4,0.992
birds-sonnet-S5-r1,sonnet,S5,r1,131358d138ec97ef,ハクチョウ,オウム,False,True,False,8(付録),0.925
birds-sonnet-S5-r1,sonnet,S5,r1,9800d0700da8ac65,ハクチョウ,カモ,False,True,True,4,0.96
birds-sonnet-S5-r1,sonnet,S5,r1,8605276bc8175e01,ハクチョウ,カモ,False,True,True,4,0.993
birds-sonnet-S5-r1,sonnet,S5,r1,08be9f62482fa5cf,カモ,ハクチョウ,True,True,True,3,0.991
birds-sonnet-S5-r1,sonnet,S5,r1,498ae254e1ce2c98,ハクチョウ,カモ,False,True,True,4,0.996
birds-sonnet-S5-r1,sonnet,S5,r1,310275a7da893e8c,ハクチョウ,カモ,False,True,True,4,0.968
birds-sonnet-S5-r1,sonnet,S5,r1,e622d2cf834e64dd,ハクチョウ,カモ,False,True,True,4,0.988
birds-sonnet-S5-r1,sonnet,S5,r1,d7d9657728147e9e,ニワトリ,オウム,False,True,False,8(付録),0.99
birds-sonnet-S5-r1,sonnet,S5,r1,2d7984e98028c7a4,カモ,ニワトリ,True,True,False,8(付録),0.95
birds-sonnet-S5-r1,sonnet,S5,r1,51cdfa8fd8839900,ワシ,フクロウ,False,True,True,5,0.986
birds-sonnet-S5-r1,sonnet,S5,r1,7967f24f32f144f7,ワシ,フクロウ,False,True,True,5,0.988
birds-sonnet-S5-r1,sonnet,S5,r1,d1e3ae6f91bdeada,カモ,ワシ,True,True,False,8(付録),0.99
birds-sonnet-S5-r1,sonnet,S5,r1,e65abbedd961c095,ワシ,フクロウ,False,True,True,5,0.986
birds-sonnet-S5-r1,sonnet,S5,r1,70470f22b97eb2a0,ワシ,フクロウ,False,True,True,5,0.987
birds-sonnet-S5-r1,sonnet,S5,r1,25880c4f38d01747,ワシ,フクロウ,False,True,True,5,0.943
birds-sonnet-S5-r1,sonnet,S5,r1,d03d874fc50190c3,フクロウ,ワシ,False,True,True,5,0.99
birds-sonnet-S5-r1,sonnet,S5,r1,93e6f5738fd86cb7,フクロウ,ワシ,False,True,True,5,0.995
birds-sonnet-S5-r1,sonnet,S5,r1,368ee2d0f494078f,ワシ,フクロウ,True,True,True,5,0.981
birds-sonnet-S5-r1,sonnet,S5,r1,b5abdef3d9746d2c,ニワトリ,オウム,True,True,False,8(付録),0.975
birds-sonnet-S5-r1,sonnet,S5,r1,07f0faab58f2a31e,オウム,ハクチョウ,False,True,False,8(付録),0.987
birds-sonnet-S5-r2,sonnet,S5,r2,8686eab647d91373,カモ,ハクチョウ,False,True,True,4 7,0.998
birds-sonnet-S5-r2,sonnet,S5,r2,10894df53c0511c5,カモ,ハクチョウ,False,True,True,4 7,0.996
birds-sonnet-S5-r2,sonnet,S5,r2,2d04149c7868f90f,ハクチョウ,カモ,True,True,True,3 7,0.992
birds-sonnet-S5-r2,sonnet,S5,r2,0e3f27ec08b8fe08,カモ,ニワトリ,False,True,True,6,0.967
birds-sonnet-S5-r2,sonnet,S5,r2,75798b9525b6d72c,カモ,ハクチョウ,False,True,True,4,0.952
birds-sonnet-S5-r2,sonnet,S5,r2,bc5f9eb43ec8b361,カモ,ハクチョウ,False,True,True,4 7,0.99
birds-sonnet-S5-r2,sonnet,S5,r2,64e48b07e9a2add5,カモ,ハクチョウ,False,True,True,4,0.957
birds-sonnet-S5-r2,sonnet,S5,r2,eb1b1ae30dfe0859,ハクチョウ,カモ,False,True,True,3,0.914
birds-sonnet-S5-r2,sonnet,S5,r2,8b17a8c79a847ff2,ハクチョウ,カモ,False,True,True,3,0.983
birds-sonnet-S5-r2,sonnet,S5,r2,131358d138ec97ef,ハクチョウ,オウム,False,False,False,,0.881
birds-sonnet-S5-r2,sonnet,S5,r2,9800d0700da8ac65,ハクチョウ,カモ,False,True,True,3,0.952
birds-sonnet-S5-r2,sonnet,S5,r2,8605276bc8175e01,ハクチョウ,カモ,False,True,True,3,0.969
birds-sonnet-S5-r2,sonnet,S5,r2,08be9f62482fa5cf,カモ,ハクチョウ,True,True,True,4 7,0.989
birds-sonnet-S5-r2,sonnet,S5,r2,498ae254e1ce2c98,ハクチョウ,カモ,False,True,True,3,0.986
birds-sonnet-S5-r2,sonnet,S5,r2,310275a7da893e8c,ハクチョウ,カモ,False,True,True,3,0.918
birds-sonnet-S5-r2,sonnet,S5,r2,e622d2cf834e64dd,ハクチョウ,カモ,False,True,True,3,0.961
birds-sonnet-S5-r2,sonnet,S5,r2,d7d9657728147e9e,ニワトリ,オウム,False,True,True,6,0.988
birds-sonnet-S5-r2,sonnet,S5,r2,2d7984e98028c7a4,カモ,ニワトリ,True,True,True,6 7,0.975
birds-sonnet-S5-r2,sonnet,S5,r2,51cdfa8fd8839900,ワシ,フクロウ,False,True,True,5,0.987
birds-sonnet-S5-r2,sonnet,S5,r2,7967f24f32f144f7,ワシ,フクロウ,False,True,True,5,0.982
birds-sonnet-S5-r2,sonnet,S5,r2,d1e3ae6f91bdeada,カモ,ワシ,True,True,True,6 7,0.995
birds-sonnet-S5-r2,sonnet,S5,r2,e65abbedd961c095,ワシ,フクロウ,False,True,True,5,0.981
birds-sonnet-S5-r2,sonnet,S5,r2,70470f22b97eb2a0,ワシ,フクロウ,False,True,True,5,0.991
birds-sonnet-S5-r2,sonnet,S5,r2,25880c4f38d01747,ワシ,フクロウ,False,True,True,5,0.951
birds-sonnet-S5-r2,sonnet,S5,r2,d03d874fc50190c3,フクロウ,ワシ,False,True,True,6 7,0.998
birds-sonnet-S5-r2,sonnet,S5,r2,93e6f5738fd86cb7,フクロウ,ワシ,False,True,True,6,0.992
birds-sonnet-S5-r2,sonnet,S5,r2,368ee2d0f494078f,ワシ,フクロウ,True,True,True,5 7,0.991
birds-sonnet-S5-r2,sonnet,S5,r2,b5abdef3d9746d2c,ニワトリ,オウム,True,True,True,6 7,0.992
birds-sonnet-S5-r2,sonnet,S5,r2,07f0faab58f2a31e,オウム,ハクチョウ,False,True,True,6,0.98
