code,kind,slide,n,claim_prefix,final,reason
MI,slide,13,,正解扱いの「ガン」17枚のうち11枚,wrong,「写っていない」の数の誤り: ラベルも予測もガンの17枚のうち「11枚にはガンが写っていない」とするが、11枚のうち #90 は首の長い灰褐色の大型の水鳥の群れが頭上を飛ぶ写真で、ガンが写る（人の枠もガン）。#89（遠くの影）と #93（エジプトガン）もガンが写っていないとは言えない。ガンが写っていないと言えるのは8枚。デッキ自身が3枚の説明を「不明」としながら、確認の表の classes に無いものを「写っていない」と数えた（確認者1名は言い過ぎ、1名は #90 を事実と違うとした）
MI,image,13,90,「カモかガンか不明」,wrong,同上（#90 はガンの群れ。「ガンが写っていない」11枚に数えた。写真の説明「カモかガンか不明」自体は控えめ）
MI,image,13,90,カモかガンか不明（タイトル,wrong,同上
MI,image,13,89,「遠くて種類は不明」,overclaim,言い過ぎ: 遠くの影で種は決めきれない。説明は合うが「ガンが写っていない」11枚に数えるのは言い過ぎ（上の誤りの一部）
MI,image,13,93,「カモかガンか不明」,overclaim,言い過ぎ: エジプトガン（名前はガン。分類はツクシガモ類に近い）。「ガンが写っていない」に数えるのは言い過ぎ（確認者2名とも）
MI,image,13,93,カモかガンか不明（タイトル,overclaim,同上
MI,slide,3,,橙の34枚は,overclaim,言い過ぎ: 34枚のうち、ラベルも予測も写らない3枚と6種のどれも写らない8枚は、ラベルを直しても誤りのまま（直す先が無い）。23枚には合う
MI,slide,15,,ラベルの直し案は,overclaim,言い過ぎ: 正解扱い17件に、ガンが写る #90 と決めきれない #89・#93 が入る（スライド13の誤りの結果）
MI,slide,6,,黒いハクチョウは24枚中10枚,overclaim,言い過ぎ（確認者1名）: ラベルがハクチョウの写真に限れば合う（黒いハクチョウ24枚のうち誤り10枚、白いハクチョウ9枚のうち誤り1枚。元の写真で確かめた）が、デッキの中にはラベルがガン・カモの黒いハクチョウもあり、範囲を書いていない
EQ,slide,6,,黒いハクチョウが写る24枚,overclaim,言い過ぎ: ラベルがハクチョウの写真に限れば合う（24枚・誤り10枚・正解14枚を元の写真で確かめた）が、デッキの中にはラベルがガン・カモの黒いハクチョウもあり、範囲を書いていない
EQ,slide,9,,黒いハクチョウが写る24枚,overclaim,言い過ぎ: 同上
PL,slide,6,,水に浮かぶ姿は,overclaim,言い過ぎ: 誤った10枚のうち水の上で羽づくろいする2枚を「羽づくろい」に分けたので、水に浮かぶ姿の差が大きく見える
PL,slide,6,,ハクチョウのラベルの黒いハクチョウは23枚,ok,確かめた（写真の一部はデッキに無い）: ラベルがハクチョウの写真のうち、黒いハクチョウだけが写るのは23枚（黒と白が並ぶ1枚を除く）で誤り10枚。白いハクチョウが主役の8枚はすべて正解（白いハクチョウとカモの群れが写る1枚は「両方写る」として別に数えている）
PL,slide,6,,白いハクチョウは8枚すべて正解,ok,確かめた（写真はデッキに無い）: 同上
