code,kind,slide,n,claim_prefix,final,reason
AE,slide,12,,ラベルの誤り34枚のうち、6種,wrong,数の誤り: 箇条書き「6種のどれも写らない10枚は対象外とした」。デッキ自身の確認の表と直したラベルの表（label_fix.csv）でも「対象外」は9枚で、写真でも9枚（カツオドリ・ケリ類・バン・オオバン2・ハト・カモメ・アオサギ・ペリカン）。数を手で書いた（コードで数えていない）（確認者2名とも同じ指摘）
AE,slide,12,,6種のどれも写らない10枚,wrong,同上（確認者 c3 の書き方）
AE,slide,11,,判定できない4枚は,overclaim,言い過ぎ: 4枚のうち杭の上の鳥（818e6f19db055919）は大きく写り、小さすぎる・影・ぼけのどれでもない（頭が隠れていて種を決めにくい）
QI,slide,9,,決められないは,overclaim,言い過ぎ: 決められない5枚のうち、サギの後ろの鳥（マガモの雄）と大きく写る鳥は、シルエットでも小さな鳥でもない（確認者2名とも言い過ぎ）。サギの後ろの鳥を「別の鳥・不明」としたこと自体は、写真と食い違う主張ではない（確認者2名とも ok）
SS,slide,4,,ラベルがハクチョウの黒いハク,ok,確かめた（一部の写真はデッキに無い）: このデッキの確認の表は、誤りの写真51枚について私の正解の表（results/water_reference.csv）と合い（決めきれない写真の扱いの違いを除く）、この数はその表からコードで数えている
SS,slide,4,,白いハクチョウ9枚 → ハク,ok,確かめた（一部の写真はデッキに無い）: このデッキの確認の表は、誤りの写真51枚について私の正解の表（results/water_reference.csv）と合い（決めきれない写真の扱いの違いを除く）、この数はその表からコードで数えている
SS,slide,5,,残る7枚: カモをガンと判定,ok,確かめた（一部の写真はデッキに無い）: このデッキの確認の表は、誤りの写真51枚について私の正解の表（results/water_reference.csv）と合い（決めきれない写真の扱いの違いを除く）、この数はその表からコードで数えている
SS,slide,6,,誤り51枚はラベルの誤り34,ok,確かめた（一部の写真はデッキに無い）: このデッキの確認の表は、誤りの写真51枚について私の正解の表（results/water_reference.csv）と合い（決めきれない写真の扱いの違いを除く）、この数はその表からコードで数えている
SS,slide,6,,ラベルの誤りのうち8枚は6種,ok,確かめた（一部の写真はデッキに無い）: このデッキの確認の表は、誤りの写真51枚について私の正解の表（results/water_reference.csv）と合い（決めきれない写真の扱いの違いを除く）、この数はその表からコードで数えている
SS,slide,11,,ラベルの誤り34枚で最も多い,ok,確かめた（一部の写真はデッキに無い）: このデッキの確認の表は、誤りの写真51枚について私の正解の表（results/water_reference.csv）と合い（決めきれない写真の扱いの違いを除く）、この数はその表からコードで数えている
SS,slide,11,,ハクチョウの写真にカモのラベ,ok,確かめた（一部の写真はデッキに無い）: このデッキの確認の表は、誤りの写真51枚について私の正解の表（results/water_reference.csv）と合い（決めきれない写真の扱いの違いを除く）、この数はその表からコードで数えている
SS,slide,11,,6種以外の鳥8枚（カモ1・ガ,ok,確かめた（一部の写真はデッキに無い）: このデッキの確認の表は、誤りの写真51枚について私の正解の表（results/water_reference.csv）と合い（決めきれない写真の扱いの違いを除く）、この数はその表からコードで数えている
HP,slide,3,,51枚のうちモデル自身の誤り,ok,確かめた（一部の写真はデッキに無い）: このデッキの確認の表は、誤りの写真51枚について私の正解の表（results/water_reference.csv）と合い（決めきれない写真の扱いの違いを除く）、この数はその表からコードで数えている
HP,slide,6,,ハクチョウのラベルで黒いハク,ok,確かめた（一部の写真はデッキに無い）: このデッキの確認の表は、誤りの写真51枚について私の正解の表（results/water_reference.csv）と合い（決めきれない写真の扱いの違いを除く）、この数はその表からコードで数えている
HP,slide,6,,残る3枚は、逆光の影のガン1,ok,確かめた（一部の写真はデッキに無い）: このデッキの確認の表は、誤りの写真51枚について私の正解の表（results/water_reference.csv）と合い（決めきれない写真の扱いの違いを除く）、この数はその表からコードで数えている
SS,slide,6,,ラベルの誤り34枚のうち8枚,ok,確かめた（一部の写真はデッキに無い）: このデッキの確認の表は、誤りの写真51枚について私の正解の表（results/water_reference.csv）と合い（決めきれない写真の扱いの違いを除く）、この数はその表からコードで数えている
SS,slide,7,,ラベルの誤り34枚,ok,確かめた（一部の写真はデッキに無い）: このデッキの確認の表は、誤りの写真51枚について私の正解の表（results/water_reference.csv）と合い（決めきれない写真の扱いの違いを除く）、この数はその表からコードで数えている
SS,slide,11,,6種以外8枚（ラベル カモ1,ok,確かめた（一部の写真はデッキに無い）: このデッキの確認の表は、誤りの写真51枚について私の正解の表（results/water_reference.csv）と合い（決めきれない写真の扱いの違いを除く）、この数はその表からコードで数えている
QI,slide,6,,黒い羽のハクチョウは24枚（,ok,確かめた（一部の写真はデッキに無い）: このデッキの確認の表は、誤りの写真51枚について私の正解の表（results/water_reference.csv）と合い（決めきれない写真の扱いの違いを除く）、この数はその表からコードで数えている
HP,slide,3,,写真を見ると、51枚のうちモ,ok,確かめた（一部の写真はデッキに無い）: このデッキの確認の表は、誤りの写真51枚について私の正解の表（results/water_reference.csv）と合い（決めきれない写真の扱いの違いを除く）、この数はその表からコードで数えている
