checker,code,kind,slide,n,id,verdict,claim,detail,final,adjudication
c1,YA,image,3,1,54b37811bb5e40ad,ok,ガン／カモ→ガン（題: 写真にラベルと別のクラスが写る）（脚注: 写るクラス別に各3枚）,カナダガン2羽。カモは写らない,ok,
c1,YA,image,3,2,e8fbe13cc8504f51,ok,ガン／カモ→ガン（題: 写真にラベルと別のクラスが写る）（脚注: 写るクラス別に各3枚）,カナダガン2羽。カモは写らない,ok,
c1,YA,image,3,3,aca6645d590aa23f,ok,ガン／カモ→ガン（題: 写真にラベルと別のクラスが写る）（脚注: 写るクラス別に各3枚）,家禽のハイイロガン系のガン3羽。カモは写らない,ok,
c1,YA,image,3,4,7c5a386015a1cf89,ok,カモ（マガモ）／ガン→カモ（題: 写真にラベルと別のクラスが写る）（脚注: 写るクラス別に各3枚）,マガモの雄1羽。ガンは写らない,ok,
c1,YA,image,3,5,77bfbbef28ac344c,ok,カモ（オシドリ）／ガン→カモ（題: 写真にラベルと別のクラスが写る）（脚注: 写るクラス別に各3枚）,オシドリの雄1羽,ok,
c1,YA,image,3,6,cf5d6bc1ade7ff18,ok,カモ（頭のアップ）／ガン→カモ（題: 写真にラベルと別のクラスが写る）（脚注: 写るクラス別に各3枚）,白い首と褐色の冠羽のカモの頭部の接写（バリケン系と思われる）。ガンではない,ok,
c1,YA,image,3,7,895dbfa06f80d04b,ok,ハクチョウ（コクチョウ）／カモ→ガン、予測も写真と合わない（題: 写真にラベルと別のクラスが写る）（脚注: 写るクラス別に各3枚）,芝生の上のコクチョウ1羽,ok,
c1,YA,image,3,8,fbe34f827ba64b67,ok,ハクチョウ（テレビ画面）／ガン→ハクチョウ（題: 写真にラベルと別のクラスが写る）（脚注: 写るクラス別に各3枚）,テレビ画面に映るコブハクチョウ3羽（中央奥の1羽は小さい）,ok,
c1,YA,image,3,9,6c403fe46bccb17e,ok,ハクチョウ／ガン→ハクチョウ（題: 写真にラベルと別のクラスが写る）（脚注: 写るクラス別に各3枚）,水面を走って飛び立つコブハクチョウ2羽,ok,
c1,YA,image,4,10,75798b9525b6d72c,ok,カツオドリ（6種以外の鳥だけ）,オーストラリアシロカツオドリの営巣地に約8羽。カツオドリ科として合う,ok,
c1,YA,image,4,11,cb6d8783a3617620,ok,バン（6種以外の鳥だけ）,赤い額板のバン2羽（左上と右下）,ok,
c1,YA,image,4,12,c0e238dad14e2833,ok,チドリの仲間（6種以外の鳥だけ）,ズグロトサカゲリ（チドリ科）5羽,ok,
c1,YA,image,4,13,cfae99f4ad4dfd04,ok,アオサギ（6種以外の鳥だけ）,飛ぶ大型のサギ1羽。腿が赤褐色でオオアオサギの可能性があり、アオサギかは決めきれない,ok,
c1,YA,image,4,14,79220d3b1f196fcd,ok,ペリカン（6種以外の鳥だけ）,コシグロペリカン2羽,ok,
c1,YA,image,4,15,bfdb4c1235db8a5f,ok,オオバン（6種以外の鳥だけ）,オオバン1羽,ok,
c1,YA,image,4,16,498ae254e1ce2c98,ok,オオバン（6種以外の鳥だけ）,オオバン1羽（頭から胸の接写）,ok,
c1,YA,image,5,17,e622d2cf834e64dd,ok,ハクチョウ（コクチョウ）／ハクチョウ→ガン（題: コクチョウをガンかカモと答えた）,コクチョウ1羽,ok,
c1,YA,image,5,18,768b6f700c9b6f72,ok,ハクチョウ（コクチョウ）／ハクチョウ→カモ（題: コクチョウをガンかカモと答えた）,コクチョウ1羽,ok,
c1,YA,image,5,19,0ea78a8ea4e50ab1,ok,ハクチョウ（コクチョウ）／ハクチョウ→ガン（題: コクチョウをガンかカモと答えた）,コクチョウ1羽,ok,
c1,YA,image,5,20,8f70ee9ebc91fad6,ok,ハクチョウ（コクチョウ）／ハクチョウ→ガン（題: コクチョウをガンかカモと答えた）,コクチョウの頭部の接写（下は同じ個体の背の羽）,ok,
c1,YA,image,5,21,564baccf777e1ec7,ok,ハクチョウ（コクチョウ）／ハクチョウ→ガン（題: コクチョウをガンかカモと答えた）,コクチョウ1羽,ok,
c1,YA,image,5,22,eb1b1ae30dfe0859,ok,ハクチョウ（コクチョウ）／ハクチョウ→ガン（題: コクチョウをガンかカモと答えた）,コクチョウ2羽。奥の水面にデータでカモの枠が付いた小さな鳥が4か所（左上2・上中央・右上）あるが、予測はガンなのでモデルの誤りは変わらない,ok,
c1,YA,image,5,23,a0c526719a3f9b0f,ok,ハクチョウ（コクチョウ）／ハクチョウ→ガン（題: コクチョウをガンかカモと答えた）,コクチョウ1羽,ok,
c1,YA,image,5,24,62439d385f495f5f,ok,ハクチョウ（コクチョウ）／ハクチョウ→ガン（題: コクチョウをガンかカモと答えた）,コクチョウ1羽,ok,
c1,YA,image,5,25,1cfc18d13e57ce38,ok,ハクチョウ（コクチョウ）／ハクチョウ→ガン（題: コクチョウをガンかカモと答えた）,コクチョウ1羽,ok,
c1,YA,image,5,26,8c34199588023f39,ok,ハクチョウ（コクチョウ）／ハクチョウ→ガン（題: コクチョウをガンかカモと答えた）,コクチョウ1羽,ok,
c1,YA,image,9,27,a421bd70e3bc83b0,overclaim,カモ（主役はコサギ）／ガン→ハクチョウ（脚注: カモだけが写るもの）,脚注は「ラベルの誤りのうち、カモだけが写るもの」だが、飛び立つコサギが主役で、マガモの雄はその後ろに写る（キャプションでは主役はコサギと書く）。ガンは写らない,overclaim,言い過ぎ: 写真の説明「カモ（主役はコサギ）」は写真と合う（主役は飛び立つコサギで、その後ろにマガモの雄）。群の脚注「ラベルの誤りのうち、カモだけが写るもの」は、分類の対象の中ではカモだけという意図だが、この1枚ではコサギが写るので崩れる。8枚中1枚で崩れる「だけ」（確認者2名とも言い過ぎ）
c1,YA,image,9,28,7c5a386015a1cf89,ok,カモ（マガモ）／ガン→カモ（脚注: カモだけが写るもの）,マガモの雄（#4と同じ写真）,ok,
c1,YA,image,9,29,818e6f19db055919,ok,カモ／ガン→カモ（脚注: カモだけが写るもの）,杭の上で羽づくろいするツクシガモ類（クロアカツクシガモの雄と思われる）1羽,ok,
c1,YA,image,9,30,ab56f23fa316ad56,ok,カモ（マガモ）／ガン→カモ（脚注: カモだけが写るもの）,パンをくわえるマガモの雌1羽,ok,
c1,YA,image,9,31,77bfbbef28ac344c,ok,カモ（オシドリ）／ガン→カモ（脚注: カモだけが写るもの）,オシドリの雄（#5と同じ写真）,ok,
c1,YA,image,9,32,e9b707f0234531df,ok,カモ（飛び立つ群れ）／ガン→カモ（脚注: カモだけが写るもの）,アカハシリュウキュウガモの群れ約15羽。何羽かが羽ばたき、右上などは飛んでいる,ok,
c1,YA,image,9,33,cf5d6bc1ade7ff18,ok,カモ（頭のアップ）／ガン→カモ（脚注: カモだけが写るもの）,#6と同じ写真,ok,
c1,YA,image,9,34,dd00d4ae604259d9,ok,カモ（マガモ）／ガン→カモ（脚注: カモだけが写るもの）,マガモ4羽（中央で羽ばたく雌、奥と左の雌、右の雄）,ok,
c1,YA,image,11,35,cbe005c8b3e5730e,ok,ハクチョウ／ガン→ハクチョウ（白いハクチョウだけ）,コブハクチョウ3羽（右の成鳥1、左と中央下は褐色の混じる若鳥）。ガンは写らない,ok,
c1,YA,image,11,36,fbe34f827ba64b67,ok,ハクチョウ（テレビ画面）／ガン→ハクチョウ（脚注: 白いハクチョウだけが写るもの）,#8と同じ写真（テレビ画面に映るコブハクチョウ3羽）,ok,
c1,YA,image,11,37,63321f1973f5cce9,ok,ハクチョウ／ガン→ハクチョウ（脚注: 白いハクチョウだけが写るもの）,コブハクチョウ2羽,ok,
c1,YA,image,11,38,6c403fe46bccb17e,ok,ハクチョウ／ガン→ハクチョウ（脚注: 白いハクチョウだけが写るもの）,#9と同じ写真,ok,
c1,YA,slide,3,,,ok,ラベルの誤り35枚のうち26枚は、写真にラベルと別のクラスが写っている,表示の9枚はどれもラベルと別のクラスだけが写る。枚数は写真からは確かめられない,ok,
c1,YA,slide,3,,,ok,26枚のうち23枚は、予測のほうが写真と合っている,表示の9枚のうち8枚で予測が写真と合い、#7だけ合わない。枚数は確かめられない,ok,
c1,YA,slide,3,,,ok,予測も写真と合わない3枚は、コクチョウ2枚と、コサギの陰にいるマガモ1枚,#7はコクチョウで予測ガン、#27（スライド9）はコサギの後ろのマガモで予測ハクチョウ。もう1枚のコクチョウは表示なし,ok,
c1,YA,slide,4,,,ok,残る9枚のラベルの誤りは、オオバンやカモメなど6種以外の鳥の写真だ,番号付きの7枚はカツオドリ・バン・チドリの仲間・サギ・ペリカン・オオバンで、ガン・カモ・ハクチョウは写らない,ok,
c1,YA,slide,4,,,ok,オオバン2枚。カモメ・ハト・バン・ペリカン・アオサギ・カツオドリ・チドリの仲間が各1枚,#15・#16がオオバン、ほかの番号付き5枚も書かれた鳥と合う（アオサギはオオアオサギの可能性で決めきれない）。カモメ・ハトの2枚は確認用の画像なし,ok,
c1,YA,slide,5,,,ok,モデルの誤り13枚のうち10枚は、コクチョウをガンかカモと答えた,表示の10枚すべてにコクチョウが写る（#22は奥に小さなカモもいるが予測はガン）,ok,
c1,YA,slide,5,,,ok,ハクチョウのラベル40枚のうち、コクチョウが写る24枚の10枚を誤る,表示の10枚はコクチョウが写る。24枚・40枚の数は写真からは確かめられない,ok,
c1,YA,slide,5,,,unknown,コクチョウが写らない16枚に、モデルの誤りは0枚,その16枚は表示されていない,ok,確かめた（確認者はこのスライドに写真が無く unknown）: ラベルがハクチョウの40枚の誤り14枚のうち、コクチョウが写らない4枚は、ハクガン（ラベルの誤り）・オオバン（ラベルの誤り）・ハクチョウとカモが両方写る・ぼけた白い鳥で決められない、の4枚で、モデルだけの誤りは無い。4枚ともデッキの付録に載り、確認者の判定も合う（D2）
c1,YA,slide,9,,,ok,ラベルの誤りのうち、カモが写る8枚を全数で示す,8枚ともカモが写る,ok,
c1,YA,slide,11,,,ok,ラベルの誤りのうち、白いハクチョウが写る4枚を全数で示す,4枚ともコブハクチョウが写る,ok,
c1,SB,image,4,1,cf5d6bc1ade7ff18,ok,カモ（頭だけ）／ガン→カモ（題: ラベルが合わず、モデルの答えが写真に合う）,白い首と褐色の冠羽のカモの頭部の接写（首と左下に体の一部も写る）。ガンではない,ok,
c1,SB,image,4,2,64e48b07e9a2add5,ok,ガン／カモ→ガン（題: ラベルが合わず、モデルの答えが写真に合う）,カナダガン1羽（後ろ姿）,ok,
c1,SB,image,4,3,aca6645d590aa23f,ok,ガン／カモ→ガン（題: ラベルが合わず、モデルの答えが写真に合う）,家禽のハイイロガン系のガン3羽,ok,
c1,SB,image,4,4,6c403fe46bccb17e,ok,ハクチョウ／ガン→ハクチョウ（題: ラベルが合わず、モデルの答えが写真に合う）,水面を走って飛び立つコブハクチョウ2羽,ok,
c1,SB,image,4,5,e9b707f0234531df,ok,カモ／ガン→カモ（題: ラベルが合わず、モデルの答えが写真に合う）,アカハシリュウキュウガモの群れ約15羽,ok,
c1,SB,image,4,6,c30fbf9fe5fd93df,ok,ガン／ハクチョウ→ガン（題: ラベルが合わず、モデルの答えが写真に合う）,空を飛ぶハクガン2羽（白い体に黒い初列風切）,ok,
c1,SB,image,4,7,33ae590a0d97b084,ok,ガン／カモ→ガン（題: ラベルが合わず、モデルの答えが写真に合う）,カナダガン2羽（左は羽を広げる）,ok,
c1,SB,image,4,8,65e297831c751675,ok,黒ハクチョウ／ガン→ハクチョウ（題: ラベルが合わず、モデルの答えが写真に合う）,コクチョウ1羽（白黒で明るく飛ばした写真）,ok,
c1,SB,image,4,9,cbe005c8b3e5730e,ok,ハクチョウ／ガン→ハクチョウ（題: ラベルが合わず、モデルの答えが写真に合う）,コブハクチョウ3羽（右の成鳥1、褐色の混じる若鳥2）,ok,
c1,SB,image,4,10,e8fbe13cc8504f51,ok,ガン／カモ→ガン（題: ラベルが合わず、モデルの答えが写真に合う）,カナダガン2羽,ok,
c1,SB,image,4,11,ab56f23fa316ad56,ok,カモ／ガン→カモ（題: ラベルが合わず、モデルの答えが写真に合う）,パンをくわえるマガモの雌1羽,ok,
c1,SB,image,4,12,7c5a386015a1cf89,ok,カモ／ガン→カモ（題: ラベルが合わず、モデルの答えが写真に合う）,マガモの雄1羽,ok,
c1,SB,image,5,13,75798b9525b6d72c,ok,カツオドリ（群: 写るのは6種以外の鳥）,オーストラリアシロカツオドリの営巣地に約8羽,ok,
c1,SB,image,5,14,895dbfa06f80d04b,ok,黒ハクチョウ（群: ラベルとも予測とも違うクラスが写る）／カモ→ガン,芝生の上のコクチョウ1羽,ok,
c1,SB,image,5,15,a5536024ebd69580,ok,黒ハクチョウ（群: ラベルとも予測とも違うクラスが写る）／カモ→ガン,水面のコクチョウ1羽,ok,
c1,SB,image,5,16,c0e238dad14e2833,ok,ケリの仲間（群: 写るのは6種以外の鳥）,ズグロトサカゲリ5羽（ケリと同じタゲリ属）,ok,
c1,SB,image,5,17,cb6d8783a3617620,ok,バン（群: 写るのは6種以外の鳥）,バン2羽,ok,
c1,SB,image,5,18,cfae99f4ad4dfd04,ok,サギ（群: 写るのは6種以外の鳥）,飛ぶ大型のサギ1羽（オオアオサギと思われる）,ok,
c1,SB,image,5,19,bfdb4c1235db8a5f,ok,オオバン（群: 写るのは6種以外の鳥）,オオバン1羽,ok,
c1,SB,image,5,20,498ae254e1ce2c98,ok,オオバン（群: 写るのは6種以外の鳥）,オオバン1羽（頭から胸の接写）,ok,
c1,SB,image,5,21,a421bd70e3bc83b0,ok,カモ（コサギ）（群: ラベルとも予測とも違うクラスが写る）／ガン→ハクチョウ,飛び立つコサギの後ろにマガモの雄が飛ぶ。カモとコサギの両方が写り、ガン・ハクチョウは写らない,ok,
c1,SB,image,6,26,768b6f700c9b6f72,ok,黒ハクチョウ→カモ（題: モデル自身の誤り、黒いハクチョウの写真／群: ハクチョウ→ガン・カモ）,羽づくろいするコクチョウ1羽,ok,
c1,SB,image,6,22,62439d385f495f5f,ok,黒ハクチョウ→ガン（題: モデル自身の誤り、黒いハクチョウの写真／群: ハクチョウ→ガン・カモ）,水面のコクチョウ1羽,ok,
c1,SB,image,6,23,1cfc18d13e57ce38,ok,黒ハクチョウ→ガン（題: モデル自身の誤り、黒いハクチョウの写真／群: ハクチョウ→ガン・カモ）,芝生で首を曲げるコクチョウ1羽,ok,
c1,SB,image,6,24,564baccf777e1ec7,ok,黒ハクチョウ→ガン（題: モデル自身の誤り、黒いハクチョウの写真／群: ハクチョウ→ガン・カモ）,コクチョウの頭と首の接写,ok,
c1,SB,image,6,28,a0c526719a3f9b0f,ok,黒ハクチョウ→ガン（題: モデル自身の誤り、黒いハクチョウの写真／群: ハクチョウ→ガン・カモ）,羽づくろいするコクチョウ1羽,ok,
c1,SB,image,6,29,0ea78a8ea4e50ab1,ok,黒ハクチョウ→ガン（題: モデル自身の誤り、黒いハクチョウの写真／群: ハクチョウ→ガン・カモ）,アシの手前のコクチョウ1羽,ok,
c1,SB,image,6,30,8c34199588023f39,ok,黒ハクチョウ→ガン（題: モデル自身の誤り、黒いハクチョウの写真／群: ハクチョウ→ガン・カモ）,水辺の芝生に立つコクチョウ1羽,ok,
c1,SB,image,6,31,8f70ee9ebc91fad6,ok,黒ハクチョウ→ガン（題: モデル自身の誤り、黒いハクチョウの写真／群: ハクチョウ→ガン・カモ）,コクチョウの頭部の接写（下は同じ個体の背）,ok,
c1,SB,image,6,32,e622d2cf834e64dd,ok,黒ハクチョウ→ガン（題: モデル自身の誤り、黒いハクチョウの写真／群: ハクチョウ→ガン・カモ）,コクチョウ1羽,ok,
c1,SB,image,6,27,eb1b1ae30dfe0859,ok,黒ハクチョウ＋カモ→ガン（題: モデル自身の誤り、黒いハクチョウの写真／群: ハクチョウ→ガン・カモ）,コクチョウ2羽。奥の水面にデータでカモの枠が付いた小さな鳥が4か所ある,ok,
c1,SB,image,6,25,ea3604d122a4e6b8,ok,カモ（群: カモ→ガン、題: モデル自身の誤り）,アメリカヒドリの雄1羽。ガンは写らない,ok,
c1,SB,image,6,33,d21534a1cca6ec2d,ok,カモ（群: カモ→ガン、題: モデル自身の誤り）,手前はベニバシガモの雄（カモ）。右上の奥に首の長い茶色の鳥がぼけて写り（データではガンとカモの両方の枠）、ガンかカモ（リュウキュウガモ類など）かは決めきれない,ok,
c1,SB,image,8,34,cbe005c8b3e5730e,ok,ハクチョウ（群: ガン→ハクチョウ）（題: ガンのラベルの14枚は写真ではハクチョウかカモ）,コブハクチョウ3羽（成鳥1、褐色の混じる若鳥2）,ok,
c1,SB,image,8,35,fbe34f827ba64b67,ok,ハクチョウ（群: ガン→ハクチョウ）（題: ガンのラベルの14枚は写真ではハクチョウかカモ）,テレビ画面に映るコブハクチョウ3羽,ok,
c1,SB,image,8,36,9856bd4e230ed3d8,ok,黒ハクチョウ＋カモ（群: ガン→ハクチョウ）（題: ガンのラベルの14枚は写真ではハクチョウかカモ）,中央にコクチョウ1羽、左奥・首の後ろ・右下にマガモの雌らしいカモ3羽、ほかにドバト3羽。右奥の水面の小さな鳥は遠くて決めきれない。ガンと言える鳥は見当たらない,ok,
c1,SB,image,8,37,90988bc54d845592,ok,黒ハクチョウ（群: ガン→ハクチョウ）（題: ガンのラベルの14枚は写真ではハクチョウかカモ）,水面のコクチョウ1羽,ok,
c1,SB,image,8,42,63321f1973f5cce9,ok,ハクチョウ（群: ガン→ハクチョウ）（題: ガンのラベルの14枚は写真ではハクチョウかカモ）,コブハクチョウ2羽,ok,
c1,SB,image,8,43,6c403fe46bccb17e,ok,ハクチョウ（群: ガン→ハクチョウ）（題: ガンのラベルの14枚は写真ではハクチョウかカモ）,#4と同じ写真,ok,
c1,SB,image,8,44,65e297831c751675,ok,黒ハクチョウ（群: ガン→ハクチョウ）（題: ガンのラベルの14枚は写真ではハクチョウかカモ）,#8と同じ写真,ok,
c1,SB,image,8,38,7c5a386015a1cf89,ok,カモ（群: ガン→カモ）（題: ガンのラベルの14枚は写真ではハクチョウかカモ）,#12と同じ写真（マガモの雄）,ok,
c1,SB,image,8,39,818e6f19db055919,ok,カモ（群: ガン→カモ）（題: ガンのラベルの14枚は写真ではハクチョウかカモ）,杭の上で羽づくろいするツクシガモ類（クロアカツクシガモの雄と思われる）1羽,ok,
c1,SB,image,8,40,ab56f23fa316ad56,ok,カモ（群: ガン→カモ）（題: ガンのラベルの14枚は写真ではハクチョウかカモ）,#11と同じ写真（マガモの雌）,ok,
c1,SB,image,8,41,77bfbbef28ac344c,ok,カモ（群: ガン→カモ）（題: ガンのラベルの14枚は写真ではハクチョウかカモ）,オシドリの雄1羽,ok,
c1,SB,image,8,45,e9b707f0234531df,ok,カモ（群: ガン→カモ）（題: ガンのラベルの14枚は写真ではハクチョウかカモ）,#5と同じ写真,ok,
c1,SB,image,8,46,cf5d6bc1ade7ff18,ok,カモ（頭だけ）（群: ガン→カモ）（題: ガンのラベルの14枚は写真ではハクチョウかカモ）,#1と同じ写真,ok,
c1,SB,image,8,47,dd00d4ae604259d9,ok,カモ（群: ガン→カモ）（題: ガンのラベルの14枚は写真ではハクチョウかカモ）,マガモ4羽（中央で羽ばたく雌、奥と左の雌、右の雄）,ok,
c1,SB,image,10,48,79220d3b1f196fcd,ok,ペリカン・端に雛／ガン→ハクチョウ（題: 端の鳥が何の種か見分けられない）,コシグロペリカン2羽。右端に灰色のふわふわした物が一部だけ写る。雛か（鳥かどうかも）写真からは決めきれない,ok,
c1,SB,image,10,49,64333d483e03c680,ok,カモ（奥に白い鳥）／ハクチョウ→カモ（題: 奥の鳥が何の種か見分けられない）,手前右のカモ1羽と左のぼけたカモ1羽、右奥にぼけた白い鳥1羽。白い鳥の種は決めきれない,ok,
c1,SB,slide,4,,,ok,ラベルが合わない34枚のうち23枚は、モデルの答えが写真に合う,表示の12枚はどれも予測のクラスが写り、ラベルのクラスは写らない。枚数は写真からは確かめられない,ok,
c1,SB,slide,4,,,ok,カナダガンに「カモ」、マガモに「ガン」、白いハクチョウに「ガン」のラベルが付いている,#2・#7・#10はカナダガンでラベルはカモ、#11・#12はマガモでラベルはガン、#4・#9は白いハクチョウでラベルはガン,ok,
c1,SB,slide,5,,,ok,ラベルが合わない残り11枚のうち8枚は、6種以外の鳥の写真だ,番号付きの6枚（#13・#16〜#20）はどれも6種以外の鳥だけ。ハト・カモメの2枚は確認用の画像なし,ok,
c1,SB,slide,5,,,ok,カツオドリ・カモメ・サギ・オオバンなどに「ガン」「カモ」「ハクチョウ」のラベルが付いている,#13カツオドリ（カモ）、#18サギ（ガン）、#19・#20オオバン（ガン・ハクチョウ）。カモメは確認用の画像なし,ok,
c1,SB,slide,6,,,ok,モデル自身の誤り12枚のうち10枚は、黒いハクチョウの写真だ,10枚ともコクチョウが写る（#27は奥に小さなカモもいる）。残る2枚のうち#33は奥の茶色の鳥がガンかカモか決めきれない,ok,
c1,SB,slide,8,,,ok,「ガン」のラベルが付いた14枚は、写真ではハクチョウかカモだ,14枚ともハクチョウかカモが写り、ガンと言える鳥は見当たらない。#36はほかにドバトも写り、右奥の水面の小鳥は決めきれない,ok,
c1,SB,slide,10,,,ok,決めきれない4枚は、端・奥・逆光の鳥が何の種か見分けられない,#48は右端の物が一部だけ、#49は奥の白い鳥がぼけていて種を見分けられない。ほかの2枚は確認用の画像なし,ok,
c2,YA,image,3,1,54b37811bb5e40ad,ok,ガン,カナダガン2〜3羽。カモは写らない,ok,
c2,YA,image,3,2,e8fbe13cc8504f51,ok,ガン,カナダガン2羽,ok,
c2,YA,image,3,3,aca6645d590aa23f,ok,ガン,ハイイロガン系のガン3羽,ok,
c2,YA,image,3,4,7c5a386015a1cf89,ok,カモ（マガモ）,マガモの雄,ok,
c2,YA,image,3,5,77bfbbef28ac344c,ok,カモ（オシドリ）,オシドリの雄,ok,
c2,YA,image,3,6,cf5d6bc1ade7ff18,ok,カモ（頭のアップ）,カモの頭部のアップ（ノバリケン系とみられ、種は決めきれない）,ok,
c2,YA,image,3,7,895dbfa06f80d04b,ok,ハクチョウ（コクチョウ）,芝生の上のコクチョウ1羽,ok,
c2,YA,image,3,8,fbe34f827ba64b67,ok,ハクチョウ（テレビ画面）,テレビ画面に白いハクチョウ3羽,ok,
c2,YA,image,3,9,6c403fe46bccb17e,ok,ハクチョウ,水面を走る白いハクチョウ2羽,ok,
c2,YA,image,4,10,75798b9525b6d72c,ok,カツオドリ,シロカツオドリの仲間の群れ,ok,
c2,YA,image,4,11,cb6d8783a3617620,ok,バン,バン2羽,ok,
c2,YA,image,4,12,c0e238dad14e2833,ok,チドリの仲間,ズグロトサカゲリ（チドリ科）5羽,ok,
c2,YA,image,4,13,cfae99f4ad4dfd04,ok,アオサギ,水面上を飛ぶサギ1羽。オオアオサギの可能性もあり決めきれない,ok,
c2,YA,image,4,14,79220d3b1f196fcd,ok,ペリカン,コシグロペリカン2羽,ok,
c2,YA,image,4,15,bfdb4c1235db8a5f,ok,オオバン,,ok,
c2,YA,image,4,16,498ae254e1ce2c98,ok,オオバン,,ok,
c2,YA,image,5,17,e622d2cf834e64dd,ok,ハクチョウ（コクチョウ）,,ok,
c2,YA,image,5,18,768b6f700c9b6f72,ok,ハクチョウ（コクチョウ）,,ok,
c2,YA,image,5,19,0ea78a8ea4e50ab1,ok,ハクチョウ（コクチョウ）,,ok,
c2,YA,image,5,20,8f70ee9ebc91fad6,ok,ハクチョウ（コクチョウ）,コクチョウの頭部。右下奥にもう1羽の背,ok,
c2,YA,image,5,21,564baccf777e1ec7,ok,ハクチョウ（コクチョウ）,,ok,
c2,YA,image,5,22,eb1b1ae30dfe0859,ok,ハクチョウ（コクチョウ）,コクチョウ2羽。奥の対岸寄りにカモの小さな枠があるが、説明は「だけ」と述べていない,ok,
c2,YA,image,5,23,a0c526719a3f9b0f,ok,ハクチョウ（コクチョウ）,,ok,
c2,YA,image,5,24,62439d385f495f5f,ok,ハクチョウ（コクチョウ）,,ok,
c2,YA,image,5,25,1cfc18d13e57ce38,ok,ハクチョウ（コクチョウ）,,ok,
c2,YA,image,5,26,8c34199588023f39,ok,ハクチョウ（コクチョウ）,,ok,
c2,YA,image,9,27,a421bd70e3bc83b0,ok,カモ（主役はコサギ）,飛ぶコサギの後ろにマガモの雄が一部隠れて写る,ok,
c2,YA,image,9,28,7c5a386015a1cf89,ok,カモ（マガモ）,マガモの雄（#4 と同じ写真）,ok,
c2,YA,image,9,29,818e6f19db055919,ok,カモ,杭の上で羽づくろいするツクシガモの仲間（クロアカツクシガモの雄とみられる）,ok,
c2,YA,image,9,30,ab56f23fa316ad56,ok,カモ（マガモ）,マガモの雌,ok,
c2,YA,image,9,31,77bfbbef28ac344c,ok,カモ（オシドリ）,#5 と同じ写真,ok,
c2,YA,image,9,32,e9b707f0234531df,ok,カモ（飛び立つ群れ）,リュウキュウガモ属（アカハシリュウキュウガモ）の群れ。数羽が羽ばたく・飛ぶ,ok,
c2,YA,image,9,33,cf5d6bc1ade7ff18,ok,カモ（頭のアップ）,#6 と同じ写真,ok,
c2,YA,image,9,34,dd00d4ae604259d9,ok,カモ（マガモ）,マガモの雌3羽と雄1羽,ok,
c2,YA,image,11,35,cbe005c8b3e5730e,ok,ハクチョウ,白いハクチョウ3羽（左と手前の2羽は褐色の混じる若鳥）,ok,
c2,YA,image,11,36,fbe34f827ba64b67,ok,ハクチョウ（テレビ画面）,#8 と同じ写真,ok,
c2,YA,image,11,37,63321f1973f5cce9,ok,ハクチョウ,コブハクチョウ2羽,ok,
c2,YA,image,11,38,6c403fe46bccb17e,ok,ハクチョウ,#9 と同じ写真,ok,
c2,YA,slide,3,,,ok,ラベルの誤り26枚は、写真にラベルと別のクラスが写っている,表示の9枚はすべてラベルと別のクラスが写る（26・35の数は写真からは確かめられない）,ok,
c2,YA,slide,3,,,ok,26枚のうち23枚は、予測のほうが写真と合う,表示の9枚では #7 以外の8枚で予測が写真と合う（23の数は確かめられない）,ok,
c2,YA,slide,3,,,ok,予測も合わない3枚は、コクチョウ2枚とコサギの陰のマガモ1枚,#7 はコクチョウ、付録の #27 はコサギの後ろのマガモ。コクチョウのもう1枚は表示がない,ok,
c2,YA,slide,3,,,ok,写るクラス別に各3枚（ガン・カモ・ハクチョウ）,,ok,
c2,YA,slide,4,,,ok,残る9枚は、オオバンやカモメなど6種以外の鳥の写真,番号の付いた7枚はすべて6種以外の鳥（カモメ・ハトの2枚は確認の対象外）,ok,
c2,YA,slide,4,,,ok,オオバン2枚、カモメ・ハト・バン・ペリカン・アオサギ・カツオドリ・チドリの仲間が各1枚,アオサギはオオアオサギの可能性があり決めきれない,ok,
c2,YA,slide,4,,,ok,9枚は6種以外の鳥だけが写るもの,,ok,
c2,YA,slide,5,,,ok,モデルの誤り10枚は、コクチョウをガンかカモと答えた,10枚すべてにコクチョウが写る,ok,
c2,YA,slide,5,,,ok,コクチョウが写る24枚の10枚を誤る,表示の10枚はすべてコクチョウ（24の数は確かめられない）,ok,
c2,YA,slide,5,,,unknown,コクチョウが写らない16枚に、モデルの誤りは0枚,該当の写真は表示されていない,ok,確かめた（確認者はこのスライドに写真が無く unknown）: ラベルがハクチョウの40枚の誤り14枚のうち、コクチョウが写らない4枚は、ハクガン（ラベルの誤り）・オオバン（ラベルの誤り）・ハクチョウとカモが両方写る・ぼけた白い鳥で決められない、の4枚で、モデルだけの誤りは無い。4枚ともデッキの付録に載り、確認者の判定も合う（D2）
c2,YA,slide,9,,,ok,ラベルの誤りのうち、カモが写る8枚,,ok,
c2,YA,slide,9,,,overclaim,8枚はカモだけが写るもの,#27 は主役がコサギで、マガモはその後ろに一部が写るだけ。「カモだけ」が崩れる,overclaim,言い過ぎ: 同じ脚注。8枚中7枚は合い、#27 だけコサギが主役（説明には書いてある）
c2,YA,slide,11,,,ok,ラベルの誤りのうち、白いハクチョウが写る4枚,,ok,
c2,YA,slide,11,,,ok,4枚は白いハクチョウだけが写るもの,#35 の2羽は褐色の混じる若鳥だが、白いハクチョウの仲間,ok,
c2,UT,image,2,1,19e26aee9ea93c39,ok,カモメ,ユリカモメ類の群れ,ok,
c2,UT,image,2,2,65e297831c751675,ok,ハクチョウ,白黒調の写真のコクチョウ1羽,ok,
c2,UT,image,2,3,d21534a1cca6ec2d,ok,カモ,手前はアカハシハジロの雄。奥に首の長い褐色の水鳥（リュウキュウガモ類かガンか決めきれない）,ok,
c2,UT,image,2,4,33ae590a0d97b084,ok,ガン,カナダガン2羽（1羽は羽ばたく）,ok,
c2,UT,image,2,5,bfdb4c1235db8a5f,ok,オオバン,,ok,
c2,UT,image,2,6,ab56f23fa316ad56,ok,カモ,マガモの雌,ok,
c2,UT,image,2,7,c30fbf9fe5fd93df,ok,ガン,空を飛ぶハクガン類2羽,ok,
c2,UT,image,2,8,8f70ee9ebc91fad6,ok,ハクチョウ,コクチョウの頭部,ok,
c2,UT,image,2,9,75798b9525b6d72c,ok,カツオドリ,シロカツオドリの仲間の群れ,ok,
c2,UT,image,2,10,77342c4f2ac0f91b,ok,ハクチョウ,白いハクチョウ4羽。奥に小さな鳥影（種は決めきれない）,ok,
c2,UT,image,2,11,498ae254e1ce2c98,ok,オオバン,,ok,
c2,UT,image,2,12,3eaf885ee61c3999,ok,ハクチョウ+カモ,カワアイサ・マガモなど多数のカモと、右端にコブハクチョウ1羽,ok,
c2,UT,image,4,13,90988bc54d845592,ok,ハクチョウ,コクチョウ,ok,
c2,UT,image,4,14,63321f1973f5cce9,ok,ハクチョウ,コブハクチョウ2羽,ok,
c2,UT,image,4,15,64e48b07e9a2add5,ok,ガン,カナダガン,ok,
c2,UT,image,4,16,679a5e597d44671f,ok,ガン,カナダガン,ok,
c2,UT,image,4,17,ab56f23fa316ad56,ok,カモ,マガモの雌,ok,
c2,UT,image,4,18,7c5a386015a1cf89,ok,カモ,マガモの雄,ok,
c2,UT,image,4,19,a292025d2530ca80,ok,ハクチョウ,コクチョウ。右端にヒナとみられる小さな鳥,ok,
c2,UT,image,4,20,e6f42985d808d61b,ok,ハクチョウ,コクチョウ2羽,ok,
c2,UT,image,4,21,c30fbf9fe5fd93df,ok,ガン,空を飛ぶハクガン類2羽,ok,
c2,UT,image,5,22,895dbfa06f80d04b,ok,ハクチョウ（群: 黒いハクチョウ）,芝生の上のコクチョウ,ok,
c2,UT,image,5,23,a5536024ebd69580,ok,ハクチョウ（群: 黒いハクチョウ）,水面のコクチョウ,ok,
c2,UT,image,5,24,75798b9525b6d72c,ok,カツオドリ（群: 3種以外の鳥が主役）,,ok,
c2,UT,image,5,25,2c7cee4d9b67df03,ok,ハト（群: 3種以外の鳥が主役）,空を飛ぶハトの群れ,ok,
c2,UT,image,5,26,a421bd70e3bc83b0,ok,カモ・手前はサギ（群: 3種以外の鳥が主役）,手前に飛び立つコサギ、その後ろにマガモの雄,ok,
c2,UT,image,5,27,c0e238dad14e2833,ok,チドリの仲間,ズグロトサカゲリ5羽,ok,
c2,UT,image,5,28,cb6d8783a3617620,ok,バンの仲間,バン2羽,ok,
c2,UT,image,5,29,cfae99f4ad4dfd04,ok,サギの仲間,水面上を飛ぶサギ,ok,
c2,UT,image,5,30,79220d3b1f196fcd,ok,ペリカン,コシグロペリカン2羽,ok,
c2,UT,image,5,31,bfdb4c1235db8a5f,ok,オオバン,,ok,
c2,UT,image,5,32,498ae254e1ce2c98,ok,オオバン,,ok,
c2,UT,image,6,33,8c34199588023f39,ok,ハクチョウ（群: 外した黒いハクチョウ）,,ok,
c2,UT,image,6,34,1cfc18d13e57ce38,ok,ハクチョウ（群: 外した黒いハクチョウ）,,ok,
c2,UT,image,6,35,768b6f700c9b6f72,ok,ハクチョウ（群: 外した黒いハクチョウ）,,ok,
c2,UT,image,6,36,62439d385f495f5f,ok,ハクチョウ（群: 外した黒いハクチョウ）,,ok,
c2,UT,image,6,37,a0c526719a3f9b0f,ok,ハクチョウ（群: 外した黒いハクチョウ）,,ok,
c2,UT,image,6,38,e622d2cf834e64dd,ok,ハクチョウ（群: 外した黒いハクチョウ）,,ok,
c2,UT,image,6,39,eb1b1ae30dfe0859,ok,ハクチョウ（群: 外した黒いハクチョウ）,コクチョウ2羽（奥にカモの小さな枠があるが、説明は「だけ」と述べていない）,ok,
c2,UT,image,6,40,564baccf777e1ec7,ok,ハクチョウ（群: 外した黒いハクチョウ）,,ok,
c2,UT,image,6,41,8f70ee9ebc91fad6,ok,ハクチョウ（群: 外した黒いハクチョウ）,コクチョウの頭部。右下奥にもう1羽の背,ok,
c2,UT,image,6,42,0ea78a8ea4e50ab1,ok,ハクチョウ（群: 外した黒いハクチョウ）,,ok,
c2,UT,image,7,43,7c5a386015a1cf89,ok,写真 カモ（ラベル ガン／予測 カモ）,マガモの雄,ok,
c2,UT,image,7,44,79220d3b1f196fcd,ok,写真 ペリカン（ラベル ガン／予測 ハクチョウ）,コシグロペリカン2羽,ok,
c2,UT,image,7,45,0ea78a8ea4e50ab1,ok,写真 ハクチョウ（ラベル ハクチョウ／予測 ガン）,コクチョウ,ok,
c2,UT,image,8,46,9856bd4e230ed3d8,ok,ハクチョウ／カモ,コクチョウ1羽と、右下・左奥・首の後ろに褐色のカモ（マガモの雌型）、ドバトも写る。褐色の鳥がガンでないかは決めきれない,ok,
c2,UT,image,8,47,90988bc54d845592,ok,ハクチョウ,コクチョウ,ok,
c2,UT,image,8,48,6c403fe46bccb17e,ok,ハクチョウ,水面を走る白いハクチョウ2羽,ok,
c2,UT,image,8,49,65e297831c751675,ok,ハクチョウ,白黒調の写真のコクチョウ,ok,
c2,UT,image,8,50,fbe34f827ba64b67,ok,ハクチョウ,テレビ画面の白いハクチョウ3羽,ok,
c2,UT,image,8,51,63321f1973f5cce9,ok,ハクチョウ,コブハクチョウ2羽,ok,
c2,UT,image,8,52,cbe005c8b3e5730e,ok,ハクチョウ,白いハクチョウ3羽（2羽は褐色の混じる若鳥）,ok,
c2,UT,image,8,53,77bfbbef28ac344c,ok,カモ,オシドリの雄,ok,
c2,UT,image,8,54,dd00d4ae604259d9,ok,カモ,マガモの雌3羽と雄1羽,ok,
c2,UT,image,8,55,ab56f23fa316ad56,ok,カモ,マガモの雌,ok,
c2,UT,image,8,56,7c5a386015a1cf89,ok,カモ,マガモの雄,ok,
c2,UT,image,9,57,64e48b07e9a2add5,ok,ガン,カナダガン,ok,
c2,UT,image,9,58,aca6645d590aa23f,ok,ガン,ハイイロガン系のガン3羽,ok,
c2,UT,image,9,59,33ae590a0d97b084,ok,ガン,カナダガン2羽,ok,
c2,UT,image,9,60,679a5e597d44671f,ok,ガン,カナダガン,ok,
c2,UT,image,9,61,54b37811bb5e40ad,ok,ガン,カナダガン2〜3羽,ok,
c2,UT,image,9,62,e8fbe13cc8504f51,ok,ガン,カナダガン2羽,ok,
c2,UT,image,9,63,a292025d2530ca80,ok,ハクチョウ,コクチョウとヒナとみられる小さな鳥,ok,
c2,UT,image,9,64,e6f42985d808d61b,ok,ハクチョウ,コクチョウ2羽,ok,
c2,UT,image,9,65,c30fbf9fe5fd93df,ok,ガン,空を飛ぶハクガン類2羽,ok,
c2,UT,image,11,66,77342c4f2ac0f91b,ok,ハクチョウ（奥の小鳥が決められない）,白いハクチョウ4羽と、奥に小さな鳥影,ok,
c2,UT,image,11,67,818e6f19db055919,ok,ツクシガモの仲間,クロアカツクシガモの雄とみられる,ok,
c2,UT,image,11,68,e9b707f0234531df,ok,リュウキュウガモ類,アカハシリュウキュウガモの群れ,ok,
c2,UT,image,11,69,cf5d6bc1ade7ff18,ok,顔のアップ,カモ類の頭部のアップ,ok,
c2,UT,image,11,70,64333d483e03c680,ok,カモ・右奥に白い影,白黒写真のカモ2羽（左はぼける）と、右奥の白いぼけた影,ok,
c2,UT,image,11,71,8c9b3a301f8b5d42,ok,飛ぶ4羽の影,逆光で飛ぶ首の長い鳥4羽,ok,
c2,UT,slide,4,,,ok,写真と合わないラベル32枚のうち20枚は、モデルの答えが写真に合う,表示の9枚はすべてラベルが写真と合わず、予測が合う（32・20の数は確かめられない）,ok,
c2,UT,slide,5,,,ok,ラベルもモデルも外れる12枚は、黒いハクチョウ2枚と別の鳥10枚,#26 はコサギの後ろにマガモも写るが、見出しは「主役」と述べ、画像の説明もカモに触れている,ok,
c2,UT,slide,5,,,ok,オオバン・カモメ・ペリカンなどの主役に当たる選択肢が6種の中にない,番号の付いた写真の主役はカツオドリ・ハト・コサギ・チドリ類・バン・サギ・ペリカン・オオバン,ok,
c2,UT,slide,6,,,ok,ラベルが合うのに外した12枚のうち10枚は、黒いハクチョウ,表示の10枚はすべてコクチョウ,ok,
c2,UT,slide,6,,,ok,黒いハクチョウ24枚のうち10枚を外した,外した10枚はすべてコクチョウ（24の数は確かめられない）,ok,
c2,UT,slide,6,,,unknown,残り2枚は、カモの雄（アカハシハジロ、アメリカヒドリ）をガンと判定,このスライドに写真がない。アカハシハジロはスライド2の #3 の手前に写るが、奥の首の長い褐色の鳥がガンか決めきれない。アメリカヒドリの写真は表示されていない,wrong,種名の誤り（確認者はこのスライドに写真が無く unknown。1名はスライド2の写真をアカハシハジロと見て合うとした）: 箇条書き「残り2枚は、カモの雄をガンと判定した（アカハシハジロ、アメリカヒドリ）」の1枚（d21534a1cca6ec2d。付録とスライド2に載る）は、頭が紫の光沢のある黒で、赤いくちばしの付け根に大きなこぶがあるベニバシガモの雄（撮影者の題名も Rosy-billed Pochard）。アカハシハジロの雄は頭が赤茶色でこぶがない
c2,UT,slide,7,,,ok,ラベル側・モデル側（黒いハクチョウ）・選択肢の外（別の鳥）に分ける,#43 マガモ（ラベル ガン）、#45 コクチョウ、#44 ペリカンで合う,ok,
c2,UT,slide,8,,,ok,ラベルがガンで、モデルの答えが合う11枚,11枚にガンは見当たらない（#46 の褐色の鳥はカモとみられるが決めきれない）,ok,
c2,UT,slide,9,,,ok,ラベルがカモ・ハクチョウで、モデルの答えが合う9枚,ガン7枚・コクチョウ2枚で、予測と合う,ok,
c2,UT,slide,11,,,ok,決められない6枚は、種や写る鳥を写真から絞れなかった,ツクシガモ類・リュウキュウガモ類はガンとカモの境、#71 は逆光の影、#66 は奥の小鳥で、決めきれない,ok,
c2,UT,slide,11,,,ok,左端の1枚は奥の小鳥が決められない,#66 の奥に小さな鳥影がある,ok,
c3,UT,image,2,1,19e26aee9ea93c39,ok,カモメ（群: ガン→ハクチョウ）,,ok,
c3,UT,image,2,2,65e297831c751675,ok,ハクチョウ,,ok,
c3,UT,image,2,3,d21534a1cca6ec2d,ok,カモ（群: カモ→ガン）,,ok,
c3,UT,image,2,4,33ae590a0d97b084,ok,ガン,,ok,
c3,UT,image,2,5,bfdb4c1235db8a5f,ok,オオバン（群: ガン→カモ）,,ok,
c3,UT,image,2,6,ab56f23fa316ad56,ok,カモ,,ok,
c3,UT,image,2,7,c30fbf9fe5fd93df,ok,ガン（群: ハクチョウ→ガン）,,ok,
c3,UT,image,2,8,8f70ee9ebc91fad6,ok,ハクチョウ,,ok,
c3,UT,image,2,9,75798b9525b6d72c,ok,カツオドリ（群: カモ→ハクチョウ）,,ok,
c3,UT,image,2,10,77342c4f2ac0f91b,ok,ハクチョウ,,ok,
c3,UT,image,2,11,498ae254e1ce2c98,ok,オオバン（群: ハクチョウ→カモ）,,ok,
c3,UT,image,2,12,3eaf885ee61c3999,ok,ハクチョウ+カモ,中央の水しぶきの群れに「ガン」の枠があるが、大きさ・形は周りのカモと同じに見え、ガンかは決めきれない,ok,
c3,UT,image,4,13,90988bc54d845592,ok,ハクチョウ（ラベルが写真と合わずモデルが合う群）,,ok,
c3,UT,image,4,14,63321f1973f5cce9,ok,ハクチョウ,,ok,
c3,UT,image,4,15,64e48b07e9a2add5,ok,ガン,,ok,
c3,UT,image,4,16,679a5e597d44671f,ok,ガン,,ok,
c3,UT,image,4,17,ab56f23fa316ad56,ok,カモ,,ok,
c3,UT,image,4,18,7c5a386015a1cf89,ok,カモ,,ok,
c3,UT,image,4,19,a292025d2530ca80,ok,ハクチョウ,,ok,
c3,UT,image,4,20,e6f42985d808d61b,ok,ハクチョウ,,ok,
c3,UT,image,4,21,c30fbf9fe5fd93df,ok,ガン,,ok,
c3,UT,image,5,22,895dbfa06f80d04b,ok,黒いハクチョウ（ラベルもモデルも外れる）,,ok,
c3,UT,image,5,23,a5536024ebd69580,ok,黒いハクチョウ（ラベルもモデルも外れる）,,ok,
c3,UT,image,5,24,75798b9525b6d72c,ok,カツオドリ（3種以外の鳥が主役）,,ok,
c3,UT,image,5,25,2c7cee4d9b67df03,ok,ハト,,ok,
c3,UT,image,5,26,a421bd70e3bc83b0,ok,カモ、手前はサギ（3種以外の鳥が主役）,,ok,
c3,UT,image,5,27,c0e238dad14e2833,ok,チドリの仲間,,ok,
c3,UT,image,5,28,cb6d8783a3617620,ok,バンの仲間,,ok,
c3,UT,image,5,29,cfae99f4ad4dfd04,ok,サギの仲間,,ok,
c3,UT,image,5,30,79220d3b1f196fcd,ok,ペリカン,,ok,
c3,UT,image,5,31,bfdb4c1235db8a5f,ok,オオバン,,ok,
c3,UT,image,5,32,498ae254e1ce2c98,ok,オオバン,,ok,
c3,UT,image,6,33,8c34199588023f39,ok,ハクチョウ（ラベルが合うのに外した黒いハクチョウ）,,ok,
c3,UT,image,6,34,1cfc18d13e57ce38,ok,ハクチョウ（ラベルが合うのに外した黒いハクチョウ）,,ok,
c3,UT,image,6,35,768b6f700c9b6f72,ok,ハクチョウ（ラベルが合うのに外した黒いハクチョウ）,,ok,
c3,UT,image,6,36,62439d385f495f5f,ok,ハクチョウ（ラベルが合うのに外した黒いハクチョウ）,,ok,
c3,UT,image,6,37,a0c526719a3f9b0f,ok,ハクチョウ（ラベルが合うのに外した黒いハクチョウ）,,ok,
c3,UT,image,6,38,e622d2cf834e64dd,ok,ハクチョウ（ラベルが合うのに外した黒いハクチョウ）,,ok,
c3,UT,image,6,39,eb1b1ae30dfe0859,ok,ハクチョウ（ラベルが合うのに外した黒いハクチョウ）,左端と奥にカモが小さく写るが、主役のハクチョウを述べており矛盾しない,ok,
c3,UT,image,6,40,564baccf777e1ec7,ok,ハクチョウ（ラベルが合うのに外した黒いハクチョウ）,,ok,
c3,UT,image,6,41,8f70ee9ebc91fad6,ok,ハクチョウ（ラベルが合うのに外した黒いハクチョウ）,,ok,
c3,UT,image,6,42,0ea78a8ea4e50ab1,ok,ハクチョウ（ラベルが合うのに外した黒いハクチョウ）,,ok,
c3,UT,image,7,43,7c5a386015a1cf89,ok,ラベル ガン／予測 カモ／写真 カモ（ラベル側の例）,,ok,
c3,UT,image,7,44,79220d3b1f196fcd,ok,ラベル ガン／予測 ハクチョウ／写真 ペリカン（選択肢の外の例）,,ok,
c3,UT,image,7,45,0ea78a8ea4e50ab1,ok,ラベル ハクチョウ／予測 ガン／写真 ハクチョウ（モデル側の例）,,ok,
c3,UT,image,8,46,9856bd4e230ed3d8,ok,ハクチョウ・カモ（ラベル ガンでモデルが合う）,手前と左にハトも写るが、説明と矛盾しない,ok,
c3,UT,image,8,47,90988bc54d845592,ok,ハクチョウ（ラベル ガンでモデルが合う）,,ok,
c3,UT,image,8,48,6c403fe46bccb17e,ok,ハクチョウ（ラベル ガンでモデルが合う）,,ok,
c3,UT,image,8,49,65e297831c751675,ok,ハクチョウ（ラベル ガンでモデルが合う）,,ok,
c3,UT,image,8,50,fbe34f827ba64b67,ok,ハクチョウ（ラベル ガンでモデルが合う）,,ok,
c3,UT,image,8,51,63321f1973f5cce9,ok,ハクチョウ（ラベル ガンでモデルが合う）,,ok,
c3,UT,image,8,52,cbe005c8b3e5730e,ok,ハクチョウ（ラベル ガンでモデルが合う）,,ok,
c3,UT,image,8,53,77bfbbef28ac344c,ok,カモ（ラベル ガンでモデルが合う）,,ok,
c3,UT,image,8,54,dd00d4ae604259d9,ok,カモ（ラベル ガンでモデルが合う）,,ok,
c3,UT,image,8,55,ab56f23fa316ad56,ok,カモ（ラベル ガンでモデルが合う）,,ok,
c3,UT,image,8,56,7c5a386015a1cf89,ok,カモ（ラベル ガンでモデルが合う）,,ok,
c3,UT,image,9,57,64e48b07e9a2add5,ok,ガン（ラベル カモでモデルが合う）,,ok,
c3,UT,image,9,58,aca6645d590aa23f,ok,ガン（ラベル カモでモデルが合う）,,ok,
c3,UT,image,9,59,33ae590a0d97b084,ok,ガン（ラベル カモでモデルが合う）,,ok,
c3,UT,image,9,60,679a5e597d44671f,ok,ガン（ラベル カモでモデルが合う）,,ok,
c3,UT,image,9,61,54b37811bb5e40ad,ok,ガン（ラベル カモでモデルが合う）,,ok,
c3,UT,image,9,62,e8fbe13cc8504f51,ok,ガン（ラベル カモでモデルが合う）,,ok,
c3,UT,image,9,63,a292025d2530ca80,ok,ハクチョウ（ラベル カモでモデルが合う）,,ok,
c3,UT,image,9,64,e6f42985d808d61b,ok,ハクチョウ（ラベル カモでモデルが合う）,,ok,
c3,UT,image,9,65,c30fbf9fe5fd93df,ok,ガン（ラベル ハクチョウでモデルが合う）,,ok,
c3,UT,image,11,66,77342c4f2ac0f91b,ok,ハクチョウ、奥の小鳥は決められない,奥の小鳥は小さく、種は決めきれない,ok,
c3,UT,image,11,67,818e6f19db055919,ok,ツクシガモの仲間,,ok,
c3,UT,image,11,68,e9b707f0234531df,ok,リュウキュウガモ類,,ok,
c3,UT,image,11,69,cf5d6bc1ade7ff18,ok,顔のアップ,,ok,
c3,UT,image,11,70,64333d483e03c680,ok,カモ、右奥に白い影,,ok,
c3,UT,image,11,71,8c9b3a301f8b5d42,ok,飛ぶ4羽の影,,ok,
c3,UT,slide,4,,,ok,写真と合わないラベル32枚のうち20枚は、モデルの答えが写真に合う,表示の9枚はすべてラベルが写真と合わず予測が合う。20枚は付録（スライド8・9）の全数とも合う,ok,
c3,UT,slide,5,,,ok,ラベルもモデルも外れる12枚は、黒いハクチョウ2枚と別の鳥10枚,#26 は奥にマガモの雄も写るが、主役はサギで見出しの説明どおり,ok,
c3,UT,slide,5,,,ok,オオバン・カモメ・ペリカンなどの主役に当たる選択肢が6種の中にない,,ok,
c3,UT,slide,6,,,ok,ラベルが合うのに外した12枚のうち10枚は黒いハクチョウ,,ok,
c3,UT,slide,6,,,ok,外した黒いハクチョウ10枚をガン9枚・カモ1枚と判定,,ok,
c3,UT,slide,6,,,unknown,残り2枚はカモの雄をガンと判定（アカハシハジロ、アメリカヒドリ）,このスライドに写真がない（スライド2の#3はアカハシハジロの雄で、この点は合う）,wrong,種名の誤り（確認者はこのスライドに写真が無く unknown。1名はスライド2の写真をアカハシハジロと見て合うとした）: 箇条書き「残り2枚は、カモの雄をガンと判定した（アカハシハジロ、アメリカヒドリ）」の1枚（d21534a1cca6ec2d。付録とスライド2に載る）は、頭が紫の光沢のある黒で、赤いくちばしの付け根に大きなこぶがあるベニバシガモの雄（撮影者の題名も Rosy-billed Pochard）。アカハシハジロの雄は頭が赤茶色でこぶがない
c3,UT,slide,7,,,ok,原因の3分類: ラベル側・モデル側（黒いハクチョウ）・選択肢の外（別の鳥）,表示の3枚はそれぞれの分類の例として写真と合う,ok,
c3,UT,slide,8,,,ok,ラベルがガンで、モデルの答えが合う11枚,,ok,
c3,UT,slide,9,,,ok,ラベルがカモ・ハクチョウで、モデルの答えが合う9枚,,ok,
c3,UT,slide,11,,,ok,決められない6枚は、種や写る鳥を写真から絞れなかった／左端の1枚は奥の小鳥が決められない,,ok,
c3,CR,image,2,1,8c9b3a301f8b5d42,ok,ガン、逆光のシルエット,逆光のシルエットで種は決めきれないが、首の長い形はガンと矛盾しない,ok,
c3,CR,image,2,2,9856bd4e230ed3d8,ok,ハクチョウ+カモ（コクチョウ、ハトも）,,ok,
c3,CR,image,2,3,cfae99f4ad4dfd04,ok,サギ,,ok,
c3,CR,image,2,4,90988bc54d845592,ok,ハクチョウ（コクチョウ）,,ok,
c3,CR,image,2,5,6c403fe46bccb17e,ok,ハクチョウ,,ok,
c3,CR,image,2,6,a421bd70e3bc83b0,ok,カモ、主役はサギ,,ok,
c3,CR,image,2,7,79220d3b1f196fcd,ok,ペリカン、右端不明,右端の物は小さく、鳥かどうかも決めきれない,ok,
c3,CR,image,2,8,65e297831c751675,ok,ハクチョウ（コクチョウ）,,ok,
c3,CR,image,2,9,fbe34f827ba64b67,ok,ハクチョウ（ニュース画面）,,ok,
c3,CR,image,2,10,63321f1973f5cce9,ok,ハクチョウ,,ok,
c3,CR,image,2,11,cbe005c8b3e5730e,ok,ハクチョウ,,ok,
c3,CR,image,4,12,9856bd4e230ed3d8,ok,ハクチョウ+カモ（コクチョウ、ハトも）／ラベルがガン,,ok,
c3,CR,image,4,13,818e6f19db055919,ok,カモ（ツクシガモの仲間）／ラベルがガン,,ok,
c3,CR,image,4,14,fbe34f827ba64b67,ok,ハクチョウ（ニュース画面）／ラベルがガン,,ok,
c3,CR,image,4,15,77bfbbef28ac344c,ok,カモ（オシドリ）／ラベルがガン,,ok,
c3,CR,image,4,16,64e48b07e9a2add5,ok,ガン／ラベルがカモ・ハクチョウ,,ok,
c3,CR,image,4,17,c30fbf9fe5fd93df,ok,ガン／ラベルがカモ・ハクチョウ,,ok,
c3,CR,image,4,18,e6f42985d808d61b,ok,ハクチョウ（コクチョウ）／ラベルがカモ・ハクチョウ,,ok,
c3,CR,image,4,19,679a5e597d44671f,ok,ガン／ラベルがカモ・ハクチョウ,,ok,
c3,CR,image,5,20,a5536024ebd69580,ok,ハクチョウ（コクチョウ）、ラベルとも予測とも違うクラスが写る,,ok,
c3,CR,image,5,21,cfae99f4ad4dfd04,ok,サギ、6種のどれも写らない,,ok,
c3,CR,image,5,22,c0e238dad14e2833,ok,チドリの仲間、6種のどれも写らない,,ok,
c3,CR,image,5,23,895dbfa06f80d04b,ok,ハクチョウ（コクチョウ）、ラベルとも予測とも違うクラスが写る,,ok,
c3,CR,image,5,24,bfdb4c1235db8a5f,ok,オオバン、6種のどれも写らない,,ok,
c3,CR,image,5,25,498ae254e1ce2c98,ok,オオバン、6種のどれも写らない,,ok,
c3,CR,image,5,26,75798b9525b6d72c,ok,カツオドリ、6種のどれも写らない,,ok,
c3,CR,image,5,27,cb6d8783a3617620,ok,バン、6種のどれも写らない,,ok,
c3,CR,image,5,28,a421bd70e3bc83b0,ok,カモ、主役はサギ、ラベルとも予測とも違うクラスが写る,,ok,
c3,CR,image,6,29,8c34199588023f39,ok,ハクチョウ（コクチョウ、モデル自身の誤り）,,ok,
c3,CR,image,6,30,1cfc18d13e57ce38,ok,ハクチョウ（コクチョウ、モデル自身の誤り）,,ok,
c3,CR,image,6,31,768b6f700c9b6f72,ok,ハクチョウ（コクチョウ、モデル自身の誤り）,,ok,
c3,CR,image,6,32,62439d385f495f5f,ok,ハクチョウ（コクチョウ、モデル自身の誤り）,,ok,
c3,CR,image,6,33,a0c526719a3f9b0f,ok,ハクチョウ（コクチョウ、モデル自身の誤り）,,ok,
c3,CR,image,6,34,d21534a1cca6ec2d,ok,カモ（そのほか）,,ok,
c3,CR,image,6,35,8c9b3a301f8b5d42,ok,ガン、逆光のシルエット（そのほか）,逆光のシルエットで種は決めきれないが、首の長い形はガンと矛盾しない,ok,
c3,CR,image,6,36,eb1b1ae30dfe0859,ok,ハクチョウ+カモ（コクチョウ、モデル自身の誤り）,,ok,
c3,CR,image,6,37,564baccf777e1ec7,ok,ハクチョウ（コクチョウ、モデル自身の誤り）,,ok,
c3,CR,image,6,38,8f70ee9ebc91fad6,ok,ハクチョウ（コクチョウ、モデル自身の誤り）,,ok,
c3,CR,image,6,39,e622d2cf834e64dd,ok,ハクチョウ（コクチョウ、モデル自身の誤り）,,ok,
c3,CR,image,6,40,0ea78a8ea4e50ab1,ok,ハクチョウ（コクチョウ、モデル自身の誤り）,,ok,
c3,CR,image,6,41,ea3604d122a4e6b8,ok,カモ（そのほか）,,ok,
c3,CR,image,8,42,cf5d6bc1ade7ff18,ok,カモ、頭の接写（ラベルガン・写真カモ）,頭だけで種は決めきれないが、嘴の形はカモと矛盾しない,ok,
c3,CR,image,8,43,e9b707f0234531df,ok,カモ、リュウキュウガモ類（ラベルガン・写真カモ）,,ok,
c3,CR,image,8,44,818e6f19db055919,ok,カモ、ツクシガモの仲間（ラベルガン・写真カモ）,,ok,
c3,CR,image,8,45,dd00d4ae604259d9,ok,カモ（ラベルガン・写真カモ）,,ok,
c3,CR,image,8,46,9856bd4e230ed3d8,ok,ハクチョウ+カモ（コクチョウ、ハトも）（ラベルガン・写真ハクチョウ）,,ok,
c3,CR,image,8,47,90988bc54d845592,ok,ハクチョウ（コクチョウ）,,ok,
c3,CR,image,8,48,6c403fe46bccb17e,ok,ハクチョウ,,ok,
c3,CR,image,8,49,65e297831c751675,ok,ハクチョウ（コクチョウ）,,ok,
c3,CR,image,8,50,77bfbbef28ac344c,ok,カモ（オシドリ）,,ok,
c3,CR,image,8,51,7c5a386015a1cf89,ok,カモ,,ok,
c3,CR,image,8,52,fbe34f827ba64b67,ok,ハクチョウ（ニュース画面）,,ok,
c3,CR,image,8,53,63321f1973f5cce9,ok,ハクチョウ,,ok,
c3,CR,image,8,54,cbe005c8b3e5730e,ok,ハクチョウ,,ok,
c3,CR,image,8,55,ab56f23fa316ad56,ok,カモ,,ok,
c3,CR,image,9,56,64e48b07e9a2add5,ok,ガン（写真はガン）,,ok,
c3,CR,image,9,57,a292025d2530ca80,ok,ハクチョウ（コクチョウ）,,ok,
c3,CR,image,9,58,e6f42985d808d61b,ok,ハクチョウ（コクチョウ）,,ok,
c3,CR,image,9,59,54b37811bb5e40ad,ok,ガン,,ok,
c3,CR,image,9,60,c30fbf9fe5fd93df,ok,ガン,,ok,
c3,CR,image,9,61,aca6645d590aa23f,ok,ガン,,ok,
c3,CR,image,9,62,33ae590a0d97b084,ok,ガン,,ok,
c3,CR,image,9,63,679a5e597d44671f,ok,ガン,,ok,
c3,CR,image,9,64,e8fbe13cc8504f51,ok,ガン,,ok,
c3,CR,image,10,65,64333d483e03c680,ok,カモ（奥の白い鳥は不明）,奥の白い物はぼけていて、種は決めきれない,ok,
c3,CR,image,10,66,79220d3b1f196fcd,ok,ペリカン、右端不明,右端の物は小さく、鳥かどうかも決めきれない,ok,
c3,CR,image,10,67,3eaf885ee61c3999,ok,カモ+ハクチョウ（カモの群れとハクチョウが両方写る）,中央の水しぶきの群れに「ガン」の枠があるが、大きさ・形は周りのカモと同じに見え、ガンかは決めきれない,ok,
c3,CR,slide,2,,,ok,最多の「ガン→ハクチョウ」13枚で、ガンと確かめられたのは1枚,ほかの12枚にガンは写っていない。その1枚（#1）は逆光のシルエットで、形はガンと矛盾しないが種は決めきれない,ok,
c3,CR,slide,2,,,ok,写真はハクチョウ7枚、6種以外の鳥が主役5枚、ガン1枚,,ok,
c3,CR,slide,4,,,ok,ラベルが合わない34枚のうち23枚は、モデルの答えが写真に合う,表示の8枚はすべてラベルが写真と合わず予測が合う。23枚は付録（スライド8・9）の全数とも合う,ok,
c3,CR,slide,4,,,ok,ラベルがガンの14枚は、写真ではハクチョウ7枚・カモ7枚,,ok,
c3,CR,slide,4,,,ok,ラベルがカモ・ハクチョウの9枚は、写真ではガン7枚・ハクチョウ2枚,,ok,
c3,CR,slide,5,,,ok,残る11枚のうち8枚には、6種のどれも写っていない,番号付きの6枚（サギ・チドリの仲間・オオバン2枚・カツオドリ・バン）に6種は写っていない,ok,
c3,CR,slide,6,,,ok,モデル自身の誤り13枚のうち10枚は、黒いハクチョウ（コクチョウ）,,ok,
c3,CR,slide,6,,,ok,コクチョウ10枚を、ガン9枚・カモ1枚と答えた,,ok,
c3,CR,slide,6,,,ok,残る3枚は、ガンの逆光のシルエットと、カモ2枚,シルエット（#35）は種を決めきれない,ok,
c3,CR,slide,8,,,ok,ラベルがガンの14枚は、写真ではハクチョウ7枚とカモ7枚,#42 は頭の接写で種は決めきれないが、カモと矛盾しない,ok,
c3,CR,slide,9,,,ok,ラベルがカモ・ハクチョウの9枚は、写真ではガン7枚とハクチョウ2枚,,ok,
c3,CR,slide,10,,,ok,判別できない3枚と両方写る1枚は、決め手の鳥が端や奥にいる,#66 の右端の物は小さく、鳥かどうかも決めきれない,ok,
c3,CR,slide,10,,,ok,判別できない3枚は、ラベルのクラスが枠の中の鳥かどうかを決められない,,ok,
c3,CR,slide,10,,,ok,右下の1枚は、カモの群れとハクチョウが両方写る,,ok,
c4,CR,image,2,1,8c9b3a301f8b5d42,ok,ガン／逆光のシルエット,逆光で細部は見えないが、首の長い大型の水鳥4羽が飛ぶ姿で、ガンと見て矛盾しない,ok,
c4,CR,image,2,2,9856bd4e230ed3d8,ok,ハクチョウ+カモ／コクチョウ、ハトも,中央にコクチョウ、右下と左奥・首の後ろに茶色のカモ、下と左にハト,ok,
c4,CR,image,2,3,cfae99f4ad4dfd04,ok,サギ,飛ぶアオサギ,ok,
c4,CR,image,2,4,90988bc54d845592,ok,ハクチョウ／コクチョウ,,ok,
c4,CR,image,2,5,6c403fe46bccb17e,ok,ハクチョウ,白いハクチョウ2羽,ok,
c4,CR,image,2,6,a421bd70e3bc83b0,ok,カモ／主役はサギ,手前のコサギの後ろにマガモの雄が飛ぶ,ok,
c4,CR,image,2,7,79220d3b1f196fcd,ok,ペリカン、右端不明,ペリカン2羽。右端の中ほどの灰色の物は一部だけで決めきれない,ok,
c4,CR,image,2,8,65e297831c751675,ok,ハクチョウ／コクチョウ,,ok,
c4,CR,image,2,9,fbe34f827ba64b67,ok,ハクチョウ／ニュース画面,,ok,
c4,CR,image,2,10,63321f1973f5cce9,ok,ハクチョウ,,ok,
c4,CR,image,2,11,cbe005c8b3e5730e,ok,ハクチョウ,ハクチョウ3羽（うち2羽は若鳥）,ok,
c4,CR,image,4,12,9856bd4e230ed3d8,ok,ハクチョウ+カモ／コクチョウ、ハトも（ラベルがガン）,#2と同じ写真,ok,
c4,CR,image,4,13,818e6f19db055919,ok,カモ／ツクシガモの仲間（ラベルがガン）,ツクシガモ類の雄が杭の上で羽づくろい,ok,
c4,CR,image,4,14,fbe34f827ba64b67,ok,ハクチョウ／ニュース画面（ラベルがガン）,,ok,
c4,CR,image,4,15,77bfbbef28ac344c,ok,カモ／オシドリ（ラベルがガン）,オシドリの雄,ok,
c4,CR,image,4,16,64e48b07e9a2add5,ok,ガン（ラベルがカモ・ハクチョウ）,カナダガン1羽,ok,
c4,CR,image,4,17,c30fbf9fe5fd93df,ok,ガン（ラベルがカモ・ハクチョウ）,翼の先が黒い白いガン（ハクガン類）2羽が飛ぶ,ok,
c4,CR,image,4,18,e6f42985d808d61b,ok,ハクチョウ／コクチョウ（ラベルがカモ・ハクチョウ）,コクチョウ2羽,ok,
c4,CR,image,4,19,679a5e597d44671f,ok,ガン（ラベルがカモ・ハクチョウ）,カナダガン1羽,ok,
c4,CR,image,5,20,a5536024ebd69580,ok,ハクチョウ／コクチョウ（ラベルとも予測とも違うクラスが写る）,,ok,
c4,CR,image,5,21,cfae99f4ad4dfd04,ok,サギ（6種のどれも写らない）,,ok,
c4,CR,image,5,22,c0e238dad14e2833,ok,チドリの仲間（6種のどれも写らない）,芝の上にトサカゲリ類5羽,ok,
c4,CR,image,5,23,895dbfa06f80d04b,ok,ハクチョウ／コクチョウ（ラベルとも予測とも違うクラスが写る）,,ok,
c4,CR,image,5,24,bfdb4c1235db8a5f,ok,オオバン（6種のどれも写らない）,,ok,
c4,CR,image,5,25,498ae254e1ce2c98,ok,オオバン（6種のどれも写らない）,,ok,
c4,CR,image,5,26,75798b9525b6d72c,ok,カツオドリ（6種のどれも写らない）,シロカツオドリ類の群れ,ok,
c4,CR,image,5,27,cb6d8783a3617620,ok,バン（6種のどれも写らない）,バン2羽,ok,
c4,CR,image,5,28,a421bd70e3bc83b0,ok,カモ／主役はサギ（ラベルとも予測とも違うクラスが写る）,#6と同じ写真。コサギの後ろにマガモの雄,ok,
c4,CR,image,6,29,8c34199588023f39,ok,ハクチョウ／コクチョウ（モデル自身の誤り）,,ok,
c4,CR,image,6,30,1cfc18d13e57ce38,ok,ハクチョウ／コクチョウ（モデル自身の誤り）,,ok,
c4,CR,image,6,31,768b6f700c9b6f72,ok,ハクチョウ／コクチョウ（モデル自身の誤り）,,ok,
c4,CR,image,6,32,62439d385f495f5f,ok,ハクチョウ／コクチョウ（モデル自身の誤り）,,ok,
c4,CR,image,6,33,a0c526719a3f9b0f,ok,ハクチョウ／コクチョウ（モデル自身の誤り）,,ok,
c4,CR,image,6,34,d21534a1cca6ec2d,ok,カモ（そのほか、モデル自身の誤り）,手前は黒い頭に赤い嘴のハジロ類の雄でカモ。奥（上）の茶色の鳥はぼけていて、カモかガンか決めきれない,ok,
c4,CR,image,6,35,8c9b3a301f8b5d42,ok,ガン／逆光のシルエット（そのほか）,#1と同じ写真,ok,
c4,CR,image,6,36,eb1b1ae30dfe0859,ok,ハクチョウ+カモ／コクチョウ（モデル自身の誤り）,手前にコクチョウ2羽。奥と左端の小さな鳥はカモの枠があり、小さく決めきれないが矛盾しない,ok,
c4,CR,image,6,37,564baccf777e1ec7,ok,ハクチョウ／コクチョウ（モデル自身の誤り）,,ok,
c4,CR,image,6,38,8f70ee9ebc91fad6,ok,ハクチョウ／コクチョウ（モデル自身の誤り）,,ok,
c4,CR,image,6,39,e622d2cf834e64dd,ok,ハクチョウ／コクチョウ（モデル自身の誤り）,,ok,
c4,CR,image,6,40,0ea78a8ea4e50ab1,ok,ハクチョウ／コクチョウ（モデル自身の誤り）,,ok,
c4,CR,image,6,41,ea3604d122a4e6b8,ok,カモ（そのほか、モデル自身の誤り）,アメリカヒドリの雄,ok,
c4,CR,image,8,42,cf5d6bc1ade7ff18,ok,カモ／頭の接写（ラベルガン・写真カモ）,嘴の形からカモ（ケワタガモ類の若鳥）の頭の接写と見て矛盾しない,ok,
c4,CR,image,8,43,e9b707f0234531df,ok,カモ／リュウキュウガモ類（ラベルガン・写真カモ）,足の長い茶色のリュウキュウガモ類の群れ,ok,
c4,CR,image,8,44,818e6f19db055919,ok,カモ／ツクシガモの仲間（ラベルガン・写真カモ）,#13と同じ写真,ok,
c4,CR,image,8,45,dd00d4ae604259d9,ok,カモ（ラベルガン・写真カモ）,羽ばたくマガモの雌、右にマガモの雄、ほかに茶色のカモ,ok,
c4,CR,image,8,46,9856bd4e230ed3d8,ok,ハクチョウ+カモ／コクチョウ、ハトも（ラベルガン・写真ハクチョウ）,#2と同じ写真,ok,
c4,CR,image,8,47,90988bc54d845592,ok,ハクチョウ／コクチョウ（ラベルガン・写真ハクチョウ）,,ok,
c4,CR,image,8,48,6c403fe46bccb17e,ok,ハクチョウ（ラベルガン・写真ハクチョウ）,,ok,
c4,CR,image,8,49,65e297831c751675,ok,ハクチョウ／コクチョウ（ラベルガン・写真ハクチョウ）,,ok,
c4,CR,image,8,50,77bfbbef28ac344c,ok,カモ／オシドリ（ラベルガン・写真カモ）,,ok,
c4,CR,image,8,51,7c5a386015a1cf89,ok,カモ（ラベルガン・写真カモ）,マガモの雄,ok,
c4,CR,image,8,52,fbe34f827ba64b67,ok,ハクチョウ／ニュース画面（ラベルガン・写真ハクチョウ）,,ok,
c4,CR,image,8,53,63321f1973f5cce9,ok,ハクチョウ（ラベルガン・写真ハクチョウ）,,ok,
c4,CR,image,8,54,cbe005c8b3e5730e,ok,ハクチョウ（ラベルガン・写真ハクチョウ）,,ok,
c4,CR,image,8,55,ab56f23fa316ad56,ok,カモ（ラベルガン・写真カモ）,マガモの雌,ok,
c4,CR,image,9,56,64e48b07e9a2add5,ok,ガン（写真はガン）,カナダガン,ok,
c4,CR,image,9,57,a292025d2530ca80,ok,ハクチョウ／コクチョウ（写真はハクチョウ）,コクチョウ。右端の灰色の小さな鳥はコクチョウのひなに見え、カモではない,ok,
c4,CR,image,9,58,e6f42985d808d61b,ok,ハクチョウ／コクチョウ（写真はハクチョウ）,コクチョウ2羽,ok,
c4,CR,image,9,59,54b37811bb5e40ad,ok,ガン（写真はガン）,カナダガン2羽,ok,
c4,CR,image,9,60,c30fbf9fe5fd93df,ok,ガン（写真はガン）,#17と同じ写真,ok,
c4,CR,image,9,61,aca6645d590aa23f,ok,ガン（写真はガン）,ハイイロガン類3羽,ok,
c4,CR,image,9,62,33ae590a0d97b084,ok,ガン（写真はガン）,カナダガン2羽（1羽は羽ばたく）,ok,
c4,CR,image,9,63,679a5e597d44671f,ok,ガン（写真はガン）,カナダガン,ok,
c4,CR,image,9,64,e8fbe13cc8504f51,ok,ガン（写真はガン）,カナダガン2羽,ok,
c4,CR,image,10,65,64333d483e03c680,ok,カモ（奥の白い鳥は不明）,手前と左奥はカモ。右奥の白い鳥はぼけていて決めきれない,ok,
c4,CR,image,10,66,79220d3b1f196fcd,ok,ペリカン、右端不明,#7と同じ写真。右端の灰色の物は一部だけで決めきれない,ok,
c4,CR,image,10,67,3eaf885ee61c3999,ok,カモ+ハクチョウ,水面に多数のカモ、右下の端にハクチョウ1羽,ok,
c4,CR,slide,2,,,ok,13枚でガンと確かめられたのは1枚,番号付きの写真でガンは#1だけ。#1は逆光のシルエットだが、首の長い大型の水鳥でガンと見て矛盾しない,ok,
c4,CR,slide,2,,,ok,写真はハクチョウ7枚、6種以外の鳥が主役5枚、ガン1枚,番号付きの写真と合う（番号のないカモメ・ハトの2枚は元の写真なし）,ok,
c4,CR,slide,4,,,ok,ラベルが合わない34枚のうち23枚は、モデルの答えが写真に合う,付録の23枚で予測のクラスが写っている,ok,
c4,CR,slide,4,,,ok,ラベルがガンの14枚は、写真ではハクチョウ7枚・カモ7枚,,ok,
c4,CR,slide,4,,,ok,ラベルがカモ・ハクチョウの9枚は、写真ではガン7枚・ハクチョウ2枚,,ok,
c4,CR,slide,5,,,ok,残る11枚のうち8枚には、6種のどれも写っていない,番号付きの6枚はサギ・トサカゲリ類・オオバン・カツオドリ類・バンのみ,ok,
c4,CR,slide,6,,,ok,モデル自身の誤り13枚のうち10枚はコクチョウ,,ok,
c4,CR,slide,6,,,ok,残る3枚は、ガンの逆光のシルエットと、カモ2枚,#34の奥の茶色の鳥は決めきれない,ok,
c4,CR,slide,8,,,ok,ラベルがガンの14枚は、写真ではハクチョウ7枚とカモ7枚,,ok,
c4,CR,slide,9,,,ok,ラベルがカモ・ハクチョウの9枚は、写真ではガン7枚とハクチョウ2枚,,ok,
c4,CR,slide,10,,,ok,判別できない3枚と両方写る1枚は、決め手の鳥が端や奥にいる,#65は奥、#66は右端、#67は右下の端,ok,
c4,CR,slide,10,,,ok,判別できない3枚は、ラベルのクラスが枠の中の鳥かどうかを決められない,#65・#66の枠の中は写真でも決めきれない,ok,
c4,CR,slide,10,,,ok,右下の1枚は、カモの群れとハクチョウが両方写る,,ok,
c4,SB,image,4,1,cf5d6bc1ade7ff18,ok,カモ（頭だけ）,嘴の形からカモ（ケワタガモ類の若鳥）の頭の接写と見て矛盾しない,ok,
c4,SB,image,4,2,64e48b07e9a2add5,ok,ガン,カナダガン1羽,ok,
c4,SB,image,4,3,aca6645d590aa23f,ok,ガン,ハイイロガン類3羽,ok,
c4,SB,image,4,4,6c403fe46bccb17e,ok,ハクチョウ,白いハクチョウ2羽,ok,
c4,SB,image,4,5,e9b707f0234531df,ok,カモ,足の長い茶色のリュウキュウガモ類の群れ,ok,
c4,SB,image,4,6,c30fbf9fe5fd93df,ok,ガン,翼の先が黒い白いガン（ハクガン類）2羽が飛ぶ,ok,
c4,SB,image,4,7,33ae590a0d97b084,ok,ガン,カナダガン2羽（1羽は羽ばたく）,ok,
c4,SB,image,4,8,65e297831c751675,ok,黒ハクチョウ,コクチョウ（白黒写真）,ok,
c4,SB,image,4,9,cbe005c8b3e5730e,ok,ハクチョウ,ハクチョウ3羽（うち2羽は若鳥）,ok,
c4,SB,image,4,10,e8fbe13cc8504f51,ok,ガン,カナダガン2羽,ok,
c4,SB,image,4,11,ab56f23fa316ad56,ok,カモ,マガモの雌,ok,
c4,SB,image,4,12,7c5a386015a1cf89,ok,カモ,マガモの雄,ok,
c4,SB,image,5,13,75798b9525b6d72c,ok,カツオドリ（写るのは6種以外の鳥）,シロカツオドリ類の群れ,ok,
c4,SB,image,5,14,895dbfa06f80d04b,ok,黒ハクチョウ（ラベルとも予測とも違うクラスが写る）,芝の上のコクチョウ,ok,
c4,SB,image,5,15,a5536024ebd69580,ok,黒ハクチョウ（ラベルとも予測とも違うクラスが写る）,水上のコクチョウ,ok,
c4,SB,image,5,16,c0e238dad14e2833,ok,ケリの仲間（写るのは6種以外の鳥）,芝の上にトサカゲリ類5羽,ok,
c4,SB,image,5,17,cb6d8783a3617620,ok,バン（写るのは6種以外の鳥）,バン2羽,ok,
c4,SB,image,5,18,cfae99f4ad4dfd04,ok,サギ（写るのは6種以外の鳥）,飛ぶアオサギ,ok,
c4,SB,image,5,19,bfdb4c1235db8a5f,ok,オオバン（写るのは6種以外の鳥）,,ok,
c4,SB,image,5,20,498ae254e1ce2c98,ok,オオバン（写るのは6種以外の鳥）,,ok,
c4,SB,image,5,21,a421bd70e3bc83b0,ok,カモ（コサギ）（ラベルとも予測とも違うクラスが写る）,手前のコサギの後ろにマガモの雄が飛び、カモとコサギの両方が写る,ok,
c4,SB,image,6,22,62439d385f495f5f,ok,黒ハクチョウ,,ok,
c4,SB,image,6,23,1cfc18d13e57ce38,ok,黒ハクチョウ,,ok,
c4,SB,image,6,24,564baccf777e1ec7,ok,黒ハクチョウ,,ok,
c4,SB,image,6,25,ea3604d122a4e6b8,ok,カモ,アメリカヒドリの雄,ok,
c4,SB,image,6,26,768b6f700c9b6f72,ok,黒ハクチョウ,,ok,
c4,SB,image,6,27,eb1b1ae30dfe0859,ok,黒ハクチョウ+カモ,手前にコクチョウ2羽。奥と左端の小さな鳥はカモの枠があり、小さく決めきれないが矛盾しない,ok,
c4,SB,image,6,28,a0c526719a3f9b0f,ok,黒ハクチョウ,,ok,
c4,SB,image,6,29,0ea78a8ea4e50ab1,ok,黒ハクチョウ,,ok,
c4,SB,image,6,30,8c34199588023f39,ok,黒ハクチョウ,,ok,
c4,SB,image,6,31,8f70ee9ebc91fad6,ok,黒ハクチョウ,,ok,
c4,SB,image,6,32,e622d2cf834e64dd,ok,黒ハクチョウ,,ok,
c4,SB,image,6,33,d21534a1cca6ec2d,ok,カモ,手前は黒い頭に赤い嘴のハジロ類の雄でカモ。奥（上）の茶色の鳥はぼけていて、カモかガンか決めきれない,ok,
c4,SB,image,8,34,cbe005c8b3e5730e,ok,ハクチョウ,ハクチョウ3羽,ok,
c4,SB,image,8,35,fbe34f827ba64b67,ok,ハクチョウ,ニュース画面のハクチョウ,ok,
c4,SB,image,8,36,9856bd4e230ed3d8,ok,黒ハクチョウ+カモ,中央にコクチョウ、右下などに茶色のカモ（ほかにハトも写る）,ok,
c4,SB,image,8,37,90988bc54d845592,ok,黒ハクチョウ,,ok,
c4,SB,image,8,38,7c5a386015a1cf89,ok,カモ,マガモの雄,ok,
c4,SB,image,8,39,818e6f19db055919,ok,カモ,ツクシガモ類の雄が杭の上で羽づくろい,ok,
c4,SB,image,8,40,ab56f23fa316ad56,ok,カモ,マガモの雌,ok,
c4,SB,image,8,41,77bfbbef28ac344c,ok,カモ,オシドリの雄,ok,
c4,SB,image,8,42,63321f1973f5cce9,ok,ハクチョウ,白いハクチョウ2羽,ok,
c4,SB,image,8,43,6c403fe46bccb17e,ok,ハクチョウ,白いハクチョウ2羽,ok,
c4,SB,image,8,44,65e297831c751675,ok,黒ハクチョウ,コクチョウ（白黒写真）,ok,
c4,SB,image,8,45,e9b707f0234531df,ok,カモ,リュウキュウガモ類の群れ,ok,
c4,SB,image,8,46,cf5d6bc1ade7ff18,ok,カモ（頭だけ）,#1と同じ写真,ok,
c4,SB,image,8,47,dd00d4ae604259d9,ok,カモ,羽ばたくマガモの雌、右にマガモの雄、ほかに茶色のカモ,ok,
c4,SB,image,10,48,79220d3b1f196fcd,ok,ペリカン・端に雛（群: 決めきれない4枚）,ペリカン2羽。右端の中ほどの灰色の物は一部だけで、雛かどうか決めきれない,ok,
c4,SB,image,10,49,64333d483e03c680,ok,カモ（奥に白い鳥）（群: 決めきれない4枚）,手前と左奥はカモ。右奥の白い鳥はぼけていて種は決めきれない,ok,
c4,SB,slide,4,,,ok,ラベルが合わない34枚のうち23枚は、モデルの答えが写真に合う,本編と付録に出た19枚は合う。ラベルがカモ・ハクチョウの残り4枚はこのデッキに写真がない,ok,
c4,SB,slide,4,,,ok,カナダガンに「カモ」、マガモに「ガン」、白いハクチョウに「ガン」のラベル,#2・#7・#10、#11・#12、#4・#9と合う,ok,
c4,SB,slide,5,,,ok,残り11枚のうち8枚は、6種以外の鳥の写真,番号付きの6枚はカツオドリ類・トサカゲリ類・バン・サギ・オオバンのみ,ok,
c4,SB,slide,5,,,ok,カツオドリ・カモメ・サギ・オオバンなどに「ガン」「カモ」「ハクチョウ」のラベル,,ok,
c4,SB,slide,6,,,ok,モデル自身の誤り12枚のうち10枚は、黒いハクチョウの写真,,ok,
c4,SB,slide,8,,,ok,「ガン」のラベルが付いた14枚は、写真ではハクチョウかカモ,,ok,
c4,SB,slide,10,,,ok,決めきれない4枚は、端・奥・逆光の鳥が何の種か見分けられない,#48は右端、#49は奥の鳥が写真でも決めきれない,ok,
