deck,slide,claim_prefix,verdict,reason
change-fable-S4-r1,5,1枚には動物が写っていない,ng,車の写真のエンジンルームに白いヤギが写る（元画像を拡大して確認）
change-sonnet-S4-r1,6,赤い車の写真にはヤギのラベルがあり、動物が写っていない,ng,同上
change-fable-S4-r1,5,画像ごとの説明（実はヤギ・実はラマ・車だけが写る,partial,「車だけが写る」はエンジンルームのヤギを見落としている
image-opus-S3-r2,3,正しくヤギの群の画像ごとの説明,partial,「6クラス外」の車の写真にはヤギが写る
image-opus-S3-r2,8,タイトル: 正しくヤギと判定された23枚にも、ヤギでない写真が2枚ある,partial,2枚のうち車の写真にはヤギが写る（ビッグホーンは合う）
change-sonnet-S0-r1,7,タイトル: 新たに間違えた③,partial,6枚のうち車の写真はヤギが写っていてラベルと合う
change-sonnet-S0-r1,7,車の写真に「ヤギ」と答えた旧版が「正解」扱い,partial,車の写真にはヤギが写るので、ラベルの誤りとは言えない
image-sonnet-S0-r1,11,タイトル: 正解にも、車の写真と紙一重の正解が混ざっている,partial,車の写真にはヤギが写る
image-sonnet-S0-r1,11,#1 写っているのは車,partial,車のほかにエンジンルームのヤギが写る
image-fable-S0-r2,5,点線の1枚は、車の写真が「ヤギ」で正解扱い,partial,車の写真にはヤギが写るので、正解扱いは誤りとは言えない
image-fable-S1-r1,4,見出し「当てた家畜のヤギ 16枚」,partial,車の写真にもヤギは写るが、牧場や小屋の写真ではない（確認者の ng を改めた）
image-opus-S3-r1,10,タイトル: ヤギのラベル40枚には、野生種22枚と自動車1枚が入っている,partial,「自動車」の写真にはヤギが写る
image-opus-S0-r1,4,本文: 正解「ヤギ」40枚を写っているもので分けた,partial,「車1枚」の写真にはヤギが写る
image-opus-S0-r1,9,画像ごとの説明（車（ポンティアックGTO,partial,車の写真にはヤギが写る（ラベル誤りの例としては合わない）
image-opus-S0-r2,4,ヤギではない写真3枚（オリックス2・車1）,partial,車の写真にはヤギが写る
image-opus-S0-r2,7,正解ラベルが写真と合わない画像は、ほかにもある。正解扱いの中にも,partial,正解扱いの例の車の写真にはヤギが写る
change-sonnet-S4-r1,6,残る5枚のうち3枚は、正解ラベルのほうが写真と合っていない,partial,3枚のうち車の写真はヤギが写っていてラベルと合う
change-opus-S4-r1,5,入れ替わった28枚のうち6枚は、正解ラベルのほうが写真と違う,partial,6枚のうち車の写真はヤギが写っていてラベルと合う
image-opus-S4-r1,4,正解がヤギの40枚から、ヤギ以外が写った5枚,partial,「ヤギ以外」の車の写真にはヤギが写る
change-fable-S0-r1,6,右下は車のエンジンルームにヤギが見える写真,ok,元画像を拡大するとエンジンルームに白いヤギが写る
