checker,code,deck,slide,verdict,final,claim,detail,adjudication
c1,AA,image-opus-S3-r2,2,partial,partial,タイトル: 誤り28枚のうち12枚は、ヤギを鹿と間違えた写真だ,「ヤギ→鹿」の群は12枚で、11枚は岩場や斜面の野生のヤギ類。ただし2段目の左端はオリックス（長くまっすぐな角、白黒の顔）で、ヤギではない（正解ラベル上はヤギ）,
c1,AA,image-opus-S3-r2,2,ok,ok,誤った28枚をすべて表示,12+7+3+3+3=28枚,
c1,AA,image-opus-S3-r2,2,ok,ok,見出し「ヤギ → 鹿 12枚」（正解→予測）,12枚。正解ラベル基準の見出しと明記されている,
c1,AA,image-opus-S3-r2,2,ok,ok,見出し「その他 7枚」と各画像の正解→予測（羊→鹿2・ヤギ→羊2・鹿→ヤギ・鹿→牛・馬→牛）,7枚。データは図に無いが、スライド3〜5の同じ画像の表示と一致,
c1,AA,image-opus-S3-r2,2,ok,ok,見出し「羊 → 牛 3枚」「ヤギ → 牛 3枚」「牛 → 羊 3枚」,各3枚。スライド4・5の上段の表示と一致,
c1,AA,image-opus-S3-r2,3,ok,ok,タイトル: 鹿と判定した14枚に、家畜のヤギや羊は1枚もいない,14枚は岩場・山の野生のヤギ類、ムフロン、オリックス。3段目左から3枚目の黒っぽいヤギは野生か家畜か決めきれないが、明らかな家畜はいない,
c1,AA,image-opus-S3-r2,3,partial,partial,見出し「鹿と判定した ヤギ・羊 14枚」,14枚は合う。3段目右端はオリックスで、ヤギ・羊ではない（画像下の説明も「6クラス外」）,
c1,AA,image-opus-S3-r2,3,ok,ok,鹿の群の画像ごとの説明: 野生種13・6クラス外1,13枚は野生のヤギ・羊類、6クラス外はオリックス,
c1,AA,image-opus-S3-r2,3,ok,ok,オリックスは次の8枚にも入る,スライド4の左から4枚目と同じ画像,
c1,AA,image-opus-S3-r2,3,ok,ok,見出し「正しくヤギと判定 23枚」,8+8+7=23枚,
c1,AA,image-opus-S3-r2,3,ok,partial,正しくヤギの群の画像ごとの説明: 家畜のヤギ15・野生種7・6クラス外1,2・3段目の15枚は家畜のヤギ、1段目の7枚は岩場などの角のある野生の動物、6クラス外は赤い自動車,「6クラス外」の車の写真にはヤギが写る
c1,AA,image-opus-S3-r2,3,ok,ok,家畜のヤギ18枚は、1枚も鹿と判定されていない,鹿の群に家畜のヤギはいない。18枚は本スライドの15枚とスライド5の3枚（正解ラベルがヤギのもの）で合う,
c1,AA,image-opus-S3-r2,3,ok,ok,両群とも全数を表示,14枚と23枚,
c1,AA,image-opus-S3-r2,4,ok,ok,タイトル: 誤りのうち8枚は、写っている動物が正解ラベルと食い違う,7枚は明らかにラベルと違う動物。左から3枚目（ヤギ→牛）は遠くの白い動物で、ラベルと違うかは画像から決めきれない,
c1,AA,image-opus-S3-r2,4,ok,ok,6クラス外: オリックス（左から1・4枚目）・エランド（2枚目）,,
c1,AA,image-opus-S3-r2,4,unknown,unknown,オリックス（左から3枚目）,柵のある草地に白い動物が遠く小さく写るだけで、角の形が見えず、オリックスかヤギか決めきれない,
c1,AA,image-opus-S3-r2,4,ok,ok,6クラス内の別の動物: ヤギを牛・羊ラベル（家畜のヤギ、左から5・8枚目）,,
c1,AA,image-opus-S3-r2,4,ok,ok,野生の羊を牛・ヤギラベル: ビッグホーン（左から7枚目）,大きく巻いた角の野生の羊,
c1,AA,image-opus-S3-r2,4,unknown,unknown,ビッグホーン（左から6枚目）,岩場の薄茶色の群れで、ビッグホーン（野生の羊）かほかの野生種か決めきれない,
c1,AA,image-opus-S3-r2,4,ok,ok,8枚をすべて表示,8枚,
c1,AA,image-opus-S3-r2,4,ok,ok,上段の正解ラベル→予測,データは図に無いが、スライド2の群分けと一致,
c1,AA,image-opus-S3-r2,5,ok,ok,タイトル: 残る7枚は、ラベルどおりの動物を牛や羊と取り違えた,鹿ラベルに雪原の鹿、ヤギに家畜のヤギ、羊に羊、馬に荷を積んだ馬類が写る,
c1,AA,image-opus-S3-r2,5,ok,ok,牛と判定 5枚: 羊2・家畜のヤギ1・エルク（鹿）1,4・5枚目は羊、2枚目は路地の白いヤギ、1枚目は雪原の鹿,
c1,AA,image-opus-S3-r2,5,unknown,unknown,ラバ（左から3枚目）,荷を積んだ馬類で、ラバか馬かは画像から決めきれない,
c1,AA,image-opus-S3-r2,5,ok,ok,羊と判定 2枚: 白い家畜のヤギ（左から6枚目）,納屋の前の白いヤギ,
c1,AA,image-opus-S3-r2,5,unknown,unknown,白い家畜のヤギ（左から7枚目）,岩場の急斜面の白いヤギで、家畜か野生のヤギ（シロイワヤギなど）か決めきれない,
c1,AA,image-opus-S3-r2,5,ok,ok,7枚をすべて表示,7枚,
c1,AA,image-opus-S3-r2,5,ok,ok,上段の正解ラベル→予測,データは図に無いが、スライド2の群分けと一致,
c1,AA,image-opus-S3-r2,6,ok,ok,タイトル: 誤り28枚を見ると、打ち手はラベル8・範囲13・モデル7に分かれる,8+13+7=28枚。各群はスライド4・3・5の画像と一致,
c1,AA,image-opus-S3-r2,6,ok,ok,見出し「ラベルを直す 8枚」,8枚。スライド4の8枚と同じ,
c1,AA,image-opus-S3-r2,6,ok,ok,見出し「対象範囲を決める 13枚」（野生のヤギ・羊）,13枚。スライド3の鹿の群からオリックスを除いた野生のヤギ・羊類,
c1,AA,image-opus-S3-r2,6,ok,ok,見出し「モデルで直す 7枚」,7枚。スライド5の7枚と同じ,
c1,AA,image-opus-S3-r2,6,ok,ok,誤り28枚をすべて表示,28枚,
c1,AA,image-opus-S3-r2,8,ok,partial,タイトル: 正しくヤギと判定された23枚にも、ヤギでない写真が2枚ある,ビッグホーン（野生の羊）と赤い自動車で、どちらもヤギではない,2枚のうち車の写真にはヤギが写る（ビッグホーンは合う）
c1,AA,image-opus-S3-r2,8,ok,ok,2枚とも正解ラベルはヤギで、モデルもヤギと判定した,データは図に無いが、スライド3の「正しくヤギと判定」の群に同じ2枚がある,
c1,AA,image-opus-S3-r2,8,unknown,unknown,自動車は撮影者の題名が「GTO: One Goatpower」だ,撮影者の題名は画像から確かめられない（車の前面に GTO の文字は見える）,
c1,AA,image-opus-S3-r2,8,unknown,unknown,23枚のうち該当する2枚をすべて表示,スライド3の野生種7枚には、巻いた角の個体など、ヤギか野生の羊か縮小画像では決めきれないものがある,
c1,AA,image-opus-S3-r2,8,ok,ok,画像ごとの説明「ビッグホーン」「自動車」,,
c1,AB,change-sonnet-S0-r1,4,ok,ok,タイトル: 直った12枚：旧版が「鹿」と見誤った角のある山の動物6枚が、ヤギに,12枚すべて旧×・新○。上段6枚（#1〜6）はマーコール・シャモア・アイベックス類など角のある山の動物で、旧 鹿→新 ヤギ,
c1,AB,change-sonnet-S0-r1,4,ok,ok,各写真の「正解・旧・新」と○×,12枚ともデータと一致,
c1,AB,change-sonnet-S0-r1,4,ok,ok,上の6枚：旧版が「鹿」と誤答 → 新版で「ヤギ」,#1〜6,
c1,AB,change-sonnet-S0-r1,4,ok,ok,下の6枚：旧版は牛（1枚だけ羊）と誤答、羊の写真2枚を含む,旧は牛5・羊1（#8）。#9・#10 は羊。#7 も野生の羊だが、次の文で別に取り上げている,
c1,AB,change-sonnet-S0-r1,4,ok,ok,「Bighorn sheep」の題名の1枚（下段左端）は、正解ラベルが「ヤギ」で疑わしい,下段左端は #7。大きく巻いた角の羊で、題名は Bighorn sheep、正解ラベルはヤギ,
c1,AB,change-sonnet-S0-r1,5,ok,ok,タイトル: 新たに間違えた①　ヤギ4枚が羊に、羊1枚がヤギに,#1〜4 は正解ヤギ・新 羊、#5 は正解羊・新 ヤギ。5枚とも旧○,
c1,AB,change-sonnet-S0-r1,5,ok,ok,旧版では正解だったふつうの白い家畜のヤギが、新版では羊になった,#1〜4 はいずれも白い家畜のヤギ,
c1,AB,change-sonnet-S0-r1,5,ok,ok,#1 白いヤギが横たわる,,
c1,AB,change-sonnet-S0-r1,5,ok,ok,#2 ヤギの子が哺乳瓶を飲む,,
c1,AB,change-sonnet-S0-r1,5,ok,ok,#3 白いヤギ2頭,,
c1,AB,change-sonnet-S0-r1,5,ok,ok,#4 ヤギの顔アップ,,
c1,AB,change-sonnet-S0-r1,5,ok,ok,#5 展示の野生の羊（ジオラマ）,巻いた角の羊の剥製と山の背景画,
c1,AB,change-sonnet-S0-r1,5,ok,ok,各写真の「正解・旧・新」と○×,5枚ともデータと一致,
c1,AB,change-sonnet-S0-r1,6,ok,ok,タイトル: 新たに間違えた②　牛：ふつうでない姿の牛が崩れる（5枚）,5枚とも正解牛・旧○・新×。泥の冬毛、バイソン、遠景、雪の中の遠い牛、ロデオ,
c1,AB,change-sonnet-S0-r1,6,ok,ok,牛は直った画像0枚、新たに間違えた画像6枚（ここに5枚、残り1枚は次のスライド）,ここに5枚。次のスライドの #4 が正解牛・旧○・新×。直った12枚に正解牛はない,
c1,AB,change-sonnet-S0-r1,6,ok,ok,旧版は、この5枚を確信度0.90以上で正解していた,旧の確信度 0.92・0.94・0.96・0.93・0.90,
c1,AB,change-sonnet-S0-r1,6,ok,ok,#1 泥まみれの冬毛の牛,,
c1,AB,change-sonnet-S0-r1,6,ok,ok,#2 バイソンの群れと子,,
c1,AB,change-sonnet-S0-r1,6,ok,ok,#3 遠景の黒い牛,岩の上の角のある黒い牛（子牛も写る）,
c1,AB,change-sonnet-S0-r1,6,ok,ok,#4 雪原の遠い牛,雪と霜の残る低木の原の奥に茶色い牛,
c1,AB,change-sonnet-S0-r1,6,ok,ok,#5 ロデオ会場の牛と馬,,
c1,AB,change-sonnet-S0-r1,6,ok,ok,各写真の「正解・旧・新」と○×,5枚ともデータと一致,
c1,AB,change-sonnet-S0-r1,7,ok,partial,タイトル: 新たに間違えた③　6枚は、そもそも正解ラベルが怪しい,車にヤギ、シロイワヤギに羊、リャマに羊、アダックスに牛、ボンゴに鹿、バーバリーシープにヤギのラベル。6枚とも旧○・新×,6枚のうち車の写真はヤギが写っていてラベルと合う
c1,AB,change-sonnet-S0-r1,7,ok,ok,#1 赤い車,,
c1,AB,change-sonnet-S0-r1,7,unknown,unknown,#1 題名に「Goat」,撮影者の題名は確認用の画像では切れていて見えない（車の前面に GTO の文字は見える）,
c1,AB,change-sonnet-S0-r1,7,ok,ok,#2 白いヤギ（ロッキーヤギ）に見える,雪の上の白く毛の長いヤギ2頭。題名も Mountain Goats,
c1,AB,change-sonnet-S0-r1,7,ok,ok,#3 リャマ（6クラスにない）,,
c1,AB,change-sonnet-S0-r1,7,ok,ok,#4 アダックス（アンテロープ）,ねじれた角の白いアンテロープ2頭,
c1,AB,change-sonnet-S0-r1,7,ok,ok,#5 ボンゴ（アンテロープ）,白い縞の赤茶色のアンテロープ,
c1,AB,change-sonnet-S0-r1,7,ok,ok,#6 バーバリーシープに見える,外へ大きく曲がる角の薄茶色の動物,
c1,AB,change-sonnet-S0-r1,7,ok,ok,各写真の「正解ラベル・旧・新」と○×,6枚ともデータと一致,
c1,AB,change-sonnet-S0-r1,7,ok,partial,車の写真に「ヤギ」と答えた旧版が「正解」扱い,#1 は正解ヤギ・旧 ヤギ○で、写っているのは車,車の写真にはヤギが写るので、ラベルの誤りとは言えない
c1,AC,image-sonnet-S0-r1,3,ok,ok,タイトル: その12枚の1枚目。牧場のヤギではなく、野生のマーコール,ねじれた大きな角と長い毛のマーコール,
c1,AC,image-sonnet-S0-r1,3,ok,ok,正解 ヤギ 予測 鹿,この写真のデータは切れているが、スライド4の #1（同じ写真）のデータと一致,
c1,AC,image-sonnet-S0-r1,3,ok,ok,撮影者のタイトルは “Markhor”(マーコール),スライド4の #1 の題名「Markhor Capra falconeri」と一致,
c1,AC,image-sonnet-S0-r1,3,ok,ok,大きくねじれた角と、たてがみのような毛を持つ野生のヤギ科,,
c1,AC,image-sonnet-S0-r1,3,ok,ok,モデルの確信度は 鹿 0.79、ヤギは 0.17,鹿 0.79 はデータと一致。ヤギ 0.17 はデータに無く確かめられない,
c1,AC,image-sonnet-S0-r1,4,ok,ok,タイトル: 「ヤギ→鹿」12枚のうち6枚。どれも野生のヤギ科の動物,6枚とも正解ヤギ・予測鹿。マーコール、アイベックス類、シャモアなど,
c1,AC,image-sonnet-S0-r1,4,ok,ok,#1 マーコール(タイトルより),,
c1,AC,image-sonnet-S0-r1,4,ok,ok,#2 山の斜面に立つ、角の反った野生の動物,,
c1,AC,image-sonnet-S0-r1,4,ok,ok,#3 撮影者のタイトルは “Stag”(雄鹿),題名「Stag」,
c1,AC,image-sonnet-S0-r1,4,ok,ok,#4 岩場の野生ヤギ(タイトル: Cabra salvatge),ガレ場に小さく写る。題名は「Cabra」まで見える,
c1,AC,image-sonnet-S0-r1,4,ok,ok,#5 シャモアの親子(タイトル: Camosci),,
c1,AC,image-sonnet-S0-r1,4,ok,ok,#6 ヌビアアイベックス(タイトルより),題名「Nubian ibex」,
c1,AC,image-sonnet-S0-r1,5,ok,ok,タイトル: 残りの6枚も野生か動物園。牧場のヤギは1枚もない,動物園のオリックス、動物園の岩場、山の斜面、断崖、シルエット、クレタの岩場。家畜のヤギはいない,
c1,AC,image-sonnet-S0-r1,5,ok,ok,#1 オリックスに見える。動物園(タイトルより),題名「Zoo Negara」,
c1,AC,image-sonnet-S0-r1,5,ok,ok,#2 動物園の岩場。タイトルは Mountain Goats,,
c1,AC,image-sonnet-S0-r1,5,ok,ok,#3 山の斜面に立つ、細身で角のある動物,,
c1,AC,image-sonnet-S0-r1,5,ok,ok,#4 断崖のアイベックス2頭(タイトルより),断崖に角のある2頭。題名は「A Pair of Firm Footed」までしか見えない,
c1,AC,image-sonnet-S0-r1,5,ok,ok,#5 逆光のシルエット,,
c1,AC,image-sonnet-S0-r1,5,unknown,unknown,#5 タイトルは Chamois,見える題名は「Valais」で始まり途中で切れていて、Chamois を含むか確かめられない,
c1,AC,image-sonnet-S0-r1,5,ok,ok,#6 クレタの野生ヤギ Kri-kri(タイトルより),"題名「Kri-kri goat, Samaria」",
c1,AC,image-sonnet-S0-r1,6,ok,ok,タイトル: ヤギの正解率57.5%は、性質の違う2種類の写真が混ざった値（写真の種類について）,例示は農場のヤギ3枚と、野生・動物園のヤギ科3枚,
c1,AC,image-sonnet-S0-r1,6,ok,ok,見出し「農場のヤギ 15/17枚が正解」と例3枚（正解✓）,#1〜3 は家畜のヤギで、3枚とも正解。15/17 は表示外を含み確かめられない,
c1,AC,image-sonnet-S0-r1,6,ok,ok,見出し「野生・動物園のヤギ科 7/21枚が正解」と例3枚（正解✓・誤り✗・誤り✗）,#4 は大きな角の野生種（正解）、#5・#6 は斜面とガレ場の野生種（予測 鹿）,
c1,AC,image-sonnet-S0-r1,6,unknown,unknown,ヤギ40枚の内訳(目視): 農場17・野生や動物園21・車1・判別不能1,40枚は表示されておらず確かめられない,
c1,AC,image-sonnet-S0-r1,7,ok,ok,タイトル: 誤り28枚を見て仕分けると、原因は3種類だった（16・6・6）,例示9枚は3つの群の説明に分かれる。28枚すべては表示されていない,
c1,AC,image-sonnet-S0-r1,7,ok,ok,① 野生・動物園(16枚): 「牧場のヤギ・羊」の外にいる動物。ヤギ→鹿の12枚を含む,例はマーコール・動物園のオリックス・ムフロン。ヤギ→鹿の12枚はスライド4・5ですべて野生か動物園,
c1,AC,image-sonnet-S0-r1,7,ok,ok,② ラベルに疑問(6枚): 写っているのは別の動物。モデルの予測のほうが近い例もある,例はジェムズボック（牛ラベル）、ビッグホーンの群れ（牛ラベル、予測 羊）、ラバ（馬ラベル）,
c1,AC,image-sonnet-S0-r1,7,ok,ok,③ 写真が難しい(6枚): 被写体が小さい、遠い、似ている,,
c1,AC,image-sonnet-S0-r1,7,partial,partial,③ ふつうの牧場写真での誤り（下の帯: ふつうの牧場写真での誤りは28枚中6枚）,例の #7 は街の路地、#9 は国立公園の雪原の野生のエルクで、牧場の写真ではない。スライド10の6枚でも、岩場のヤギを含め半数は牧場ではない,
c1,AC,image-sonnet-S0-r1,8,ok,ok,タイトル: 野生のオリックスやビッグホーンにも、正解ラベルは「ヤギ」「羊」,#2 ビッグホーンは正解ヤギ。#1 は正解ヤギだがオリックスかは画像で決めきれない（スライド5 #1 の動物園のオリックスも正解ヤギ）,
c1,AC,image-sonnet-S0-r1,8,ok,ok,#1 遠くに白い群れ,,
c1,AC,image-sonnet-S0-r1,8,unknown,unknown,#1 タイトルは Scimitar-horned Oryx,題名はデータで切れて見えず、動物も小さく角が見えない,
c1,AC,image-sonnet-S0-r1,8,ok,ok,#2 ビッグホーンのアップ。耳に黄色いタグ,,
c1,AC,image-sonnet-S0-r1,8,ok,ok,#3 タイトルは Widder(雄羊)。野生のムフロンに見える,,
c1,AC,image-sonnet-S0-r1,8,ok,ok,#4 タイトルは Baby Goats。岩場の野生の親子,題名は「Baby」まで見える,
c1,AC,image-sonnet-S0-r1,8,ok,ok,各写真の「正解 → 予測」,4枚ともデータと一致,
c1,AC,image-sonnet-S0-r1,9,ok,ok,タイトル: 6枚は、モデルよりラベルを先に疑いたい写真だった,6枚とも写っている動物が正解ラベルと違う。#6 のラバに馬ラベルは境界的,
c1,AC,image-sonnet-S0-r1,9,ok,ok,#1 ジェムズボック(オリックス)。牛ではない,,
c1,AC,image-sonnet-S0-r1,9,ok,ok,#2 柵に前足をかけるヤギの子と、羊,,
c1,AC,image-sonnet-S0-r1,9,ok,ok,#3 ビッグホーンの群れ。羊のほうが近い,スライド7のデータで題名 Bighorn Sheep,
c1,AC,image-sonnet-S0-r1,9,ok,ok,#4 茶色いヤギの群れ,,
c1,AC,image-sonnet-S0-r1,9,unknown,unknown,#4 題名（Battaglia capre）,題名はデータで切れて見えない,
c1,AC,image-sonnet-S0-r1,9,ok,ok,#5 大型のアンテロープ(エランド?)に見える,,
c1,AC,image-sonnet-S0-r1,9,ok,ok,#6 荷を背負うラバ(タイトル: Mule Train),,
c1,AC,image-sonnet-S0-r1,9,ok,ok,各写真の「正解 → 予測」,6枚ともデータと一致,
c1,AC,image-sonnet-S0-r1,10,ok,ok,タイトル: ふつうの写真での誤りは6枚だけ。小さい・遠い・似ている,6枚は小さい・遠い・背景に紛れる写真,
c1,AC,image-sonnet-S0-r1,10,ok,ok,#1 路地の奥に小さく写る白いヤギ,,
c1,AC,image-sonnet-S0-r1,10,ok,ok,#2 白と茶のヤギの群れ。羊にも見える,,
c1,AC,image-sonnet-S0-r1,10,ok,ok,#3 岩と同じ色合いで、輪郭がつかみにくい,,
c1,AC,image-sonnet-S0-r1,10,ok,ok,#4 丘の上の小さな2頭。景色が広い,,
c1,AC,image-sonnet-S0-r1,10,ok,ok,#5 遠くで草を食べる羊の群れ,,
c1,AC,image-sonnet-S0-r1,10,ok,ok,#6 雪原の遠景にいるエルク,,
c1,AC,image-sonnet-S0-r1,10,ok,ok,各写真の「正解 → 予測」,6枚ともデータと一致,
c1,AC,image-sonnet-S0-r1,11,ok,partial,タイトル: 正解にも、車の写真と紙一重の正解が混ざっている,#1 は車で正解ヤギ・予測ヤギ。#2・#4 の予測の確信度は 0.34,車の写真にはヤギが写る
c1,AC,image-sonnet-S0-r1,11,ok,partial,#1 写っているのは車,,車のほかにエンジンルームのヤギが写る
c1,AC,image-sonnet-S0-r1,11,unknown,unknown,#1 題名（GTO: One Goatpower）,題名はデータで切れて見えない（車の前面に GTO の文字は見える）,
c1,AC,image-sonnet-S0-r1,11,ok,ok,#2 ビッグホーンの雄,,
c1,AC,image-sonnet-S0-r1,11,ok,ok,#3 野生の角のあるアップ,,
c1,AC,image-sonnet-S0-r1,11,ok,ok,#4 岩場の群れと橋の背景,,
c1,AC,image-sonnet-S0-r1,11,unknown,unknown,差 0.03・0.05・0.03（1位と2位の確信度の差）,2位の確信度はデータに無く確かめられない,
c1,AC,image-sonnet-S0-r1,11,ok,ok,各写真の「正解 → 予測 ✓」,4枚ともデータと一致,
c1,AD,image-fable-S0-r1,3,partial,partial,タイトル: 鹿と答えた12枚は、岩場や山にいる茶色い野生のヤギでした,11枚は岩場・山の斜面・動物園の岩場の野生のヤギ類。#12 は草地に寝そべるオリックス（題名 Zoo Negara）で、ヤギでも岩場でもない。#7 はシルエットで色は見えない,
c1,AD,image-fable-S0-r1,3,ok,ok,ヤギ→鹿の12枚すべて、確信度の高い順,12枚とも正解ヤギ・予測鹿で、0.99 から 0.43 の順,
c1,AD,image-fable-S0-r1,3,ok,ok,各写真の確信度（0.99〜0.43）,12枚ともデータと一致,
c1,AD,image-fable-S0-r1,3,ok,ok,12枚のうち10枚は確信度0.7以上,0.7未満は #11（0.67）と #12（0.43）の2枚,
c1,AD,image-fable-S0-r1,4,ok,ok,タイトル: モデルが自信を持って「ヤギ」と答えるのは、近くで撮った家畜のヤギです,左の6枚は大きく写った家畜種のヤギ。#4 は題名が Feral goat（野生化したヤギ）で林の中の全身像,
c1,AD,image-fable-S0-r1,4,ok,ok,見出し: ヤギと正しく答えた写真（23枚のうち確信度の上位6枚）,6枚とも正解ヤギ・予測ヤギ、0.91〜0.95。23枚の中で上位かは表示外で確かめられない,
c1,AD,image-fable-S0-r1,4,ok,ok,見出し: 鹿と答えた写真（12枚のうち確信度の上位6枚）,スライド3の上位6枚（0.99〜0.85）と同じ写真,
c1,AD,image-fable-S0-r1,4,ok,ok,各写真の確信度,12枚ともデータと一致,
c1,AD,image-fable-S0-r1,4,ok,ok,確信度はどちらも0.9前後,左 0.91〜0.95、右 0.85〜0.99,
c1,AD,image-fable-S0-r1,4,ok,ok,どちらも正解ラベルは「ヤギ」,12枚とも正解ヤギ,
c1,AD,image-fable-S0-r1,5,ok,ok,タイトル: 動物が小さく写った5枚では、確信度0.44〜0.71で外しています,湖の丘の羊、草地の羊、納屋の前のヤギ、路地のヤギ、雪原のエルク。確信度は 0.44〜0.71,
c1,AD,image-fable-S0-r1,5,ok,ok,各写真の「正解 → 予測（確信度）」,5枚ともデータと一致,
c1,AD,image-fable-S0-r1,6,ok,ok,タイトル: 7枚は、正解ラベルのほうが疑わしい写真でした,野生の羊・オリックスに牛やヤギ、ヤギに牛や羊のラベル,
c1,AD,image-fable-S0-r1,6,ok,ok,各写真の「ラベル ／ 予測」,7枚ともデータと一致,
c1,AD,image-fable-S0-r1,6,ok,ok,撮影者の題（Bighorn Sheep・Gemsbok・Bighorn sheep・Scimitar-horned Oryx・Battaglia capre 2011・Baby Goats）,データの題名と一致（#5 は「Scimitar-」まで見える）,
c1,AD,image-fable-S0-r1,6,ok,ok,#3 写っているのはヤギに見える,柵に前足をかける白黒のヤギ,
c1,AD,image-fable-S0-r1,7,partial,partial,12件: 野生のヤギを、自信を持って鹿と答える（1段目の写真）,写真はガレ場の野生のヤギ（0.99）で合う。ただし12件にはスライド3の #12 オリックス（確信度0.43）が含まれ、ヤギでも自信のある判定でもない,
c1,AD,image-fable-S0-r1,7,ok,ok,5件: 動物が小さく写ると、迷って外す（2段目の写真）,スライド5の5枚と合う,
c1,AD,image-fable-S0-r1,7,ok,ok,7件: 正解ラベルのほうが疑わしい（3段目の写真）,写真はビッグホーンの群れ（ラベル牛）。スライド6の7枚と合う,
c1,AD,image-fable-S0-r1,7,unknown,unknown,4件: その他（野生の羊→鹿、荷を積んだラバ→牛 など）,この4件の写真はデッキに載っていない,
c1,AE,image-fable-S0-r2,3,ok,ok,タイトル: 鹿に間違われた12枚に、牧場で見るような白いヤギは1枚もない,12枚は岩場・山の斜面・動物園の野生のヤギ類とオリックス1枚で、白い家畜のヤギはいない,
c1,AE,image-fable-S0-r2,3,ok,ok,各写真の「鹿」の確信度（0.99〜0.43）,12枚ともデータと一致,
c1,AE,image-fable-S0-r2,3,ok,ok,正解「ヤギ」・予測「鹿」の全12枚（確信度の高い順）,12枚とも正解ヤギ・予測鹿で、確信度の高い順,
c1,AE,image-fable-S0-r2,4,ok,ok,タイトル: 一方、自信を持って当てたヤギは、近くで撮った家畜のヤギである,8枚とも大きく写った家畜種のヤギ。#4 は題名が Feral goat（野生化したヤギ）,
c1,AE,image-fable-S0-r2,4,ok,ok,各写真の「ヤギ」の確信度（0.95〜0.83）,8枚ともデータと一致,
c1,AE,image-fable-S0-r2,4,ok,ok,正解「ヤギ」・予測「ヤギ」23枚のうち、確信度の高い順に8枚,8枚とも正解ヤギ・予測ヤギで高い順。23枚の中で上位かは表示外で確かめられない,
c1,AE,image-fable-S0-r2,4,ok,ok,写真では見た目の違う2つの集団に分かれている,スライド3の山や岩場の茶色い野生種と、本スライドの近くで撮った家畜のヤギ,
c1,AE,image-fable-S0-r2,5,ok,ok,タイトル: 別の8枚は、モデルより先に「正解ラベル」を確かめたい写真だった,点線以外の8枚は、野生の羊・オリックスに牛やヤギ、ヤギに羊や牛、ラバに馬のラベル,
c1,AE,image-fable-S0-r2,5,ok,ok,各写真の「正解 → 予測」,9枚ともデータと一致,
c1,AE,image-fable-S0-r2,5,ok,ok,各写真の「題」とその訳（オオツノヒツジ・オリックスの一種・シロオリックス・ラバの隊列・capre はヤギ・子ヤギ・車）,データの題名と一致（#4・#9 は途中まで見え、始まりが一致）。写っている動物・車とも合う,
c1,AE,image-fable-S0-r2,5,ok,ok,#8 写っているのはヤギと羊,柵に前足をかける白黒のヤギと、白い羊,
c1,AE,image-fable-S0-r2,5,ok,partial,点線の1枚は、車の写真が「ヤギ」で正解扱い,点線の枠は #9 の赤い車で、正解ヤギ・予測ヤギ,車の写真にはヤギが写るので、正解扱いは誤りとは言えない
c1,AE,image-fable-S0-r2,6,ok,ok,タイトル: さらに5枚は、動物が画面のごく一部にしか写っていない,5枚とも動物は小さく、画面の大半は背景,
c1,AE,image-fable-S0-r2,6,ok,ok,街角、湖の風景、放牧地、納屋の前、雪原。写真の大半は背景である,配置の順に5枚と一致,
c1,AE,image-fable-S0-r2,6,ok,ok,確信度は 0.44〜0.71,0.50・0.60・0.56・0.44・0.71,
c1,AE,image-fable-S0-r2,6,ok,ok,各写真の「正解 → 予測」と確信度,5枚ともデータと一致,
c1,AF,image-fable-S1-r1,3,partial,partial,タイトル: 鹿と答えた12枚は、岩場や草地にいる茶色い野生のヤギばかりだ,12枚のうち11枚は岩場・草地・山の野生のヤギ類。#12 は草地に寝そべる動物園のオリックス（題名 Zoo Negara）で、ヤギではない。#7 はシルエットで色は見えない,
c1,AF,image-fable-S1-r1,3,ok,ok,各写真の確信度（0.99〜0.43）,12枚ともデータと一致,
c1,AF,image-fable-S1-r1,4,partial,partial,タイトル: 当てたヤギ23枚のうち16枚は、牧場や小屋にいる家畜のヤギだ,23枚とも正解ヤギ・予測ヤギ。ただし16枚の中の #9 は赤い車（題名 GTO: One Goatpower）で、家畜のヤギは15枚。#4 は題名 Feral goat で林の中、#10 は動物園,
c1,AF,image-fable-S1-r1,4,ng,partial,見出し「当てた家畜のヤギ 16枚」,16枚並ぶが、2段目の左端（#9）は赤い自動車で、ヤギではない,車の写真にもヤギは写るが、牧場や小屋の写真ではない（確認者の ng を改めた）
c1,AF,image-fable-S1-r1,4,partial,partial,見出し「当てた野生のヤギ 7枚」,7枚。右端（#23）は題名 Bighorn Sheep ram の野生の羊で、ヤギではない（正解ラベルはヤギ）,
c1,AF,image-fable-S1-r1,5,ok,ok,タイトル: 鹿と答えたヤギは、正解が鹿の写真と並べると背景も体つきも似ている,上段は岩場・草地の細身の茶色い野生のヤギ類、下段も岩場や草地の茶色い細身の動物。下段の #9 はガゼル類、#10 はツェセベで、鹿ではない（正解ラベルは鹿）,
c1,AF,image-fable-S1-r1,5,ok,ok,見出し「正解はヤギ、予測は鹿（誤り）」,5枚ともデータと一致,
c1,AF,image-fable-S1-r1,5,ok,ok,見出し「正解は鹿、予測も鹿（正解）」,5枚ともデータと一致（ラベル基準）,
c1,AF,image-fable-S1-r1,6,ok,ok,タイトル: 残りの誤り16枚のうち5枚は、正解ラベルのほうが写真と合わない,野生の羊に牛・ヤギ、ヤギの群れに羊、ジェムズボックに牛、ヤギと羊に牛のラベル,
c1,AF,image-fable-S1-r1,6,ok,ok,各写真の「ラベル / 予測」,5枚ともデータと一致（#1 はこの確認用の画像で切れているが、スライド7の #16 と一致）,
c1,AF,image-fable-S1-r1,6,ok,ok,各写真の題名（Bighorn Sheep・Bighorn sheep・Battaglia capre 2011・Gemsbok・ibk）,データの題名と一致（#1・#3 はスライド7のデータで確認）,
c1,AF,image-fable-S1-r1,6,ok,ok,5枚とも、牛・ヤギ・羊のラベルと写っている動物が合わない,,
c1,AF,image-fable-S1-r1,7,ok,ok,誤り28枚の全部を、正解と予測の組ごとに並べて表示,24+4=28枚で、組ごとに並ぶ,
c1,AF,image-fable-S1-r1,7,ok,ok,各写真の「正解→予測」（ヤギ→鹿12・ヤギ→牛3・牛→羊3・羊→牛3・ヤギ→羊2・羊→鹿2・馬→牛・鹿→ヤギ・鹿→牛）,28枚ともデータと一致,
c1,AF,image-fable-S1-r1,7,ok,ok,ヤギ→鹿 12枚: 確信度0.8以上が 8枚,0.99〜0.83 の8枚,
c1,AF,image-fable-S1-r1,8,ok,ok,タイトル: 残りの誤り11枚には、動物が小さく写る写真が5枚ある,11枚を表示。5枚は動物が小さく写る,
c1,AF,image-fable-S1-r1,8,ok,ok,見出し「動物が小さく写る 5枚」,湖の丘の羊、柵の中の白い群れ、納屋の前のヤギ、路地のヤギ、雪原のエルク,
c1,AF,image-fable-S1-r1,8,ok,ok,見出し「そのほか 6枚」,6枚,
c1,AF,image-fable-S1-r1,8,ok,ok,各写真の「正解→予測（確信度）」,11枚ともデータと一致,
c2,AG,image-opus-S1-r1,3,ok,ok,タイトル: 「ヤギ→鹿」12枚中11枚は、牧場ではなく岩山の野生種だ,載っている6枚はすべて山地の野生ヤギ類（マーコール、アイベックス類、シャモア類）。付録スライド8で数えると「ヤギ→鹿」は12枚で、#1〜#11が山地の野生ヤギ類、#12がオリックス（付録#2は種を決めきれないが牧場の家畜ではない）,
c2,AG,image-opus-S1-r1,3,ok,ok,画像ごとの説明（岩場・草地・山腹・崖・逆光の野生ヤギ、6枚）,,
c2,AG,image-opus-S1-r1,4,ok,ok,タイトル: 別の9枚は、モデルではなく正解ラベルの方が疑わしい,載っている6枚はいずれもラベルが写っている動物と合わない（オリックス・オオツノヒツジの群れ・ヤギに「牛」、オオツノヒツジの雄に「ヤギ」、ヤギの群れに「羊」、ラバに「馬」）。付録で数えると、ラベルの疑わしい誤りはオリックス類3・アンテロープ1・オオツノヒツジ2・ヤギ2・ラバ1の9枚,
c2,AG,image-opus-S1-r1,4,ok,ok,画像ごとの説明（オリックス類（6クラス外）、オオツノヒツジの群れ、小屋のヤギ、オオツノヒツジの雄、ヤギの群れ、荷を積んだラバ）,,
c2,AG,image-opus-S1-r1,5,ok,ok,タイトル: ラベルも範囲も妥当な誤りは6枚,6枚とも、ラベル（羊・羊・ヤギ・ヤギ・ヤギ・鹿）が写っている動物と合う,
c2,AG,image-opus-S1-r1,5,ok,ok,タイトル: （6枚のうち）4枚は動物が小さい,#1湖の羊・#3街なかのヤギ・#4岩場のヤギ・#6雪原の鹿は背景に対して動物が小さい。#2・#5も近接ではないので、小さいとみるかは見方による,
c2,AG,image-opus-S1-r1,5,ok,ok,画像ごとの説明（湖を背にした羊、牧草地の羊の群れ、街なかのヤギ、岩陰の白いヤギ、小屋の前の白いヤギ、雪原の鹿）,,
c2,AG,image-opus-S1-r1,8,ok,ok,タイトル: 誤り28枚の前半14枚を、マスの件数順に並べた,14枚ある。ヤギ→鹿12枚、羊→牛2枚の順,
c2,AG,image-opus-S1-r1,8,ok,ok,画像ごとの説明（岩場・山頂・逆光・山腹・崖の野生ヤギ、岩場の野生種（動物園）、オリックス類、ヤギの群れ、湖を背にした羊。#2以外の13枚）,,
c2,AG,image-opus-S1-r1,8,unknown,unknown,#2 草地の野生ヤギ,草地に黄褐色の動物が小さく1頭。ヤギ類（シャモア）にも見えるがシカとも区別がつかない（題名は「Stag」）,
c2,AG,image-opus-S1-r1,9,ok,ok,タイトル: 誤り28枚の後半14枚を、マスの件数順に並べた,14枚ある,
c2,AG,image-opus-S1-r1,9,ok,ok,画像ごとの説明（牧草地の羊の群れ、オオツノヒツジの雄、シロオリックス、街なかのヤギ、オオツノヒツジの群れ、小屋のヤギ、オリックス類、ムフロン、岩場の野生の子、岩陰の白いヤギ、小屋の前の白いヤギ、アンテロープ類、雪原の鹿、荷を積んだラバ）,,
c2,AG,image-opus-S1-r1,10,ok,ok,タイトル: 正解扱いの画像にも、ラベルの疑わしいものが少なくとも3枚ある,3枚とも写っている動物とラベルが合わない（シロイワヤギに「羊」、リャマに「羊」、オオツノヒツジの雄に「ヤギ」）,
c2,AG,image-opus-S1-r1,10,ok,ok,写真の題名は「Mountain Goats」「Llama couple」「Bighorn Sheep ram」,題名と写っている動物がそれぞれ合う,
c2,AH,image-opus-S3-r1,2,ok,ok,タイトル: 240枚中28枚を誤り（誤り28枚をすべて表示）,図に12＋9＋7＝28枚ある,
c2,AH,image-opus-S3-r1,2,ok,ok,タイトル・見出し: 最多はヤギを鹿と判定した12枚（「ヤギ → 鹿 12枚」）,12枚ある。山地の野生ヤギ類が中心で、オリックス1枚を含む,
c2,AH,image-opus-S3-r1,2,ok,ok,見出し: 3枚ずつの3組 9枚,羊→牛・ヤギ→牛・牛→羊が3枚ずつで9枚,
c2,AH,image-opus-S3-r1,2,ok,ok,見出し: その他の5組 7枚,羊→鹿2・ヤギ→羊2・鹿→ヤギ1・鹿→牛1・馬→牛1で5組7枚,
c2,AH,image-opus-S3-r1,3,ok,ok,タイトル・見出し: 13枚は野生のヤギ・羊（左群「野生のヤギ・羊（誤り）13枚」、全数表示）,13枚ある。アイベックス類・マーコール・シャモア類・クリクリ・ムフロン・動物園の野生種など。2枚は次の項目のとおり決めきれない,
c2,AH,image-opus-S3-r1,3,unknown,unknown,左群1段目2枚目（草地の動物）と3段目3枚目（岩場の白いヤギ）を野生のヤギ・羊に入れている,1段目2枚目は動物が小さく、ヤギ類かシカかを区別できない。3段目3枚目は白い毛色のヤギで、野生か家畜かを画像から決めきれない,
c2,AH,image-opus-S3-r1,3,ok,ok,タイトル・見出し: 家畜のヤギの誤りは17枚中2枚（右群「ヤギのラベルの家畜のヤギ 17枚」、全数表示）,17枚とも家畜のヤギ。予測がヤギ以外なのは1段目5枚目（→羊0.44）と3段目5枚目（→牛0.50）の2枚,
c2,AH,image-opus-S3-r1,3,ok,ok,箇条書き: ヤギのラベル40枚では、野生種22枚中15枚を誤った,スライド10の野生種は22枚で、予測がヤギ以外なのは15枚,
c2,AH,image-opus-S3-r1,4,ok,ok,タイトル: 9枚は、写真の動物が正解ラベルと違う（9枚をすべて表示）,9枚ある。どれも写っている動物がラベルと違う（牛のラベルにビッグホーン・ヤギ・オリックス、ヤギのラベルにビッグホーン・オリックス2、羊のラベルにヤギ2、鹿のラベルにエランド）,
c2,AH,image-opus-S3-r1,4,ok,ok,見出し: ラベル 牛 3枚・ヤギ 3枚・羊 2枚・鹿 1枚,,
c2,AH,image-opus-S3-r1,4,ok,ok,箇条書き: 4枚は6クラスのどれでもない（オリックス・エランド）,オリックス3枚、エランド1枚,
c2,AH,image-opus-S3-r1,4,ok,ok,箇条書き: 5枚は別のクラスの動物（ヤギ・野生の羊）,ヤギ3枚、ビッグホーン2枚,
c2,AH,image-opus-S3-r1,4,ok,ok,箇条書き: 予測が写真の動物と合うのは1枚（ビッグホーン→羊）,スライド2の図で、予測が写っている動物と合うのは牛のラベルのビッグホーンの群れ（→羊）だけ,
c2,AH,image-opus-S3-r1,4,ok,ok,画像ごとの説明（ビッグホーン、ヤギ、オリックス、エランド）,,
c2,AH,image-opus-S3-r1,5,ok,ok,タイトル: 5枚は、動物が遠く小さく写った写真だ（5枚をすべて表示）,湖の羊、牧草地の羊、街なかのヤギ、小屋の前のヤギ、雪原の鹿。どれも動物が遠くに小さく写る,
c2,AH,image-opus-S3-r1,5,ok,ok,箇条書き・見出し: 5枚とも正解ラベルは写真と合う（正解 羊 2枚・ヤギ 2枚・鹿 1枚）,羊2枚は羊、ヤギ2枚はヤギ、鹿1枚はシカ（エルク）,
c2,AH,image-opus-S3-r1,9,ok,ok,タイトル: 誤り28枚を種類で分けると、13・9・5・1枚になる（28枚をすべて表示）,各段は13・9・5・1枚で計28枚,
c2,AH,image-opus-S3-r1,9,ok,ok,見出し: 野生のヤギ・羊 13枚,13枚ある。2枚は次の項目のとおり決めきれない,
c2,AH,image-opus-S3-r1,9,unknown,unknown,1段目2枚目（草地の動物）と13枚目（岩場の白いヤギ）を野生のヤギ・羊に入れている,2枚目は動物が小さく、ヤギ類かシカかを区別できない。13枚目は白い毛色のヤギで、野生か家畜かを決めきれない,
c2,AH,image-opus-S3-r1,9,ok,ok,見出し: ラベル違い 9枚,9枚とも写っている動物がラベルと違う（ビッグホーン2・オリックス3・ヤギ3・エランド1）,
c2,AH,image-opus-S3-r1,9,ok,ok,見出し: 遠く小さく写る 5枚,,
c2,AH,image-opus-S3-r1,9,ok,ok,見出し: ラバ 1枚,荷を積んだラバの列,
c2,AH,image-opus-S3-r1,10,ok,partial,タイトル: ヤギのラベル40枚には、野生種22枚と自動車1枚が入っている（40枚をすべて表示）,22＋17＋1＝40枚,「自動車」の写真にはヤギが写る
c2,AH,image-opus-S3-r1,10,ok,ok,見出し: 野生種 22枚,22枚ある。アイベックス類・マーコール・シャモア類・ビッグホーン・オリックス類など。1枚は次の項目のとおり決めきれない,
c2,AH,image-opus-S3-r1,10,unknown,unknown,野生種の1段目6枚目（岩場の白いヤギ）を野生種に入れている,白い毛色のヤギで、野生か家畜かを画像から決めきれない,
c2,AH,image-opus-S3-r1,10,ok,ok,見出し: 家畜 17枚,17枚とも家畜のヤギ,
c2,AH,image-opus-S3-r1,10,ok,ok,見出し: その他 1枚（自動車）,赤い乗用車が1枚,
c2,AI,gate-fable-S0-nat-r1,4,ok,ok,タイトル: 鹿と判定された12枚は、山や岩場にいる茶色い野生種に偏っている,12枚中11枚は山地・岩場の野生ヤギ類（逆光の1枚は色が分からない）。残る1枚（2段目右端）は草地のオリックス。偏りの主張としては合う,
c2,AI,gate-fable-S0-nat-r1,4,ok,ok,見出し: 鹿と判定されたヤギ（全12枚）,12枚ある。「ヤギ」はラベルの意味で、2段目右端はオリックス（スライド6でラベルの疑いとして示している）,
c2,AI,gate-fable-S0-nat-r1,4,ok,ok,見出し: 正しくヤギと判定された例（23枚中6枚）,6枚ある。「ヤギ」はラベルの意味で、下段1枚目はオオツノヒツジ（ビッグホーン）の雄、残り5枚はヤギ,
c2,AI,gate-fable-S0-nat-r1,6,ok,ok,タイトル: 「誤り」の一部は、正解ラベルの側が疑わしい,4枚とも写っている動物がラベルと合わない（オリックスに牛・ヤギ、オオツノヒツジの群れに牛、子ヤギに羊）,
c2,AI,gate-fable-S0-nat-r1,6,ok,ok,箇条書き: 6クラスのどれにも当てはまらない動物や、撮影者の題名と食い違うラベルが混じっている,オリックス2枚（6クラス外）と、題名 Bighorn Sheep・Baby Goats と食い違う牛・羊のラベル,
c2,AI,gate-fable-S0-nat-r1,6,ok,ok,画像ごとの説明（題名は「Gemsbok」（オリックス）、見た目はオリックス、題名は「Bighorn Sheep」、題名は「Baby Goats」）,どれも写っている動物と合う,
c2,AJ,image-opus-S0-r1,3,ok,ok,タイトル: 「ヤギ→鹿」の12枚を開くと、11枚は岩場や草原にいる野生のヤギの仲間だった,12枚ある。#1〜#11は岩場・草原・崖・動物園の岩山にいる野生ヤギ類（#2はヤギ類かシカか決めきれない）、#12はオリックス,
c2,AJ,image-opus-S0-r1,3,ok,ok,本文: 残る1枚（右下）はオリックスで、そもそもヤギではない,#12（右下）はオリックス,
c2,AJ,image-opus-S0-r1,3,ok,ok,本文: アイベックス、シャモア、マーコールなど,#5・#11のアイベックス、#8のシャモア（題名 Camosci）、#9のマーコールがある,
c2,AJ,image-opus-S0-r1,3,ok,ok,画像ごとの説明（#3 岩場のクリクリ、#4 草の斜面に立つ野生ヤギ、#5 岩場のヌビアアイベックス、#8 山の斜面のシャモアの親子、#9 マーコールの大写し、#11 岩壁のアイベックス2頭、#12 オリックスなのに正解が「ヤギ」）,,
c2,AJ,image-opus-S0-r1,3,unknown,unknown,画像ごとの説明の種名（#1 岩場の遠くにいるシャモア、#2 草原のシャモア、#6 崖の上の小さなアイベックス、#7 逆光のアイベックスのシルエット、#10 動物園の岩山のバーバリーシープ）,場所の説明は合うが、種は画像から決めきれない。#1は遠く小さい（題名は Cabra salvatge＝野生ヤギ）、#2はシャモアかシカか区別できない（題名 Stag）、#6は小さい、#7はシルエットのみ（題名は Chamoix）、#10はアイベックス類とも区別できない（題名は Mountain Goats）,
c2,AJ,image-opus-S0-r1,4,partial,partial,タイトル: 当たったヤギは家畜、外れたヤギは野生種,表示の12枚には合う（家畜6枚は予測ヤギ、野生6枚は予測鹿）。ただし同じスライドの数字でも家畜に外れ3枚・野生に当たり6枚があり、デッキ内でも街角のヤギ（スライド7 #2）、納屋の前の白いヤギ（スライド8 #1）など外れた家畜のヤギが写っている。言い切りは言い過ぎ,
c2,AJ,image-opus-S0-r1,4,ok,ok,見出し: 家畜のヤギ：19枚中16枚正解,上段6枚はすべて家畜のヤギで予測ヤギ。19枚・16枚は表示外で数えられない,
c2,AJ,image-opus-S0-r1,4,ok,ok,見出し: 野生のヤギ・ヒツジの仲間：18枚中6枚正解,下段6枚はマーコール、アイベックス類、クリクリ、シャモア類。#8は次の項目。18枚・6枚は表示外,
c2,AJ,image-opus-S0-r1,4,unknown,unknown,#8（草地の動物）を野生のヤギ・ヒツジの仲間に入れている,草地の黄褐色の動物で、ヤギ類かシカかを画像から決めきれない（題名 Stag）,
c2,AJ,image-opus-S0-r1,4,ok,partial,本文: 正解「ヤギ」40枚を写っているもので分けた。残り3枚はオリックス2枚と車1枚,デッキ内で、ヤギのラベルのオリックス2枚（スライド6 #5・#7）と車1枚（スライド9 #1）が確かめられる,「車1枚」の写真にはヤギが写る
c2,AJ,image-opus-S0-r1,4,unknown,unknown,本文: 正解「鹿」にもインパラやガゼルが多く入っている,インパラやガゼルの画像は表示されていない,
c2,AJ,image-opus-S0-r1,5,ok,ok,タイトル: 誤り28枚は4種類に分かれ（12・9・4・3枚）、9枚はラベル側の問題,12＋9＋4＋3＝28。9枚・4枚・3枚はスライド6・7・8で数えて合う。12枚のうち11枚はスライド3で確認でき、1枚は表示なし,
c2,AJ,image-opus-S0-r1,5,ok,ok,表: 野生のヤギ・ヒツジの仲間を、主に「鹿」と判定 12枚（例2枚）,例の右はヌビアアイベックス。左は次の項目,
c2,AJ,image-opus-S0-r1,5,unknown,unknown,表の例: 1行目左（草地の動物）を野生のヤギ・ヒツジの仲間の例にしている,ヤギ類かシカかを画像から決めきれない（題名 Stag）,
c2,AJ,image-opus-S0-r1,5,ok,ok,表: 正解ラベルが、写っている動物と合わない 9枚（例: ゲムズボック、小屋のヤギ）,どちらも正解ラベルは牛で、写っているのはオリックスとヤギ,
c2,AJ,image-opus-S0-r1,5,ok,ok,表: 動物が小さい・荷物で形が隠れ、背景が目立つ 4枚（例: 湖の羊、街角のヤギ）,,
c2,AJ,image-opus-S0-r1,5,ok,ok,表: はっきり写った家畜の取り違え 3枚（例: 納屋の前の白いヤギ、牧草地の羊）,,
c2,AJ,image-opus-S0-r1,6,ok,ok,タイトル: 9枚は正解ラベルが写真と合わない,9枚あり、どれもラベルと写っている動物が合わない,
c2,AJ,image-opus-S0-r1,6,ok,ok,タイトル: オリックスに「ヤギ」、ヤギに「牛」,#5・#7のオリックスにヤギ、#2のヤギに牛,
c2,AJ,image-opus-S0-r1,6,ok,ok,画像ごとの説明（ゲムズボック、小屋のヤギ、ビッグホーンの群れ、エランド、シロオリックス、ビッグホーン、オリックス、茶色いヤギの群れ、子どもの野生ヤギ）,,
c2,AJ,image-opus-S0-r1,7,partial,partial,タイトル: 4枚は動物が小さい写真,#1雪原のワピチ・#2街角のヤギ・#4湖の羊は動物が小さいが、#3のラバの列はラバが画面の大きな部分を占め、小さくない（荷物の例）,
c2,AJ,image-opus-S0-r1,7,ok,ok,タイトル: 雪原・街角・湖の背景や荷物のほうが目立つ,,
c2,AJ,image-opus-S0-r1,7,ok,ok,画像ごとの説明（雪原の遠くにいるワピチ、街角のがれきの中に小さなヤギ、荷物を積んだラバの列、湖と山の風景の隅に小さな羊）,,
c2,AJ,image-opus-S0-r1,8,ok,ok,タイトル: はっきり写った家畜の取り違えは3枚だけ,3枚とも動物が見分けられる大きさで写り、#1・#2は家畜のヤギ・羊。#3が家畜かは次の項目,
c2,AJ,image-opus-S0-r1,8,unknown,unknown,#3（岩の上の白いヤギ）を家畜としている,白い毛色のヤギ（横に濃い色の個体）で、野生か家畜かを画像から決めきれない,
c2,AJ,image-opus-S0-r1,8,ok,ok,本文: 白いヤギを「羊」、牧草地の羊を「牛」,,
c2,AJ,image-opus-S0-r1,8,ok,ok,画像ごとの説明（納屋の前の白いヤギの群れ、柵のある牧草地の羊、岩の上の白いヤギ）,,
c2,AJ,image-opus-S0-r1,9,ok,ok,タイトル: 「正解」に数えられた212枚にも、見ればすぐわかるラベル誤りがある,表示の4枚はどれも写っているものがラベルと違う,
c2,AJ,image-opus-S0-r1,9,ok,partial,画像ごとの説明（車（ポンティアックGTO、愛称 Goat）、ラクダ、シロイワヤギ、リャマ）,車の前面に GTO の文字。ほかも題名と見た目が合う,車の写真にはヤギが写る（ラベル誤りの例としては合わない）
c2,AJ,image-opus-S0-r1,9,unknown,unknown,本文: ほかにラクダがあと2枚（正解「アルパカ」）、アダックス（正解「牛」）,表示されていない,
c2,AK,image-fable-S3-r2,3,ok,ok,タイトル: 鹿と判定されたヤギ12枚（12枚をすべて表示、確信度の高い順）,12枚あり、99%から43%へ高い順。「ヤギ」はラベルの意味で、2段目右端はオリックス,
c2,AK,image-fable-S3-r2,3,ok,ok,タイトル: 岩場か草地にいて,12枚とも岩場・崖・岩山か草地,
c2,AK,image-fable-S3-r2,3,ok,ok,タイトル: 白い個体が1枚もない,体の白い個体はない（マーコールはたてがみが白っぽいが体は茶色）,
c2,AK,image-fable-S3-r2,4,ok,ok,タイトル: 正しく判定したヤギ23枚では、確信度が最も低い3枚が岩場の写真だ,35%・34%・34%の3枚は、岩の斜面、橋を背にした岩場、岩の上のオオツノヒツジ,
c2,AK,image-fable-S3-r2,4,ok,ok,本文・見出し: ヤギ40枚のうち35枚（鹿と誤ったヤギ 12枚、正しく判定したヤギ 23枚）をすべて表示,12＋23＝35枚。見出しの「ヤギ」はラベルの意味で、右群には車1枚とオオツノヒツジ1枚も入る,
c2,AK,image-fable-S3-r2,4,ok,ok,箇条書き: 体が白いヤギ: 正解 23枚のうち 9枚、誤り 12枚のうち 0枚,誤り12枚に白い個体はない。正解側の白いヤギは、顔の大写しや頭の黒い個体を数えるかで8〜11枚になり、9枚はその範囲内,
c2,AK,image-fable-S3-r2,4,ok,ok,箇条書き: 正解のうち1枚は赤い車の写真（題名「GTO: One Goatpower」）,右群2段目左端（83%）が赤い車,
c2,AK,image-fable-S3-r2,5,ok,ok,タイトル: 残り16枚は8通りに散らばり（16枚をすべて表示）,16枚あり、正解→予測の組は8通り,
c2,AK,image-fable-S3-r2,5,ok,ok,タイトル・見出し: 7枚は題名が正解と別の動物を指す（上段「題名が別の動物 7枚」）,7枚あり、写っているのはビッグホーン2、オリックス2、ヤギ2（群れ・子）、ラバ1で、どれも正解ラベルと違う,
c2,AK,image-fable-S3-r2,5,ok,ok,箇条書き: 上段の題名: Bighorn Sheep 2枚、Gemsbok と Oryx、capre（ヤギ）と Goats、Mule Train,写っている動物がそれぞれの題名と合う,
c2,AK,image-fable-S3-r2,5,ok,ok,箇条書き: オリックスとラバは、6クラスのどれにも入らない動物,,
c2,AK,image-fable-S3-r2,5,ok,ok,箇条書き: 左端（正解 牛、題名 Bighorn Sheep）は、予測の「羊」が題名と合う,左端はビッグホーンの群れで、予測は羊,
c2,AK,image-fable-S3-r2,5,ok,ok,見出し: その他 9枚,9枚ある,
c2,AK,image-fable-S3-r2,7,ok,ok,タイトル: 正しく鹿と判定した38枚（38枚をすべて表示、確信度の高い順）,13＋13＋12＝38枚。インパラ・ガゼルなどのレイヨウも多く含む,
c2,AK,image-fable-S3-r2,7,ok,ok,タイトル: 草地や林にいる茶色の動物が多い,大半は草地・林・茂みにいる茶色の動物。雪上、岩場、舗装路、浜辺、壁の剥製、絵画などの例外が数枚ある,
c2,AL,under-opus-S0-r1,6,ok,ok,タイトル: 野生のヤギ・ヒツジは、確信度が高いまま「鹿」と判定される,表示の4枚はどれも野生ヤギ類で、予測は鹿（0.79〜0.92）,
c2,AL,under-opus-S0-r1,6,ok,ok,本文: 該当14件のうち13件が「鹿」,付録スライド12の14件のうち、予測が鹿は13件（残る1件は羊）,
c2,AL,under-opus-S0-r1,6,ok,ok,画像ごとの説明（マーコール（野生ヤギ）、ヌビアアイベックス、シャモアの親子、クリクリ（クレタ島の野生ヤギ））,見た目と題名が合う,
c2,AL,under-opus-S0-r1,7,ok,ok,タイトル: 8件は正解ラベルの方がおかしい,付録スライド13の#7〜#14の8件は、写っている動物とラベルが合わない。エランドに「鹿」（#6）は、デッキが鹿にレイヨウ類を含むとしているため数えていない,
c2,AL,under-opus-S0-r1,7,ok,ok,タイトル: ヤギやビッグホーンに「牛」、オリックスに「ヤギ」,#2のヤギと#1のビッグホーンの群れに牛。オリックスにヤギは付録スライド13の#11・#12,
c2,AL,under-opus-S0-r1,7,ok,ok,本文: 左端のビッグホーン（野生ヒツジ）は、予測の「羊」の方が妥当,,
c2,AL,under-opus-S0-r1,7,ok,ok,画像ごとの説明（ビッグホーンの群れに「牛」、ヤギに「牛」、ゲムズボック（レイヨウ類）に「牛」、ラバに「馬」のラベル）,,
c2,AL,under-opus-S0-r1,8,ok,ok,タイトル: 「正解」扱いの中にも6クラス外の動物が混じる,ラクダ、アダックス、ボンゴが正解扱い,
c2,AL,under-opus-S0-r1,8,ok,ok,本文: このデータの「鹿」にはレイヨウ類、「アルパカ」にはラクダも入っている,鹿のラベルのボンゴ、アルパカのラベルのラクダ,
c2,AL,under-opus-S0-r1,8,ok,ok,画像ごとの説明（ラクダ、アダックス（レイヨウ類）、ボンゴ（レイヨウ類）、ビッグホーン（野生ヒツジ））,見た目と題名が合う,
c2,AL,under-opus-S0-r1,9,ok,ok,タイトル: 被写体が小さく背景が広い写真は、4件とも「牛」と判定された,表示の4枚はどれも動物が小さく、予測は牛。付録の納屋の前の白いヤギ（→羊）も動物は小さめだが、デッキは別の群に分けている,
c2,AL,under-opus-S0-r1,9,ok,ok,本文: 牧草地・雪原・路地など、背景が写真の大半を占めている,,
c2,AL,under-opus-S0-r1,9,ok,ok,画像ごとの説明（湖を望む斜面の羊、牧草地の羊の群れ、路地の奥のヤギ、雪原のエルク。いずれも小さく写る）,,
c2,AL,under-opus-S0-r1,12,ok,ok,タイトル: 付録：誤り一覧（1/2）野生のヤギ・ヒツジ 14件,14件ある。マーコール、アイベックス類、シャモア類、クリクリ、ムフロン、子ヤギなど。2件は次の項目,
c2,AL,under-opus-S0-r1,12,unknown,unknown,#5（草地の動物）と#11（岩場の白いヤギ）を野生のヤギ・ヒツジに入れている,#5はヤギ類かシカかを区別できない（題名 Stag）。#11は白い毛色のヤギ（横に濃い色の個体）で、野生か家畜かを決めきれない,
c2,AL,under-opus-S0-r1,13,ok,ok,タイトル: 付録：誤り一覧（2/2）その他の14件,14件ある（一覧は計28件）,
c3,AM,image-fable-S4-r1,3,ok,ok,ヤギ→鹿の12枚に家畜のヤギはない,,
c3,AM,image-fable-S4-r1,3,ok,ok,10枚はアイベックス・シャモア・マーコールなど、岩場や山の斜面にいる野生種,下段2枚目は動物園の岩山だが、岩場ではある,
c3,AM,image-fable-S4-r1,3,ok,ok,残り1枚は草地のオリックス,,
c3,AM,image-fable-S4-r1,3,unknown,unknown,残り1枚は撮影者の題が「Stag（雄鹿）」,題は画像から確かめられない。上段3枚目の写真は、草地に立つ小さな角のヤギ類に見え、鹿ではない,
c3,AM,image-fable-S4-r1,3,ok,ok,12枚をすべて表示,12枚を数えて確認,
c3,AM,image-fable-S4-r1,3,ok,ok,画像ごとの説明（マーコール・アイベックス・野生のヤギ・野生種・オリックス、頭数、岩場・ガレ場・崖・遠いなどの場所）,,
c3,AM,image-fable-S4-r1,3,unknown,unknown,シャモア（上段5枚目「シャモア2頭」、下段5枚目）,上段5枚目はアイベックスの雌と子にも見え、下段5枚目は逆光のシルエットで、種を決めきれない,
c3,AM,image-fable-S4-r1,4,ok,ok,見出し「家畜 → 正しくヤギ 15枚（8枚を表示）」の8枚は家畜のヤギ,,
c3,AM,image-fable-S4-r1,4,ok,ok,見出し「野生種 → 正しくヤギ 5枚」の5枚は野生種,,
c3,AM,image-fable-S4-r1,4,ok,ok,家畜は8枚、野生種は5枚をすべて表示,8枚・5枚を数えて確認,
c3,AM,image-fable-S4-r1,4,ok,ok,画像ごとの説明（鈴付きのヤギ・白いヤギ・茶と白のヤギ・黒い子ヤギ・野生種1頭・大きな巻き角・アイベックス・大きな角・野生種の群れ、場所）,,
c3,AM,image-fable-S4-r1,4,partial,partial,白いヤギ2頭（家畜の上段2枚目・小屋）,家畜の上段2枚目: 手前の2頭のほかに、右端と奥にも白いヤギの体や脚が見え、2頭より多い。手前の小さい1頭は顔が茶色っぽい,
c3,AM,image-fable-S4-r1,5,ok,ok,6枚は遠くに小さく写った写真（見出し「遠くに小さく写る 6枚」）,6枚とも動物が遠く小さい,
c3,AM,image-fable-S4-r1,5,ok,ok,16枚をすべて表示（それ以外 10枚）,6＋10＝16枚を数えて確認,
c3,AM,image-fable-S4-r1,5,ok,ok,画像ごとの説明（羊2頭・羊の群れ・白い群れ・白いヤギ・エルクの群れ・ヤギの群れ・巻き角の雄・オリックス・ぶち模様の子・ビッグホーン・親子3頭・野生の羊2頭・毛の長い1頭・レイヨウ2頭・ラバの列、場所）,,
c3,AM,image-fable-S4-r1,6,unknown,unknown,誤りのうち8枚は、撮影者の題がラベルと別の動物を指す,題は画像から確かめられない,
c3,AM,image-fable-S4-r1,6,ok,ok,8枚をすべて表示,8枚を数えて確認,
c3,AM,image-fable-S4-r1,6,unknown,unknown,2行目は撮影者の題が指す動物（ヤギの子・ヤギ・オリックス・雄鹿・野生の羊・オリックス・野生の羊・ラバ）,題そのものは確かめられない。写っている動物は7枚で題の動物と合うが、上段右（雄鹿）は小さな角のヤギ類で、鹿には見えない,
c3,AM,image-fable-S4-r1,8,ok,ok,正しくヤギと判定された家畜のヤギ15枚は、近くから撮った写真,,
c3,AM,image-fable-S4-r1,8,ok,ok,15枚をすべて表示,15枚を数えて確認,
c3,AM,image-fable-S4-r1,8,ok,ok,画像ごとの説明（鈴付きのヤギ・白いヤギ・茶色い子ヤギ・茶と白のヤギ・白黒のヤギ・茶色いヤギ・黒い子ヤギ、場所）,,
c3,AM,image-fable-S4-r1,8,partial,partial,白いヤギ2頭（上段3枚目・小屋）,上段3枚目: 手前の2頭のほかに、右端と奥にも白いヤギが見え、2頭より多い,
c3,AN,image-fable-S3-r1,3,ok,ok,鹿と答えた12枚のうち11枚が岩場か山の斜面にいる（場所の印「岩場・斜面」11枚）,印の11枚は岩場・ガレ場・崖・山の斜面・草の斜面。印のない下段左だけが平らな草地,
c3,AN,image-fable-S3-r1,3,ok,ok,12枚とも屋外の写真,,
c3,AN,image-fable-S3-r1,3,ok,ok,印のない1枚は、草の上に伏せた、長くまっすぐな角の動物,下段左: 草に伏せたオリックス,
c3,AN,image-fable-S3-r1,3,ok,ok,12枚をすべて表示,12枚を数えて確認,
c3,AN,image-fable-S3-r1,4,ok,ok,正しく当てたヤギ23枚では、岩場か山の斜面は7枚だけ,印の7枚は岩の上・山の上・崖・動物園の岩山・町の上の斜面。印のない16枚は小屋・柵・草地・顔の大写しなどで、岩場や斜面ではない,
c3,AN,image-fable-S3-r1,4,ok,ok,場所の印の割合（鹿と答えた側 11/12、当てた側 7/23）,印の数と写真が合う,
c3,AN,image-fable-S3-r1,4,ok,ok,当てた側は、白いヤギの顔や上半身を近くから撮った写真が多い,,
c3,AN,image-fable-S3-r1,4,ok,ok,35枚をすべて表示（見出し「鹿と答えたヤギ 12枚」「正しく当てたヤギ 23枚」）,12＋23枚を数えて確認。ただし当てた側の3段目右から2枚目は赤い車で、ヤギは写っていない。鹿と答えた側の2段目3枚目はオリックス（どちらもラベル上の群としては合う）,
c3,AN,image-fable-S3-r1,5,unknown,unknown,6枚は、撮影者の題名が正解ラベルと別の動物を指す（見出し「題名が別の動物 6枚」）,題名は画像から確かめられない,
c3,AN,image-fable-S3-r1,5,unknown,unknown,題名の中身（羊ラベルに Baby Goats・capre、ヤギラベルに Oryx、ヤギラベルに Bighorn sheep、牛ラベルに Gemsbok・Bighorn Sheep）,題名そのものは確かめられない。写っている動物は6枚とも題名の動物と矛盾しない（子連れのヤギ類、ヤギの群れ、白い動物の群れ、巻き角の羊、ゲムズボック、ビッグホーンの群れ）,
c3,AN,image-fable-S3-r1,5,ok,ok,16枚をすべて表示（題名が別の動物 6枚＋それ以外 10枚）,6＋10＝16枚を数えて確認,
c3,AN,image-fable-S3-r1,6,ok,ok,各群から6枚を表示（12枚から6枚、6枚の群はすべて、10枚から6枚）,各行6枚を数えて確認,
c3,AN,image-fable-S3-r1,6,partial,partial,「ヤギを鹿と答えた」12枚は野生のヤギ（「12枚: 野生のヤギを「ヤギ」に含めるか」）,表示の6枚はどれも野生のヤギ類だが、この12枚にはスライド3の下段左、草に伏せたオリックスが入っていて、野生のヤギではない,
c3,AN,image-fable-S3-r1,6,unknown,unknown,題名が別の動物 6枚,題名は画像から確かめられない,
c3,AN,image-fable-S3-r1,8,ok,ok,正しく当てた鹿38枚は、茶色い体で草地や林にいる写真が多い,剥製の頭部・絵・雪原・鳥居の前の浜・囲いの中・顔の大写しなど例外はあるが、多数は茶色い体で草地か林。インパラ・スプリングボック・ブラックバックなどのレイヨウ類も多い（ラベル上の群）,
c3,AN,image-fable-S3-r1,8,ok,ok,38枚をすべて表示,10＋10＋10＋8＝38枚を数えて確認,
c3,AN,image-fable-S3-r1,9,ok,ok,12枚をすべて表示（確信度の大きい順）,12枚を数えて確認。スライド3と同じ12枚,
c3,AO,image-haiku-S3-r0,3,ng,ng,ヤギが鹿に見えた12枚は、撮影角度と光の影響を受けている,表示の8枚は正面（マーコール）・横向き（アイベックス・草地の1頭）・遠景（ガレ場・山の岩・崖）とまちまちで、光もほとんどが普通の日中（暗い日陰は右端の1枚だけ）。角度や光の共通点は見えない。共通して見えるのは岩場や山の斜面にいる野生のヤギ類で、1枚は草地のオリックス,
c3,AO,image-haiku-S3-r0,3,ok,ok,12枚から等間隔で8枚を表示（見出し「ヤギ（正解）12枚全て 12枚（8枚を表示）」）,8枚を数えて確認。見出しの「12枚全て」は、12枚すべてを表示したようにも読める,
c3,AO,image-haiku-S3-r0,3,ok,ok,鹿（予測）典型的な例 3枚,3枚を数えて確認（草原の小さな群れ、大きな耳の1頭の顔、草地の1頭）,
c3,AO,image-haiku-S3-r0,4,ng,ng,羊と牛の混同（3枚）は側面からの撮影で生じている,羊→牛の3枚は、小屋の前のヤギの群れ、湖畔の風景に小さく写る羊、牧草地の遠くの羊の群れで、側面から撮った写真とは言えない（共通点は遠景・群れ）。牛→羊の3枚でも横向きはオリックスの1枚だけ。また羊と牛の混同は図では羊→牛3枚と牛→羊3枚の計6枚,
c3,AO,image-haiku-S3-r0,4,ok,ok,クラス間混同の各ペアから表示（羊→牛・ヤギ→牛・牛→羊 各3枚）,各行3枚を数えて確認,
c3,AO,image-haiku-S3-r0,6,ng,ng,ヤギ以外の誤分類（16枚）も同じく、撮影角度に依存している,表示の13枚は正面・横・遠景とまちまちで、角度の共通点は見えない。目立つのは遠くに小さく写る群れ（羊の群れ・柵の前の白い群れ・街角・納屋前・雪原など）や、オリックス・エランド・ビッグホーン・ラバなど,
c3,AO,image-haiku-S3-r0,6,ok,ok,各ペアから1〜2枚を表示（見出しの枚数・「2枚を表示」、計16枚）,2・2・2・2・2・1・1・1枚を数えて確認。見出しの枚数の合計は16,
c3,AP,change-fable-S4-r1,2,ok,ok,各マスは表の順に等間隔で選んだ3枚を表示,写真のある3マスとも3枚を数えて確認,
c3,AP,change-fable-S4-r1,3,ok,ok,直った12枚のうち7枚は、山や岩場にいるヤギ（見出し「山や岩場のヤギ 7枚」）,7枚とも岩場・山の草地・崖・岩の斜面にいるヤギ類。右の5枚は湖畔や牧草地の羊、羊の顔、雪原のエルク、ラバで、山や岩場のヤギではない,
c3,AP,change-fable-S4-r1,3,ok,ok,「実は羊の顔」の1枚は、正解ラベルのヤギが写真と合わない,上段右端は巻き角の羊の顔の大写し,
c3,AP,change-fable-S4-r1,3,ok,ok,直った12枚をすべて表示（7枚＋そのほか 5枚）,7＋5＝12枚を数えて確認,
c3,AP,change-fable-S4-r1,3,ok,ok,画像ごとの説明（岩場、長い角・山の草地2頭・動物園の岩山・崖に小さく・岩の斜面・逆光の影・岩陰の1頭・湖畔に2頭・牧草地の群れ・雪原のエルク・荷を運ぶラバ）,,
c3,AP,change-fable-S4-r1,4,ok,ok,新版の誤り10枚は、ヤギ5枚と牛4枚（見出し「正解はヤギ 5枚」「正解は牛 4枚」「正解は羊 1枚」）,5・4・1枚を数えて確認,
c3,AP,change-fable-S4-r1,4,ok,ok,ヤギの5枚はすべて羊と判定され、うち4枚は白いヤギ,白いヤギは寝そべる1頭・柵の中・白い2頭・顔の接写の4枚。残る1枚は茶色の大きな巻き角,
c3,AP,change-fable-S4-r1,4,ok,ok,新版の誤り10枚をすべて表示,10枚を数えて確認,
c3,AP,change-fable-S4-r1,4,ok,ok,画像ごとの説明（白、寝そべる・大きな巻き角・柵の中、白・白い2頭・白、顔の接写・バイソン親子・岩の上の黒牛・冬毛の牛・遠くに小さく・剥製の展示）,,
c3,AP,change-fable-S4-r1,5,partial,partial,残りの6枚は、正解ラベルのほうが写真と合わない,5枚は正解ラベルが写真と合わないが、右端のロデオには牛も写っていて、正解ラベルの牛は写真と合う,
c3,AP,change-fable-S4-r1,5,ok,ok,2枚は新版の答えのほうが写真に合う（ヤギ、ラマをアルパカ）,1枚目は雪山の白いヤギ類、2枚目はラマ,
c3,AP,change-fable-S4-r1,5,ok,ok,2枚はレイヨウで6クラスのどれでもない,ボンゴとアダックス,
c3,AP,change-fable-S4-r1,5,ok,ng,1枚には動物が写っていない,3枚目は赤い車だけ,車の写真のエンジンルームに白いヤギが写る（元画像を拡大して確認）
c3,AP,change-fable-S4-r1,5,ok,ok,1枚はロデオで、牛も馬も写っている,,
c3,AP,change-fable-S4-r1,5,ok,ok,6枚をすべて表示,6枚を数えて確認,
c3,AP,change-fable-S4-r1,5,ok,partial,画像ごとの説明（実はヤギ・実はラマ・車だけが写る・実はボンゴ・アダックス・牛も馬も写る）,,「車だけが写る」はエンジンルームのヤギを見落としている
c3,AP,change-fable-S4-r1,7,ok,ok,直るヤギ7枚と、誤るヤギ5枚・牛4枚（見出し「切り替えると直る 7枚」「切り替えると新たに誤る 9枚」）,左7枚は山や岩場のヤギ類、右9枚は白いヤギなど5枚と牛・バイソン4枚,
c3,AP,change-fable-S4-r1,7,ok,ok,7枚と9枚をすべて表示（3枚目と4枚目のスライドと同じ写真）,7枚・9枚を数えて確認。スライド3の左7枚、スライド4のヤギ5枚・牛4枚と同じ,
c3,AP,change-fable-S4-r1,8,ok,ok,16枚をすべて表示（同じ誤りのまま 10枚・別の誤りに変わる 6枚）,10＋6＝16枚を数えて確認,
c3,AP,change-fable-S4-r1,8,unknown,unknown,題名が Baby Goats・Bighorn Sheep・Gemsbok など、正解ラベルと合わない写真を含む,題名は画像から確かめられない。子連れのヤギ類（正解 羊）、ビッグホーン様の群れ（正解 牛）、オリックス（正解 牛）が写っていて、矛盾はしない,
c3,AQ,image-opus-S0-r2,3,ok,ok,「ヤギ → 鹿」の12枚に牧場のヤギは1枚もいない,12枚を数えて確認。家畜のヤギは写っていない,
c3,AQ,image-opus-S0-r2,3,ok,ok,11枚は岩場や高原にいる野生のヤギの仲間,#11 は動物園の岩山だが岩場ではある,
c3,AQ,image-opus-S0-r2,3,ok,ok,残る1枚はオリックス（ヤギではない）,#12,
c3,AQ,image-opus-S0-r2,3,ok,ok,画像ごとの説明（#1 マーコール・#2 ヌビアアイベックス・#4 #5 アイベックス・#6 野生ヤギの親子・#7 #8 野生ヤギ（遠景）・#9 クリクリ・#10 シャモア・#12 オリックス）,#1 #2 #7 #9 は題名とも合う。#6 は題名が Camosci（シャモア）で、野生のヤギの仲間としては合う,
c3,AQ,image-opus-S0-r2,3,unknown,unknown,#3 ヌビアアイベックス,崖の2頭はアイベックス類に見えるが、題名に種名がなく、ヌビアアイベックスかは決めきれない,
c3,AQ,image-opus-S0-r2,3,unknown,unknown,#11 バーバリーシープ,角の形はバーバリーシープらしくも見えるが、題名は Mountain Goats で、種を決めきれない,
c3,AQ,image-opus-S0-r2,4,ok,ok,当たるのは牧場のヤギ（家畜のヤギの3枚）,#1〜#3 は小屋や草地の白い家畜のヤギ,
c3,AQ,image-opus-S0-r2,4,ok,ok,野生のヤギの仲間の3枚,#4 ヌビアアイベックス（題名 Nubian ibex）、#5 草の斜面のアイベックス、#6 クリクリ（題名 Kri-kri goat）,
c3,AQ,image-opus-S0-r2,4,ok,partial,ヤギではない写真3枚（オリックス2・車1）,スライド7の #2 #3 オリックスと #6 車（どれも正解ヤギ）で確認,車の写真にはヤギが写る
c3,AQ,image-opus-S0-r2,5,ok,ok,表示の6枚は「鹿」ラベルのアンテロープ（インパラ・スプリングボック・ハーテビースト・ボンゴ・ブラックバック・ボンテボック）,5枚は題名とも合う。#5 は題名が Antilope で、らせん角と白い腹からブラックバックとして矛盾しない,
c3,AQ,image-opus-S0-r2,5,unknown,unknown,評価データの「鹿」にアンテロープが少なくとも10枚,表示は6枚で、デッキ全体でもスライド8のエランドを足して7枚しか見えない,
c3,AQ,image-opus-S0-r2,5,ok,ok,このデータの「鹿」は、実質「野生の角のある草食動物」,表示の6枚はどれも野生のレイヨウ。#1 インパラは角のない雌だが、角のある種ではある,
c3,AQ,image-opus-S0-r2,6,unknown,unknown,同じオオツノヒツジが、正解ラベルでは「羊」「ヤギ」「牛」に分かれている,#2〜#4 はオオツノヒツジで、ラベルはヤギ・ヤギ・牛。「羊」にあたる #1 は種を決めきれない,
c3,AQ,image-opus-S0-r2,6,unknown,unknown,#1 オオツノヒツジ（親子）,岩の上の成獣1頭と子2頭。短い角の雌と子で、オオツノヒツジにもヤギ類の親子にも見え、題名は「Baby …」。種を決めきれない,
c3,AQ,image-opus-S0-r2,6,ok,ok,#2 #3 オオツノヒツジ、#4 オオツノヒツジの群れ,#2 #3 は題名も Bighorn,
c3,AQ,image-opus-S0-r2,6,ok,ok,いちばん右は、モデルの「羊」のほうが写真に合っている,#4 は野生の羊の群れ,
c3,AQ,image-opus-S0-r2,7,ok,partial,正解ラベルが写真と合わない画像は、ほかにもある。正解扱いの中にも,6枚とも正解ラベルが写真と合わない（#6 は正解扱いの車）,正解扱いの例の車の写真にはヤギが写る
c3,AQ,image-opus-S0-r2,7,ok,ok,画像ごとの説明（#1 ゲムズボック・#2 オリックス（遠景）・#3 オリックス・#4 ヤギと羊（牛はいない）・#5 ヤギの群れ・#6 車（ポンティアック GTO））,,
c3,AQ,image-opus-S0-r2,7,ok,ok,誤り28件のうち7件は、まず正解ラベルの側を確認すべき画像（前のスライドの2件を含む）,このスライドの誤り5件と、スライド6のオオツノヒツジ #3 #4 で7件,
c3,AQ,image-opus-S0-r2,8,ok,ok,動物が小さい・遠い・周りがごちゃごちゃ（3件）,#1 路地の小さなヤギ、#2 丘の小さな羊、#3 雪原の遠くのエルク,
c3,AQ,image-opus-S0-r2,8,partial,partial,見た目が本当に似ている（5件）,#4 牧場の白いヤギと #5 毛の長いヤギは羊に似ているが、#6 は牧草地に小さめに写る羊の群れ（牛と判定）で #2 に近く、#7 ラバと牛、#8 エランドとヤギは、見た目が本当に似ているとは言いにくい,
c3,AQ,image-opus-S0-r2,8,ok,ok,画像ごとの説明（路地の奥の小さなヤギ・湖を見下ろす丘の羊・雪原の遠くのエルク・牧場のヤギ・岩場のヤギ（ぶれ）・牧草地の羊・荷を運ぶラバ・エランド）,3＋5＝8件を数えて確認,
c3,AR,change-sonnet-S4-r1,2,ok,ok,各群から6枚を表示（直った 12枚・新たに誤り 16枚）,6枚ずつ数えて確認,
c3,AR,change-sonnet-S4-r1,4,partial,partial,直った12枚の半分は、旧版が鹿と誤った岩場のヤギ（見出し「旧版が鹿と誤ったヤギ 6枚」）,6枚とも野生のヤギ類だが、上段中央（山の斜面）は草の斜面に立つ親子で、岩場ではない。ほかの5枚は岩場・崖・岩の上,
c3,AR,change-sonnet-S4-r1,4,ok,ok,羊2枚は、牧草地と湖畔に小さく写る群れ,牧草地は小さめの羊の群れ。湖畔は風景の中に小さな羊が2頭,
c3,AR,change-sonnet-S4-r1,4,ok,ok,直った12枚をすべて表示（6枚＋そのほか 6枚）,12枚を数えて確認,
c3,AR,change-sonnet-S4-r1,4,ok,ok,画像ごとの説明（マーコール・山の斜面・岩場の2頭・崖の上・岩の上の影・湖畔に小さく・牧草地の群れ・ビッグホーン・岩場に小さく・雪原のエルク・ラバの列）,,
c3,AR,change-sonnet-S4-r1,4,unknown,unknown,岩場のクリクリ（左の下段右）,岩陰の暗い色のヤギ。クリクリかどうかは画像から決めきれない,
c3,AR,change-sonnet-S4-r1,5,ok,ok,新たに誤った16枚のうち11枚は、牛6枚と、羊と答えられたヤギ5枚（見出し「正解 牛 6枚」「正解 ヤギ 5枚」）,6枚・5枚を数えて確認,
c3,AR,change-sonnet-S4-r1,5,ok,ok,牛は遠景・ロデオ・バイソン・冬毛の写真が落ちた,牛6枚は遠景2枚・ロデオ・バイソン・冬毛の牛と、白いレイヨウ1枚,
c3,AR,change-sonnet-S4-r1,5,ok,ok,ヤギ5枚は、白いヤギ4枚と大きな角のヤギ1枚,,
c3,AR,change-sonnet-S4-r1,5,ok,ok,牛6枚とヤギ5枚をすべて表示,11枚を数えて確認,
c3,AR,change-sonnet-S4-r1,5,ok,ok,画像ごとの説明（白いレイヨウ・ロデオ会場・バイソン親子・岩場に小さく・毛の厚い牛・遠景の群れ・白いヤギ・角の大きな顔・柵の中のヤギ・寝そべる2頭・近くから顔）,,
c3,AR,change-sonnet-S4-r1,6,ok,partial,残る5枚のうち3枚は、正解ラベルのほうが写真と合っていない（見出し「ラベルが写真と合わない 3枚」）,雪の上の白いヤギ類（ラベル羊）、ラマ（ラベル羊）、赤い車（ラベルヤギ）,3枚のうち車の写真はヤギが写っていてラベルと合う
c3,AR,change-sonnet-S4-r1,6,partial,partial,見出し「ラベルどおりの誤り 2枚」,剥製の展示は野生の羊でラベル羊と合うが、右のボンゴは縞とらせん角のレイヨウで、ラベルの鹿とも合わない,
c3,AR,change-sonnet-S4-r1,6,ok,ok,雪の上のヤギとラマは、写真がラベル（羊）と違う,,
c3,AR,change-sonnet-S4-r1,6,unknown,unknown,雪の上のヤギとラマは、題名もラベル（羊）と違う,題名は画像から確かめられない,
c3,AR,change-sonnet-S4-r1,6,ok,ng,赤い車の写真にはヤギのラベルがあり、動物が写っていない,,同上
c3,AR,change-sonnet-S4-r1,6,unknown,unknown,直った12枚にも、題名が Bighorn sheep の1枚（ラベルはヤギ）,題名は確かめられない。スライド4の該当写真は巻き角の野生の羊で、ラベルはヤギ,
c3,AR,change-sonnet-S4-r1,6,ok,ok,牛6枚とヤギ5枚を除く5枚をすべて表示,5枚を数えて確認,
c3,AR,change-sonnet-S4-r1,6,ok,ok,画像ごとの説明（雪の上のヤギ・赤い車・展示の剥製・ボンゴ）,,
c3,AR,change-sonnet-S4-r1,6,partial,partial,ラマの2頭,手前の2頭のほかに、右上の柵の向こうにも白いラマが1頭写っていて、2頭より多い,
c3,AR,change-sonnet-S4-r1,7,partial,partial,直る 岩場のヤギ（新版が直す: 岩場のヤギ 6枚）,表示の2枚のうち、左は草の斜面に立つ親子で岩場ではない。右は岩の上のシルエット,
c3,AR,change-sonnet-S4-r1,7,ok,ok,誤る 牛（壊す: 牛 6枚）,ロデオ会場と毛の厚い牛,
c3,AR,change-sonnet-S4-r1,7,partial,partial,誤る 農場のヤギ（壊す: 農場・動物園のヤギ 5枚）,図の見出しは「農場のヤギ」だが、左は岩壁の前の大きな巻き角の野生型の動物で、農場のヤギではない（箇条書きの「農場・動物園」なら合う）。右は白いヤギ2頭,
c3,AR,change-sonnet-S4-r1,7,ok,ok,各群から等間隔で2枚を表示,2枚ずつ数えて確認,
c3,AR,change-sonnet-S4-r1,8,ok,ok,どちらの版も誤った16枚のうち6枚は、ヤギを鹿と答えた,正解ヤギ・新版鹿の6枚を数えて確認（うち1枚はオリックスで、ラベル上のヤギ）,
c3,AR,change-sonnet-S4-r1,8,ok,ok,両方誤りの16枚をすべて表示,16枚を数えて確認,
c4,AS,change-opus-S0-r1,4,ok,ok,直った12枚のうち7枚は野生種,このスライドの7枚（マーコール、シャモア、囲いの岩場のバーバリーシープ様、アイベックス2枚、クリクリ、雪原のエルク）はすべて野生種で合う。なおスライド8の#7（Bighorn sheep、野生種）も直った1枚で、デッキ全体で数えると野生種は8枚になる（ラベルに疑問がある群として別に扱っている）,
c4,AS,change-opus-S0-r1,4,ok,ok,旧版は山のヤギ類を「鹿」としていた,#1〜#6は岩場・斜面のマーコール・シャモア・アイベックス類で、旧版はすべて鹿,
c4,AS,change-opus-S0-r1,5,ok,ok,家畜の写真で直ったのは4枚,,
c4,AS,change-opus-S0-r1,5,ok,ok,遠景の羊2枚,#1湖を望む丘の羊、#2牧草地の羊の群れ。どちらも羊は小さめ,
c4,AS,change-opus-S0-r1,5,ok,ok,荷を運ぶラバ,#3荷を積んだラバの列,
c4,AS,change-opus-S0-r1,5,ok,ok,岩場のヤギ,#4岩の斜面の白黒のヤギ,
c4,AS,change-opus-S0-r1,6,ok,ok,旧版が当てていた牛3枚,#1〜#3は牛,
c4,AS,change-opus-S0-r1,6,ok,ok,白いヤギ4枚,#4〜#7は白いヤギ（#4は薄茶の斑が少しある）,
c4,AS,change-opus-S0-r1,7,ok,ok,野生種と展示の写真で新たに間違えたのは3枚,#1バイソンの親子、#2ビッグホーンの剥製展示、#3バーバリーシープ。なおスライド8のシロイワヤギ・アダックス・ボンゴ（野生種）も新たな誤りだが、ラベルに疑問がある群として別に扱っている,
c4,AS,change-opus-S0-r1,8,ok,ok,残る7枚は、ラベルか写真自体に疑問がある,7枚。いずれもラベルと写る動物が食い違うか、写真の主役が曖昧,
c4,AS,change-opus-S0-r1,8,ok,ok,#1 写真の題「Mountain Goats」,雪上の白いシロイワヤギ,
c4,AS,change-opus-S0-r1,8,ok,ok,#2 写真の題「Llama couple」,リャマ,
c4,AS,change-opus-S0-r1,8,ok,ok,#3 題「Addax」＝アンテロープ,白いアダックス2頭,
c4,AS,change-opus-S0-r1,8,ok,ok,#4 牛と馬が両方写る,ロデオで馬に乗った人と牛,
c4,AS,change-opus-S0-r1,8,ok,ok,#5 題「Bongo」＝アンテロープ,縞のあるボンゴ,
c4,AS,change-opus-S0-r1,8,ok,ok,#6 主役は車（題「One Goatpower」）,ボンネットを開けた赤い車が主役で合う。題名はデータの表示が途中で切れていて確かめられない,
c4,AS,change-opus-S0-r1,8,ok,ok,#7 写真の題「Bighorn sheep」,巻いた角のビッグホーン,
c4,AS,change-opus-S0-r1,12,ok,ok,どちらも誤りで、答えだけ変わった6枚,6枚、データも旧新とも誤りで答えが異なる,
c4,AT,image-sonnet-S3-r1,3,ok,ok,ヤギを鹿と答えた12枚は、岩場や草地に立つ角のある野生種だ,12枚を数えて一致。マーコール・アイベックス類・シャモア・バーバリーシープ様・オリックス・クリクリなど、いずれも岩場か草地の角のある野生種。ただしマーコール・オリックスなど数枚は立たずに寝そべる,
c4,AT,image-sonnet-S3-r1,3,ok,ok,12枚とも岩場か草地の屋外で、1〜2頭が写る,,
c4,AT,image-sonnet-S3-r1,3,ok,ok,毛色は茶・灰・黒で、白いヤギは1枚もない,白いヤギは無い（オリックスの顔と脚の白い模様のみ）,
c4,AT,image-sonnet-S3-r1,3,unknown,unknown,撮影者の題名にアイベックス・マーコール・シャモアなどの名があるのは7枚,題名は図に出ていない,
c4,AT,image-sonnet-S3-r1,3,ok,ok,見出し「ヤギを鹿と答えた（誤り） 12枚」（全数）,12枚,
c4,AT,image-sonnet-S3-r1,3,ok,ok,見出し「ヤギと答えた（当たり） 23枚（12枚を表示）」,表示は12枚。23枚・等間隔の選び方は図からは確かめられない,
c4,AT,image-sonnet-S3-r1,4,ok,ok,ヤギ→鹿以外の誤り16枚のうち9枚は、正解と別の動物が写っている,左9枚＋右7枚＝16枚。左9枚は正解と別の動物（1段目左から2枚目だけ種を決めきれない）,
c4,AT,image-sonnet-S3-r1,4,ok,ok,正解が牛の3枚は、オリックス・子ヤギ・角のある群れで、牛は写っていない,牛→羊の3枚。オリックス、小屋の中のヤギ、角のある動物の群れで、牛は写らない,
c4,AT,image-sonnet-S3-r1,4,ok,ok,正解が羊の5枚は、ヤギが2枚、羊が3枚,ヤギの群れ・岩場の子ヤギ類の2枚、丘の羊・羊の群れ・野生の羊の3枚,
c4,AT,image-sonnet-S3-r1,4,ok,ok,馬の正解にラバ、鹿の正解にレイヨウが写る,荷を積んだラバの列、エランド様のレイヨウ2頭,
c4,AT,image-sonnet-S3-r1,4,ok,ok,見出し「正解と別の動物が写る 9枚」,9枚,
c4,AT,image-sonnet-S3-r1,4,ok,ok,見出し「正解の動物が写る 7枚」,7枚。羊・ヤギ・鹿と正解の動物が写る,
c4,AT,image-sonnet-S3-r1,4,ok,ok,16枚をすべて表示,16枚,
c4,AT,image-sonnet-S3-r1,4,ok,ok,左1段目1枚目「ヤギの群れ」,小屋の前の茶色いヤギの群れ,
c4,AT,image-sonnet-S3-r1,4,unknown,unknown,左1段目2枚目「オリックス」,柵のある草地に白い動物数頭とダチョウ。図の大きさでは白い動物がオリックスかヤギか決めきれない,
c4,AT,image-sonnet-S3-r1,4,ok,ok,左1段目3枚目「大角の羊」,巻いた大角の雄羊（ビッグホーン様）,
c4,AT,image-sonnet-S3-r1,4,ok,ok,左1段目4枚目「オリックス」,芝生のオリックス,
c4,AT,image-sonnet-S3-r1,4,ok,ok,左1段目5枚目「子ヤギ」,小屋の中の白黒のヤギ,
c4,AT,image-sonnet-S3-r1,4,ok,ok,左2段目1枚目「角のある群れ」,角のある動物の群れ,
c4,AT,image-sonnet-S3-r1,4,ok,ok,左2段目2枚目「子ヤギ」,岩場の小さな角のある子ども（ヤギ類）,
c4,AT,image-sonnet-S3-r1,4,ok,ok,左2段目3枚目「レイヨウ」,エランド様のレイヨウ2頭,
c4,AT,image-sonnet-S3-r1,4,ok,ok,左2段目4枚目「ラバ」,荷を積んだラバ,
c4,AT,image-sonnet-S3-r1,4,ok,ok,右1段目1枚目「丘の羊」,,
c4,AT,image-sonnet-S3-r1,4,ok,ok,右1段目2枚目「羊の群れ」,,
c4,AT,image-sonnet-S3-r1,4,ok,ok,右1段目3枚目「街中のヤギ」,建物と木材の間の白いヤギ,
c4,AT,image-sonnet-S3-r1,4,ok,ok,右1段目4枚目「野生の羊」,巻いた角の茶色いムフロン様,
c4,AT,image-sonnet-S3-r1,4,ok,ok,右2段目1枚目「ヤギの群れ」,納屋の前の白いヤギ,
c4,AT,image-sonnet-S3-r1,4,ok,ok,右2段目2枚目「岩場のヤギ」,,
c4,AT,image-sonnet-S3-r1,4,ok,ok,右2段目3枚目「雪原の鹿」,雪原のエルク,
c4,AT,image-sonnet-S3-r1,6,ok,ok,見出し「野生種 12枚（6枚を表示）」,6枚とも岩場・斜面の角のある野生のヤギ類,
c4,AT,image-sonnet-S3-r1,6,ok,ok,見出し「別の動物 9枚（6枚を表示）」,ヤギの群れ・大角の羊・オリックス・角のある群れ・子ヤギ・ラバの6枚,
c4,AT,image-sonnet-S3-r1,6,ok,ok,見出し「正解の動物 7枚（6枚を表示）」,羊2・ヤギ3・雪原の鹿の6枚,
c4,AT,image-sonnet-S3-r1,6,ok,ok,各仕分けから等間隔で6枚を表示（12枚・9枚・7枚から）,各段6枚。野生種は付録の12枚の1枚おき,
c4,AT,image-sonnet-S3-r1,7,ok,ok,誤り28枚を、正解→予測の組ごとにすべて並べる（28枚をすべて表示）,28枚、組ごとに並ぶ,
c4,AU,change-opus-S4-r1,2,ok,ok,各マスの3枚は、クラス順に並べた表から等間隔で選んだ,4マスとも3枚。等間隔の選び方は図からは確かめられない,
c4,AU,change-opus-S4-r1,3,ok,ok,新版で直った12枚のうち7枚は、岩場や山にいるヤギだ,7＋4＋1＝12枚。上段7枚は岩場・山の斜面のヤギ類,
c4,AU,change-opus-S4-r1,3,ok,ok,見出し「岩場や山のヤギ（旧版は鹿6・羊1） 7枚」,7枚,
c4,AU,change-opus-S4-r1,3,ok,ok,見出し「旧版が牛とした群れ 4枚」,4枚。いずれも複数頭が写る,
c4,AU,change-opus-S4-r1,3,ok,ok,見出し「ラベル違い 1枚」,ヤギの群に入ったビッグホーン（羊）,
c4,AU,change-opus-S4-r1,3,ok,ok,直った12枚をすべて表示,12枚,
c4,AU,change-opus-S4-r1,3,ok,ok,「マーコール」,ねじれた角と長い毛,
c4,AU,change-opus-S4-r1,3,ok,ok,「シャモア2頭」,斜面の2頭,
c4,AU,change-opus-S4-r1,3,ok,ok,「岩上のヤギ」,,
c4,AU,change-opus-S4-r1,3,ok,ok,「崖上のヤギ」,,
c4,AU,change-opus-S4-r1,3,ok,ok,「長毛のヤギ」,岩の斜面の毛の長い白灰のヤギ,
c4,AU,change-opus-S4-r1,3,unknown,unknown,「逆光シャモア」,上段左から6枚目。逆光のシルエットで、角は後ろへ弧を描きアイベックスにも見える。シャモアか決めきれない,
c4,AU,change-opus-S4-r1,3,ok,ok,「クリクリ」,岩場の暗褐色のヤギ,
c4,AU,change-opus-S4-r1,3,ok,ok,「丘の羊2頭」,湖を望む丘に羊2頭,
c4,AU,change-opus-S4-r1,3,ok,ok,「羊の群れ」,,
c4,AU,change-opus-S4-r1,3,ok,ok,「雪原のエルク」,,
c4,AU,change-opus-S4-r1,3,ok,ok,「ラバの列」,荷を積んだラバの列,
c4,AU,change-opus-S4-r1,3,ok,ok,「ビッグホーン」,巻いた大角の雄,
c4,AU,change-opus-S4-r1,4,ok,ok,新版が新たに誤った16枚のうち10枚は、ヤギと牛の写真だ,表示のヤギ5枚＋牛5枚（バイソン、牛と馬のロデオを含む）で10枚。なお次のスライドのシロイワヤギの写真も新たな誤りに入り、シロイワヤギをヤギに含めればデッキ全体では11枚になる,
c4,AU,change-opus-S4-r1,4,ok,ok,見出し「ヤギ→羊 5枚」,5枚,
c4,AU,change-opus-S4-r1,4,ok,ok,見出し「牛→別の動物 5枚」,5枚,
c4,AU,change-opus-S4-r1,4,ok,ok,見出し「羊→ヤギ 1枚」,1枚,
c4,AU,change-opus-S4-r1,4,ok,ok,ラベルが写真と合う11枚をすべて表示（残る5枚は次のスライド）,11枚。次のスライドの6枚のうち5枚が新たな誤り,
c4,AU,change-opus-S4-r1,4,ok,ok,「伏せた白ヤギ」,,
c4,AU,change-opus-S4-r1,4,ok,ok,「角のある顔」,巻いた角の顔のアップ,
c4,AU,change-opus-S4-r1,4,ok,ok,「餌箱の白ヤギ」,柵の給餌具をなめる白ヤギ,
c4,AU,change-opus-S4-r1,4,ok,ok,「眠る白ヤギ」,,
c4,AU,change-opus-S4-r1,4,ok,ok,「白ヤギの顔」,,
c4,AU,change-opus-S4-r1,4,ok,ok,「ロデオ→馬」,ロデオで牛と騎馬,
c4,AU,change-opus-S4-r1,4,ok,ok,「バイソン→羊」,バイソンの親子,
c4,AU,change-opus-S4-r1,4,ok,ok,「黒い牛→ヤギ」,岩の上の黒い牛と子牛,
c4,AU,change-opus-S4-r1,4,ok,ok,「茶色の牛→羊」,,
c4,AU,change-opus-S4-r1,4,ok,ok,「遠くの牛→鹿」,雪の残る灌木地に小さく写る牛,
c4,AU,change-opus-S4-r1,4,ok,ok,「羊の剥製」,ビッグホーンの剥製の展示,
c4,AU,change-opus-S4-r1,5,ok,partial,入れ替わった28枚のうち6枚は、正解ラベルのほうが写真と違う（6枚をすべて表示）,6枚。いずれもラベルと別の動物か車が写る（車の写真はエンジンルームの白い物は図の大きさでは何か分からない）,6枚のうち車の写真はヤギが写っていてラベルと合う
c4,AU,change-opus-S4-r1,5,ok,ok,「ビッグホーン」（ラベル ヤギ）,,
c4,AU,change-opus-S4-r1,5,ok,ok,「シロイワヤギ」（ラベル 羊）,雪上の白く毛の長いヤギ,
c4,AU,change-opus-S4-r1,5,ok,ok,「リャマ」（ラベル 羊）,,
c4,AU,change-opus-S4-r1,5,ok,ok,「赤い車」（ラベル ヤギ）,,
c4,AU,change-opus-S4-r1,5,ok,ok,「ボンゴ」（ラベル 鹿）,縞のあるレイヨウ,
c4,AU,change-opus-S4-r1,5,ok,ok,「アダックス」（ラベル 牛）,白いレイヨウ2頭,
c4,AU,change-opus-S4-r1,8,ok,ok,両方が誤った16枚のうち6枚は、誤りの答えだけが変わった（見出し「答えが変わった 6枚」）,6枚,
c4,AU,change-opus-S4-r1,8,ok,ok,見出し「同じ答え 10枚」／両方が誤った16枚をすべて表示,10枚、計16枚,
c4,AV,deck-outlier-threshold-images,3,ok,ok,外れ値検知は画像を犬らしさの順に並べる（図の並び）,左は犬とオオカミ・猫、右端は飛行機・建物・料理で、並びと合う,
c4,AV,deck-outlier-threshold-images,3,ok,ok,上段「犬」の8枚,7枚は犬がはっきり写る。0.40〜0.46の1枚（テントのある草地）は犬が小さく、図では見分けられない,
c4,AV,deck-outlier-threshold-images,3,ok,ok,下段「犬以外」の17枚,犬は写っていない,
c4,AV,deck-outlier-threshold-images,3,ok,ok,画像ごとの説明（オオカミ3・猫・キツネ2・クマ2・ぬいぐるみ2・ライオン・羊・花・料理・飛行機2・建物）,オオカミの1枚はタテガミオオカミ,
c4,AV,deck-outlier-threshold-images,3,ok,ok,線を動かすと移る 20枚／46枚,スライド4・5の表示枚数と合う,
c4,AV,deck-outlier-threshold-images,4,ok,ok,線を1%から5%へ動かすと、犬6枚を失って犬以外40枚を除ける（46枚をすべて表示）,40＋6＝46枚,
c4,AV,deck-outlier-threshold-images,4,ok,ok,見出し「外れ値に移る 犬以外 40枚」,40枚、犬は写らない,
c4,AV,deck-outlier-threshold-images,4,ok,ok,見出し「失う犬 6枚」,6枚とも犬（鉄格子の1枚は暗いが付録で犬の顔が見える）,
c4,AV,deck-outlier-threshold-images,4,ok,ok,犬以外40枚の画像ごとの説明（オオカミ・猫・ハイエナ・羊・クマ・キツネ・ジャッカル・ウサギ・ライオン・アライグマ・ぬいぐるみ）,下の3枚を除き、写る動物・物と合う,
c4,AV,deck-outlier-threshold-images,4,unknown,unknown,1段目左から7枚目「キツネ」,背に黒い鞍模様のある細身のイヌ科で、ジャッカルにも見える。図の大きさでは決めきれない,
c4,AV,deck-outlier-threshold-images,4,unknown,unknown,3段目左から1枚目「ハイエナ」,丈の高い草むらに小さく写り、動物の種を見分けられない,
c4,AV,deck-outlier-threshold-images,4,unknown,unknown,3段目左から7枚目「ウサギ」,白黒の接写で、ウサギかモルモットか決めきれない,
c4,AV,deck-outlier-threshold-images,5,ok,ok,5%から10%へ動かすと、犬8枚を失って除けるのは12枚に減る（20枚をすべて表示）,12＋8＝20枚,
c4,AV,deck-outlier-threshold-images,5,ok,ok,新しく除けるのは猫とオオカミが中心で、失う犬には子犬の群れや服を着た犬が入る,犬以外12枚のうち猫5・オオカミ4。失う犬に子犬の群れ2枚と赤い服の犬,
c4,AV,deck-outlier-threshold-images,5,ok,ok,見出し「外れ値に移る 犬以外 12枚」,,
c4,AV,deck-outlier-threshold-images,5,ok,ok,見出し「失う犬 8枚」,8枚とも犬,
c4,AV,deck-outlier-threshold-images,5,ok,ok,犬以外12枚の画像ごとの説明（猫5・キツネ・オオカミ4・ジャッカル・ハイエナ）,,
c4,AV,deck-outlier-threshold-images,6,ok,ok,10%の線でも残る11枚は、猫8枚とオオカミ3枚だ（11枚をすべて表示）,オオカミは白いオオカミ2枚とタテガミオオカミ,
c4,AV,deck-outlier-threshold-images,6,ok,ok,残る猫8枚は、室内や庭で近くから撮られた写真だ,室内4枚、草木のある屋外4枚（1枚は地面の上）、いずれも接写,
c4,AV,deck-outlier-threshold-images,6,ok,ok,見出し「猫 8枚」,,
c4,AV,deck-outlier-threshold-images,6,ok,ok,見出し「オオカミ 3枚」,,
c4,AV,deck-outlier-threshold-images,7,ok,ok,見本は4枚目と同じ図で、線の間の20枚をすべて表示,20枚。図はスライド5（5%→10%）と同じもので、スライド番号の4枚目（1%→5%、46枚）とは画像が違う。表紙を除いて数えれば合う,
c4,AV,deck-outlier-threshold-images,7,ok,ok,見出し「見本：5%→10%で外れ値に移る 犬以外 12枚」,,
c4,AV,deck-outlier-threshold-images,7,ok,ok,見出し「失う犬 8枚」,,
c4,AV,deck-outlier-threshold-images,7,ok,ok,犬以外12枚の画像ごとの説明（スライド5と同じ）,,
c4,AV,deck-outlier-threshold-images,9,ok,ok,10%の線で失う犬16枚は、子犬の群れ・遠景・服や小物の写真が目立つ,子犬の群れ3枚、遠景3枚、赤い服・ヘッドホン・おもちゃの小物4枚。テントの1枚は犬が小さく見分けられない,
c4,AV,deck-outlier-threshold-images,9,ok,ok,失う16枚をすべて表示（スコアの小さい順）,16枚。並びはスライド3の区間と合う,
c4,AW,change-fable-S0-r1,4,partial,partial,直った12枚のうち8枚はヤギ（上段と下段の左2枚がヤギ）,上段6枚と下段左から2枚目（岩の斜面のヤギ）はヤギ類で合う。下段左端の#7は巻いた大角のビッグホーン（題名「Bighorn sheep」）で、ヤギではなく羊,
c4,AW,change-fable-S0-r1,4,ok,ok,6枚は旧版が「鹿」と答えていた山や岩場のヤギ,上段6枚はマーコール・シャモア・岩上のバーバリーシープ様・アイベックス類・クリクリで、山の斜面や岩場,
c4,AW,change-fable-S0-r1,4,ok,ok,下段の残りは羊2枚・鹿1枚・馬1枚,丘の羊、牧草地の羊、雪原のエルク、荷を積んだ列。最後の1枚は題名「Mule Train」のラバで、ラベルの馬として数えている,
c4,AW,change-fable-S0-r1,5,ok,ok,牛は6枚を新たに間違えた（6枚とも正解ラベルは牛）,6枚,
c4,AW,change-fable-S0-r1,5,ok,ok,角の長い白い動物,#1 アダックス2頭,
c4,AW,change-fable-S0-r1,5,ok,ok,ロデオ,#2,
c4,AW,change-fable-S0-r1,5,ok,ok,バイソンの親子,#3,
c4,AW,change-fable-S0-r1,5,ok,ok,遠くに小さく写る牛,#4 岩の上の黒い牛と子牛、#6 灌木地の遠くの牛,
c4,AW,change-fable-S0-r1,5,ok,ok,雪の中の子牛,#5 雪のついた冬毛の若い牛,
c4,AW,change-fable-S0-r1,6,ok,ok,ヤギも6枚を新たに間違えた,6枚,
c4,AW,change-fable-S0-r1,6,ok,ok,そのうち5枚は、近くから撮ったヤギを「羊」と答えている,#1〜#5はいずれも近くから撮ったヤギ類（#2は角の大きい茶色の顔のアップ）,
c4,AW,change-fable-S0-r1,6,ok,ok,「羊」になった5枚のうち4枚は白いヤギ,#1・#3・#4・#5が白いヤギ、#2は茶色,
c4,AW,change-fable-S0-r1,6,ok,ok,直った側は山や岩場のヤギ、崩れた側は近くから撮ったヤギ,崩れた側の残る1枚は車の写真で、次の箇条で別に説明している,
c4,AW,change-fable-S0-r1,6,unknown,ok,右下は車のエンジンルームにヤギが見える写真,右下が赤い車なのは合う。エンジンルームに白い塊は見えるが、図の大きさではヤギと確かめられない,元画像を拡大するとエンジンルームに白いヤギが写る
c4,AW,change-fable-S0-r1,7,ok,ok,残りは羊3枚と鹿1枚（左の3枚は正解ラベル羊、右端は鹿）,ラベルとしての数で、4枚,
c4,AW,change-fable-S0-r1,7,ok,ok,羊のうち2枚は撮影者の題名が「Llama」「Mountain Goats」,#1は雪上の白いシロイワヤギ、#2はリャマで、羊ではない,
c4,AW,change-fable-S0-r1,7,ok,ok,題名「Big Horn」,#3 ビッグホーンの剥製展示,
c4,AW,change-fable-S0-r1,7,ok,ok,題名「Bongo」,#4 縞のあるボンゴ,
c4,AW,change-fable-S0-r1,8,ok,ok,山や岩場のヤギなど12枚を得る（得る側の写真）,マーコール・シャモア・岩上のヤギ類の3枚,
c4,AW,change-fable-S0-r1,8,ok,ok,牛や近景のヤギなど16枚を失う（失う側の写真）,牛と近くから撮った白いヤギは合う。左のアダックス（ラベル牛）は牛でも近景のヤギでもないが「など」の範囲,
c4,AW,change-fable-S0-r1,8,ok,ok,写真は前出の6枚,スライド4・5・6に出た写真,
c4,AW,change-fable-S0-r1,9,ok,ok,どちらも不正解の16枚のうち、6枚は答えが別の誤りに替わった（6枚を表示）,6枚,
c4,AW,change-fable-S0-r1,10,ok,ok,残りの10枚は新旧とも同じ誤り（10枚を表示）,10枚,
c4,AW,change-fable-S0-r1,10,partial,partial,6枚はヤギを「鹿」と答えている（上段と下段左端がヤギ（6枚））,上段右端の#5は長くまっすぐな角と白黒の顔のオリックスで、ヤギではない。上段左から2枚目（題名「Stag」）もヤギか鹿か図では決めきれない。残る4枚はアイベックス類,
c4,AX,image-opus-S4-r1,3,ok,ok,ヤギを鹿と誤った12枚のうち11枚は、アイベックスなど野生のヤギだ（見出し「野生のヤギ 11枚」）,11枚は岩場・斜面の野生のヤギ類。上段左から2枚目は種を決めきれない（下記）,
c4,AX,image-opus-S4-r1,3,ok,ok,見出し「ヤギ以外 1枚」,草地に伏せたオリックス,
c4,AX,image-opus-S4-r1,3,ok,ok,12枚をすべて表示（鹿の確信度の大きい順）,12枚、0.99から0.67へ降順（ヤギ以外の0.43は別枠）,
c4,AX,image-opus-S4-r1,3,ok,ok,「野生のヤギ」2枚,ガレ場の1頭、囲いの岩場の2頭,
c4,AX,image-opus-S4-r1,3,ok,ok,「シャモア」（下段左から2枚目）,草の斜面の2頭,
c4,AX,image-opus-S4-r1,3,unknown,unknown,「シャモア」（上段左から2枚目）,草地に立つ茶色の1頭。角や顔の模様が見えず、ヤギ類か鹿か図の大きさでは決めきれない,
c4,AX,image-opus-S4-r1,3,unknown,unknown,「シャモア」（下段左端、逆光）,逆光のシルエットで、角は後ろへ弧を描きアイベックスにも見える。シャモアか決めきれない,
c4,AX,image-opus-S4-r1,3,ok,ok,「クリクリ」,岩場の暗褐色のヤギ,
c4,AX,image-opus-S4-r1,3,ok,ok,「アイベックス」4枚,,
c4,AX,image-opus-S4-r1,3,ok,ok,「マーコール」,,
c4,AX,image-opus-S4-r1,3,ok,ok,「オリックス」,,
c4,AX,image-opus-S4-r1,4,ok,ok,行「家畜のヤギ」（16枚を当て、3枚を羊・牛と誤る）,表示の4枚は柵の白ヤギ、長い角の白いヤギ、納屋の前の白ヤギ、路地のヤギで、いずれも家畜のヤギ,
c4,AX,image-opus-S4-r1,4,ok,ok,行「野生のヤギ」（16枚中11枚を鹿と誤る）,表示の4枚は角の大きい野生のヤギ類2枚、草地の茶色の1頭、岩壁の2頭。草地の1頭は種を決めきれない,
c4,AX,image-opus-S4-r1,4,ok,partial,正解がヤギの40枚から、ヤギ以外が写った5枚（オリックス・ビッグホーン・車）を除いた,スライド5にラベルがヤギのオリックス2枚・ビッグホーン1枚が出ていて合う。車と残る1枚はこのデッキに載っていない,「ヤギ以外」の車の写真にはヤギが写る
c4,AX,image-opus-S4-r1,4,ok,ok,各マスの2枚は並び順に等間隔で選んだ,空でないマスは2枚ずつ,
c4,AX,image-opus-S4-r1,5,ok,ok,誤り28枚のうち9枚は、正解ラベルのほうが写真と合わない（9枚をすべて表示）,9枚。柵の奥の1枚だけは画像からは種を確かめられない（下記）,
c4,AX,image-opus-S4-r1,5,ok,ok,見出し「6クラスに無い動物 4枚」,オリックス3枚とエランド,
c4,AX,image-opus-S4-r1,5,ok,ok,見出し「別のクラスの動物 5枚」,アイベックス・ヤギの群れ・ビッグホーン・家畜のヤギ・ビッグホーンの群れ,
c4,AX,image-opus-S4-r1,5,unknown,unknown,「オリックス」（ヤギ→牛、柵の奥）,柵の奥に白い動物数頭とダチョウ。図の大きさでは白い動物がオリックスか決めきれない（スライドも題名によると注記）,
c4,AX,image-opus-S4-r1,5,ok,ok,「オリックス」2枚（ヤギ→鹿、牛→羊）,,
c4,AX,image-opus-S4-r1,5,ok,ok,「エランド」,ねじれた角のレイヨウ2頭,
c4,AX,image-opus-S4-r1,5,ok,ok,「アイベックス」（羊→鹿）,岩場の小さな角のヤギ類の親子,
c4,AX,image-opus-S4-r1,5,ok,ok,「ヤギの群れ」,,
c4,AX,image-opus-S4-r1,5,ok,ok,「ビッグホーン」2枚,巻いた大角の雄と、角のある群れ,
c4,AX,image-opus-S4-r1,5,ok,ok,「家畜のヤギ」,小屋の中の白黒のヤギ,
c4,AX,image-opus-S4-r1,6,ok,ok,残る8枚は6つの組に散らばり、うち5枚は牛と誤ったもの（8枚をすべて表示）,8枚、6組,
c4,AX,image-opus-S4-r1,6,ok,ok,「遠くの羊」,湖を望む丘に小さく写る羊,
c4,AX,image-opus-S4-r1,6,ok,ok,「牧草地の羊」,,
c4,AX,image-opus-S4-r1,6,ok,ok,「白いヤギ」2枚,納屋の前の白ヤギ、岩の斜面の白いヤギ（背に灰色の斑）,
c4,AX,image-opus-S4-r1,6,ok,ok,「ムフロン」,,
c4,AX,image-opus-S4-r1,6,ok,ok,「路地のヤギ」,,
c4,AX,image-opus-S4-r1,6,ok,ok,「エルク」,,
c4,AX,image-opus-S4-r1,6,ok,ok,「ラバの列」,,
c4,AX,image-opus-S4-r1,8,partial,partial,鹿と当てた38枚のうち17枚は、アンテロープなど鹿以外の動物だ,図の見出しではアンテロープだけで17枚あり、さらに「その他」にラクダ科1枚（首の長い淡褐色の動物）が入るので、鹿以外は18枚になる（判別できない2枚を除く）,
c4,AX,image-opus-S4-r1,8,ok,ok,見出し「鹿 18枚（6枚を表示）」,6枚とも角のある鹿（壁掛けの頭部、絵の雄鹿を含む）,
c4,AX,image-opus-S4-r1,8,ok,ok,見出し「アンテロープ 17枚（6枚を表示）」,インパラ・ガゼル類・ボンゴなど6枚,
c4,AX,image-opus-S4-r1,8,ok,ok,見出し「その他 3枚」（ラクダ科1枚と、鹿かアンテロープか判別できない2枚）,3枚,
