deck,checker,ok,partial,ng,unknown,rate
birds-opus-S4-r1,c2,40,1,0,8,0.0244
birds-opus-S4-r1,c3,38,1,0,12,0.0256
birds-opus-S4-r2,c2,24,0,1,9,0.04
birds-opus-S4-r2,c3,34,0,0,11,0.0
birds-opus-S5-r1,c1,26,1,1,2,0.0714
birds-opus-S5-r1,c3,32,0,0,11,0.0
birds-opus-S5-r2,c2,22,0,1,11,0.0435
birds-opus-S5-r2,c4,39,0,1,7,0.025
birds-sonnet-S4-r1,c2,26,0,0,5,0.0
birds-sonnet-S4-r1,c4,39,0,3,3,0.0714
birds-sonnet-S4-r2,c1,29,0,1,2,0.0333
birds-sonnet-S4-r2,c3,32,0,0,13,0.0
birds-sonnet-S5-r1,c1,26,0,0,2,0.0
birds-sonnet-S5-r1,c4,40,0,0,5,0.0
birds-sonnet-S5-r2,c1,29,0,1,2,0.0333
birds-sonnet-S5-r2,c4,61,0,0,2,0.0
