judge,code,run_id,task,model,skill,rep,n_slides,n_error_images,pick_rule,contrast,credit,broken_slides,audience,images,titles,economy,layout,action,overall,comment
o1,A,change-opus-S0-r1,change,opus,S0,r1,13,28,True,True,True,1,5,5,5,5,4,5,5,28枚を全数、確信度付きの大きめの画像で「野生のヤギ類で直り、家畜（牛・白いヤギ）で崩れる」と整理し、運用写真の構成で決まるという判断軸と担当別の作業まで示していて最も良い。困る点は、付録の出典表が下端で切れて後半の写真（疑問7枚・付録6枚）の出典が見えず、付録の文字も小さいこと。
o1,B,change-fable-S4-r1,change,fable,S4,r1,10,28,True,True,True,0,5,4,5,5,4,4,4,冒頭の新旧×正誤の表に実例画像を置いて入れ替わりを一目で示し、28枚を全数、群ごとに短い説明付きで見せ、ラベルの合わない7枚を除いた比較まで少ない枚数で進むのが最も良い。困る点は、画像が小さなサムネイルで何が写っているか見づらいことと、「見比べて決めたい」で終わり、判断の基準（運用写真の構成など）や担当が示されないこと。
o1,C,change-fable-S0-r1,change,fable,S0,r1,10,28,True,True,True,0,5,5,5,4,5,4,4,28枚を全数、撮影者名付きの十分な大きさの画像でクラスごとに見せ、切り替えで得る12枚・失う16枚と決める前の確認2点に落としているのが最も良い。困る点は、2行に及ぶ長いタイトルが多く、判断のスライドの後に両方誤り16枚の補足2枚が続いて締まりが弱いこと（推奨や担当別の依頼はない）。
o1,D,change-sonnet-S0-r1,change,sonnet,S0,r1,12,28,True,True,True,0,5,5,5,4,5,5,5,入れ替わった28枚を全数、正解・旧・新の判定付きで傾向ごと（山の野生ヤギが直る／白い家畜ヤギと変わった姿の牛が崩れる／ラベルが怪しい）に見せ、担当別の確認事項と判断の分岐まで示していて最も良い。困る点は、直った12枚を1枚に詰めて画像が小さいことと、但し書き・注記がやや多いこと。
o1,E,change-opus-S4-r1,change,opus,S4,r1,9,28,True,True,True,0,5,4,5,5,4,4,4,新旧×正誤の表に実例を置いた導入から、28枚を全数、群ごとの短い説明付きで見せ、ラベル違い6枚を除くと同点になることまで少ない枚数で示しているのが最も良い。困る点は、画像が小さなサムネイルで見づらく、直った山のヤギ7枚は旧版の答えが見出しにまとめられて一枚ずつは分からないことと、結論が文字3行だけで担当が示されないこと。
o1,F,change-sonnet-S4-r1,change,sonnet,S4,r1,8,28,True,True,True,0,5,4,5,5,4,4,4,タイトルだけで筋が通り、28枚を全数、正解・旧新の答え・写っているもの付きで群ごとに示して、少ない枚数で10分に余裕をもって収まるのが最も良い。困る点は、画像が小さなサムネイルで右側が空いたままのため、どんな画像かを画像そのものから読み取りにくいこと（出典も外部の credits.html 参照のみで、担当別の作業は示されない）。
s1,A,change-opus-S0-r1,change,opus,S0,r1,13,28,True,True,True,0,4,5,5,3,4,5,4,28枚すべてを確信度つきの大きな写真で見せ、家畜と野生種に分けて切り替えの判断基準と、アノテーター・エンジニア別の次の作業まで示した点が最も良い。一方で写真が出るのは4枚目からで、本編が11枚と10分にはやや多く、まとめ系のスライド(9〜11枚目)が3枚続き、2・5・7・10・11枚目は下半分が空く。
s1,B,change-fable-S4-r1,change,fable,S4,r1,10,28,True,True,True,0,5,5,5,4,4,4,4,直った12枚と新たに誤った16枚をすべて「旧→新」の答えと一言つきで見せ、正解ラベルのほうが写真と合わない例まで見分けている点が最も良い。一方で28枚の写真とラベル不一致の説明は10分には重く、後半(7・8枚目)のサムネイルは小さくて脚注も細かい。
s1,C,change-fable-S0-r1,change,fable,S0,r1,10,28,True,True,True,0,4,5,5,4,4,5,4,28枚すべてを大きな写真で見せ、それぞれに「旧→新」の答えと撮影者名を付け、最後に「運用の写真はどちら側に近いか・羊ラベル2枚はそのままでよいか」と確かめる2点まで示した点が最も良い。一方で写真が出るのは4枚目からで、タイトルが2行と長く、撮影者名の文字がごく小さい。
s1,D,change-sonnet-S0-r1,change,sonnet,S0,r1,12,28,True,True,True,0,3,5,4,2,4,5,3,28枚すべてを大きな写真と「正解・旧・新」の○×で見せ、最後にアノテーターとエンジニア別の確認事項つきで「見送り寄り」と提案する点が最も良い。一方で、すでに知っている88%→87%や方式の説明に2枚を使い、符号検定と但し書きだけの1枚も入り、本編10枚は10分を超えそう。
s1,E,change-opus-S4-r1,change,opus,S4,r1,9,28,True,True,True,0,5,5,5,5,4,4,5,28枚をすべて種類ごとにまとめて一言の説明つきで見せ、ラベル違いの6枚を除くと234枚中207枚で同点になる点まで、本編7枚に収めた構成が最も良い。一方で最後の判断スライドは箇条書きだけで写真もなく下半分が空き、次に誰が何をするかの指示が薄い。
s1,F,change-sonnet-S4-r1,change,sonnet,S4,r1,8,28,True,True,True,0,5,5,5,5,4,5,5,本編7枚で28枚すべてを「旧→新」の答えと一言つきで見せ、最後に「牛と農場のヤギが多いなら旧版、岩場のヤギなら新版」という判断の目安と、運用の写真を数える作業まで示した点が最も良い。一方で写真の並びが左2/3に寄って右が空き、サムネイルが小さく、ラベル違いの説明がやや細かい。
