run_id,task,model,skill,rep,followups,num_turns,wall_s,cost_usd,skill_calls,stop_hook_blocks,deck_exists,renders,n_main,n_appendix,over_budget,title_ok_rate,title_len_max,chars_mean,chars_max,chars_max_nocap,bullets_mean,bullets_max,hedges,buzzwords,notes_slides,image_slides,numbers,numbers_to_check
change-fable-S0-r1,change,fable,S0,1,0,35,571,3.412,dataviz,0,True,True,7,2,1,0.71,49.5,181,238,174,1.9,3,0,0,7,5,54,5
change-fable-S4-r1,change,fable,S4,1,0,37,523,4.106,,0,True,True,6,3,0,1.0,31.5,88,126,126,1.5,3,0,0,6,6,45,15
change-opus-S0-r1,change,opus,S0,1,0,53,953,2.103,dataviz,0,True,True,10,2,4,0.7,32.0,143,228,177,1.2,6,0,0,10,5,94,52
change-opus-S4-r1,change,opus,S4,1,0,53,670,2.141,,0,True,True,6,2,0,1.0,28.5,78,132,132,1.0,3,0,0,6,4,26,6
change-sonnet-S0-r1,change,sonnet,S0,1,0,69,581,1.103,,0,True,True,9,2,3,0.89,32.0,202,297,202,1.7,5,0,0,9,4,54,6
change-sonnet-S4-r1,change,sonnet,S4,1,0,47,523,1.527,,0,True,True,6,1,0,1.0,31.0,121,158,158,2.3,3,0,0,6,6,47,5
gate-fable-S0-nat-r1,under,fable,S0,1,0,14,160,1.831,,0,True,True,6,1,0,1.0,31.5,90,184,184,1.5,4,0,0,6,5,25,2
image-fable-S0-r1,image,fable,S0,1,0,30,246,2.874,dataviz,0,True,True,6,1,0,1.0,34.0,178,228,178,0.0,0,0,0,6,5,23,6
image-fable-S0-r2,image,fable,S0,2,0,46,295,3.136,,0,True,True,7,2,1,1.0,31.0,197,310,310,0.4,3,0,0,7,4,28,1
image-fable-S1-r1,image,fable,S1,1,0,42,337,3.93,,0,True,True,6,4,0,1.0,32.0,179,254,125,0.8,3,0,0,6,6,23,5
image-fable-S3-r1,image,fable,S3,1,0,36,267,3.571,,0,True,True,6,2,0,1.0,30.5,118,199,199,2.5,3,0,0,6,5,30,11
image-fable-S3-r2,image,fable,S3,2,0,39,234,3.413,,0,True,True,5,2,0,1.0,32.0,107,154,154,2.4,3,0,0,5,4,34,8
image-fable-S4-r1,image,fable,S4,1,0,47,721,5.352,,0,True,True,6,2,0,1.0,30.5,80,129,129,1.3,3,0,0,6,5,33,10
image-haiku-S3-r0,image,haiku,S3,0,0,58,252,0.444,,0,True,True,4,1,0,1.0,30.5,52,118,118,1.5,3,0,0,4,2,15,1
image-opus-S0-r1,image,opus,S0,1,0,71,520,2.785,dataviz,0,True,True,9,1,3,0.78,44.0,221,397,215,0.4,4,0,0,9,7,34,10
image-opus-S0-r2,image,opus,S0,2,0,106,634,2.756,,0,True,True,9,2,3,0.89,35.0,221,339,191,0.9,6,0,0,9,6,30,9
image-opus-S1-r1,image,opus,S1,1,0,78,522,2.432,,0,True,True,6,6,0,1.0,29.0,113,186,84,1.5,3,0,0,6,5,24,8
image-opus-S3-r1,image,opus,S3,1,0,58,573,2.757,,0,True,True,6,5,0,1.0,27.0,118,203,203,1.8,3,0,0,6,4,30,12
image-opus-S3-r2,image,opus,S3,2,0,49,531,2.483,,0,True,True,5,3,0,1.0,30.0,116,148,148,2.0,3,0,0,5,5,21,5
image-opus-S4-r1,image,opus,S4,1,0,48,665,2.356,,0,True,True,6,2,0,1.0,31.0,78,92,92,0.8,3,0,0,6,6,31,9
image-sonnet-S0-r1,image,sonnet,S0,1,0,122,645,2.056,,0,True,True,12,3,6,0.58,31.0,202,282,282,0.3,4,0,0,12,9,47,17
image-sonnet-S3-r1,image,sonnet,S3,1,0,41,444,1.497,,0,True,True,5,1,0,1.0,31.0,106,135,135,3.0,3,0,0,5,5,42,14
under-opus-S0-r1,under,opus,S0,1,0,47,523,2.347,dataviz,0,True,True,10,3,4,0.7,39.5,127,213,174,1.4,4,0,0,10,7,28,7
