run_id,errors,checked
image-fable-S0-r1,0,確信度0.7以上10枚・上位6枚の選び方・小さく写る5枚の確信度の幅を再計算して一致
image-fable-S0-r2,0,12+8+5=25 と型ごとの枚数の合計28を確認
image-fable-S1-r1,0,確信度0.8以上8枚・43%・残り16枚・12枚の確信度の表示を確認
image-fable-S3-r1,0,残り16枚が8組でどの組も3枚以下・12+6+10=28 を確認
image-fable-S3-r2,0,確信度0.8以上8枚・2番目の候補がヤギ7枚・35=23+12 を確認
image-opus-S0-r1,0,確信度0.8以上8枚・家畜の取り違え3枚が確信度0.6未満・12+9+4+3=28 を確認
image-opus-S0-r2,0,数値はセルで計算（2位との差0.15未満の枚数など）。13+7+3+5=28 を確認
image-opus-S1-r1,0,43%・11+9+6 の内訳と 13+9+6=28 を確認。ヤギの正解率 57.5% を 57% と表示（丸めの範囲）
image-opus-S3-r1,0,review.csv から再計算: 野生13枚中11枚が0.7以上・中央値0.85・野生種22枚中15枚誤り・家畜17枚中2枚誤り・遠く小さい5枚が0.72未満
image-opus-S3-r2,0,鹿と判定14枚=12+2・8+13+7=28・15+7+1=23 を確認
image-sonnet-S0-r1,0,羊87.5%・牛92.5%・17/28・2位との差0.03/0.05/0.03・鹿0.79とヤギ0.17・16+6+6=28 を確認
image-sonnet-S3-r1,0,他の5クラスは35枚以上・7枚は25%・題名の7枚（正規表現どおり）・12+9+7=28 を確認
image-haiku-S3-r0,0,12%・43%・57%・羊→牛3枚を確認（数値は合う。画像の説明の誤りは別表）
gate-fable-S0-nat-r1,0,0.9以上の誤り5件の内訳（ヤギ→鹿4・羊→鹿1）・0.7未満は38枚中14枚を再計算して一致
under-opus-S0-r1,0,0.8以上の誤り10件うち野生9件・正解で0.8未満30件・野生14件中13件が鹿・小さい4件とも牛を再計算して一致
change-fable-S0-r1,0,差4枚・両方正解196枚・ラベルを替えると210枚ずつ・羊になった5枚のうち白いヤギ4枚を確認
change-fable-S4-r1,0,ラベル違い7枚を除くと直り11・新たな誤り10・牛は直り0で誤り4を確認。3枚目のタイトルは10枚の内訳をヤギ5・牛4とだけ書き、羊1を省いている（数値の誤りではない）
change-opus-S0-r1,0,直り12=野生7+家畜4+疑問1・新たな誤り16=家畜7+野生3+疑問6の内訳と、画像ごとの確信度を確認
change-opus-S4-r1,0,ラベル違い6枚を除くと新旧とも234枚中207枚（88.5%）を再計算して一致
change-sonnet-S0-r1,0,符号検定の57%と3%（牛0対6）を再計算して一致。見本60枚・差-4枚を確認
change-sonnet-S4-r1,0,両方正解196・両方誤り16・牛6とヤギ5・ラベルを直すと直り11と新たな誤り13を確認
image-fable-S4-r1,0,notes.csv から再計算: 家畜17枚は鹿0・野生種15枚中10枚が鹿・題が別の動物を指す8枚
image-opus-S4-r1,0,review.csv から再計算: 家畜のヤギ19枚中16枚正解・野生のヤギ16枚中11枚が鹿
