id,classes,ambiguous,note
75798b9525b6d72c,,,カツオドリの群れ（6種のどれも写らない）
77342c4f2ac0f91b,ハクチョウ,カモ,ハクチョウ4羽。奥の小さな黒い鳥は種を決めきれない（カモかは不明）
a292025d2530ca80,ハクチョウ,,黒いハクチョウとひな
64e48b07e9a2add5,ガン,,カナダガン
54b37811bb5e40ad,ガン,,カナダガン
ea3604d122a4e6b8,カモ,,アメリカヒドリの雄
895dbfa06f80d04b,ハクチョウ,,黒いハクチョウ
679a5e597d44671f,ガン,,カナダガン
e8fbe13cc8504f51,ガン,,カナダガン2羽
33ae590a0d97b084,ガン,,カナダガン2羽
a5536024ebd69580,ハクチョウ,,黒いハクチョウ
aca6645d590aa23f,ガン,,ハイイロガン系3羽
d21534a1cca6ec2d,カモ,,ベニバシガモの雄（題名 Rosy-billed Pochard）。奥に雌とみられる鳥、上端で切れた鳥
e6f42985d808d61b,ハクチョウ,,黒いハクチョウ2羽
8c9b3a301f8b5d42,,ガン,夕空を飛ぶ4羽の影。種を決めきれない
2c7cee4d9b67df03,,,ハトの群れ
19e26aee9ea93c39,,,カモメの群れ
a421bd70e3bc83b0,カモ,,主役はコサギ。後ろにマガモの雄が飛ぶ
cbe005c8b3e5730e,ハクチョウ,,ハクチョウ3羽
c0e238dad14e2833,,,ズグロトサカゲリ類
fbe34f827ba64b67,ハクチョウ,,テレビ画面のハクチョウ
9856bd4e230ed3d8,ハクチョウ;カモ,,黒いハクチョウ、マガモ、ハト
cb6d8783a3617620,,,バン2羽
90988bc54d845592,ハクチョウ,,黒いハクチョウ
63321f1973f5cce9,ハクチョウ,,ハクチョウ2羽
7c5a386015a1cf89,カモ,,マガモの雄
818e6f19db055919,カモ,カモ,杭の上で羽づくろいする黒っぽい鳥（頭が隠れる）。カモとみられるが決めきれないとしても可
6c403fe46bccb17e,ハクチョウ,,飛び立つハクチョウ2羽
cfae99f4ad4dfd04,,,アオサギ
ab56f23fa316ad56,カモ,,マガモの雌
77bfbbef28ac344c,カモ,,オシドリの雄
e9b707f0234531df,カモ,カモ,リュウキュウガモ類の群れ（決めきれないとしても可）
cf5d6bc1ade7ff18,カモ,カモ,カモの頭のアップ（決めきれないとしても可）
79220d3b1f196fcd,,ガン;カモ;ハクチョウ,ペリカン2羽。右端に切れた物（種を決めきれない）
65e297831c751675,ハクチョウ,,黒いハクチョウ（白黒写真）
dd00d4ae604259d9,カモ,,マガモ
bfdb4c1235db8a5f,,,オオバン
c30fbf9fe5fd93df,ガン,,ハクガン2羽（題名 Snow Goose）
3eaf885ee61c3999,カモ;ハクチョウ,,カモの群れと、右下にハクチョウ1羽
eb1b1ae30dfe0859,ハクチョウ;カモ,カモ,黒いハクチョウ2羽。奥に小さくカモが3羽ほど（拡大で見つけた。書かなくても誤りにしない）
62439d385f495f5f,ハクチョウ,,黒いハクチョウ
1cfc18d13e57ce38,ハクチョウ,,黒いハクチョウ
768b6f700c9b6f72,ハクチョウ,,黒いハクチョウ
564baccf777e1ec7,ハクチョウ,,黒いハクチョウ
a0c526719a3f9b0f,ハクチョウ,,黒いハクチョウ
0ea78a8ea4e50ab1,ハクチョウ,,黒いハクチョウ
64333d483e03c680,カモ,ハクチョウ,白黒写真のカモ。奥のぼけた白い鳥は種を決めきれない
8c34199588023f39,ハクチョウ,,黒いハクチョウ
498ae254e1ce2c98,,,オオバン
8f70ee9ebc91fad6,ハクチョウ,,黒いハクチョウ2羽
e622d2cf834e64dd,ハクチョウ,,黒いハクチョウ
